Patients who have waited 12+ hrs from DTA to admission,Emergency admissions via A&E - Type 1,Emergency admissions via A&E - Type 2,Emergency admissions via A&E - Other A&E department,Other emergency admissions,Month,Year,Month
0,3253,0,0,798,4/1/2018,2018,Apr
0,1105,0,0,809,4/1/2018,2018,Apr
0,1048,0,0,277,4/1/2018,2018,Apr
0,0,0,0,0,4/1/2018,2018,Apr
0,1942,0,8,198,4/1/2018,2018,Apr
0,0,0,0,0,4/1/2018,2018,Apr
0,0,0,0,0,4/1/2018,2018,Apr
0,0,0,0,0,4/1/2018,2018,Apr
0,0,0,0,0,4/1/2018,2018,Apr
10,4943,0,0,66,4/1/2018,2018,Apr
0,2071,0,0,576,4/1/2018,2018,Apr
1,7480,0,0,1731,4/1/2018,2018,Apr
0,3071,0,0,235,4/1/2018,2018,Apr
0,0,0,0,0,4/1/2018,2018,Apr
0,1965,0,0,256,4/1/2018,2018,Apr
0,0,0,0,0,4/1/2018,2018,Apr
0,0,0,0,0,4/1/2018,2018,Apr
0,0,0,0,0,4/1/2018,2018,Apr
0,1014,0,0,128,4/1/2018,2018,Apr
9,2282,0,0,958,4/1/2018,2018,Apr
3,2234,0,33,771,4/1/2018,2018,Apr
0,0,0,0,0,4/1/2018,2018,Apr
0,3594,0,0,1213,4/1/2018,2018,Apr
0,0,0,0,0,4/1/2018,2018,Apr
0,0,0,0,0,4/1/2018,2018,Apr
0,0,0,0,0,4/1/2018,2018,Apr
5,3372,17,0,375,4/1/2018,2018,Apr
0,0,0,0,0,4/1/2018,2018,Apr
0,0,0,0,0,4/1/2018,2018,Apr
0,2913,766,0,690,4/1/2018,2018,Apr
0,1790,0,1,627,4/1/2018,2018,Apr
0,2939,0,0,1378,4/1/2018,2018,Apr
0,2999,0,18,530,4/1/2018,2018,Apr
0,0,0,0,0,4/1/2018,2018,Apr
0,3689,0,0,120,4/1/2018,2018,Apr
0,1883,0,0,926,4/1/2018,2018,Apr
0,2892,34,0,693,4/1/2018,2018,Apr
0,0,0,0,0,4/1/2018,2018,Apr
0,0,0,0,0,4/1/2018,2018,Apr
0,2398,0,0,918,4/1/2018,2018,Apr
0,0,0,0,0,4/1/2018,2018,Apr
0,0,0,4,29,4/1/2018,2018,Apr
0,1849,0,0,597,4/1/2018,2018,Apr
0,3575,0,0,1632,4/1/2018,2018,Apr
0,0,0,14,51,4/1/2018,2018,Apr
1,1821,0,0,276,4/1/2018,2018,Apr
0,2754,0,0,224,4/1/2018,2018,Apr
3,3290,0,134,1249,4/1/2018,2018,Apr
0,0,0,0,0,4/1/2018,2018,Apr
0,0,0,0,0,4/1/2018,2018,Apr
0,3304,0,455,1120,4/1/2018,2018,Apr
0,1238,0,0,330,4/1/2018,2018,Apr
0,0,0,9,14,4/1/2018,2018,Apr
0,0,0,0,0,4/1/2018,2018,Apr
0,0,0,0,0,4/1/2018,2018,Apr
0,2798,0,0,857,4/1/2018,2018,Apr
0,0,0,0,0,4/1/2018,2018,Apr
1,954,0,0,311,4/1/2018,2018,Apr
1,4227,0,352,1392,4/1/2018,2018,Apr
18,3111,0,28,1405,4/1/2018,2018,Apr
0,0,0,0,0,4/1/2018,2018,Apr
0,3033,0,0,765,4/1/2018,2018,Apr
0,0,0,0,0,4/1/2018,2018,Apr
0,0,0,0,0,4/1/2018,2018,Apr
0,3253,9,0,127,4/1/2018,2018,Apr
0,0,0,0,0,4/1/2018,2018,Apr
0,0,0,0,0,4/1/2018,2018,Apr
0,0,0,0,0,4/1/2018,2018,Apr
0,6215,0,0,1244,4/1/2018,2018,Apr
0,0,0,0,0,4/1/2018,2018,Apr
0,1560,0,0,374,4/1/2018,2018,Apr
51,1067,0,0,48,4/1/2018,2018,Apr
0,0,0,1,51,4/1/2018,2018,Apr
0,3717,0,0,830,4/1/2018,2018,Apr
0,0,0,0,0,4/1/2018,2018,Apr
0,2168,0,0,1531,4/1/2018,2018,Apr
0,3202,0,0,724,4/1/2018,2018,Apr
0,2307,0,0,1237,4/1/2018,2018,Apr
0,0,0,0,0,4/1/2018,2018,Apr
0,831,0,0,411,4/1/2018,2018,Apr
0,0,0,0,0,4/1/2018,2018,Apr
0,0,0,0,0,4/1/2018,2018,Apr
0,0,0,0,0,4/1/2018,2018,Apr
0,6497,0,1220,2188,4/1/2018,2018,Apr
0,0,0,0,0,4/1/2018,2018,Apr
0,1607,0,0,200,4/1/2018,2018,Apr
0,0,0,0,0,4/1/2018,2018,Apr
0,0,0,0,0,4/1/2018,2018,Apr
0,3102,0,0,1335,4/1/2018,2018,Apr
0,0,0,0,0,4/1/2018,2018,Apr
6,3053,3,0,1068,4/1/2018,2018,Apr
0,1841,0,157,796,4/1/2018,2018,Apr
0,867,0,0,104,4/1/2018,2018,Apr
0,1387,0,0,474,4/1/2018,2018,Apr
0,0,0,0,0,4/1/2018,2018,Apr
0,2541,0,0,460,4/1/2018,2018,Apr
24,4212,0,0,352,4/1/2018,2018,Apr
0,0,0,0,0,4/1/2018,2018,Apr
0,2160,0,0,562,4/1/2018,2018,Apr
24,2007,0,406,1569,4/1/2018,2018,Apr
0,0,0,0,0,4/1/2018,2018,Apr
0,4954,0,0,1464,4/1/2018,2018,Apr
0,4457,0,0,284,4/1/2018,2018,Apr
0,0,0,3,2,4/1/2018,2018,Apr
0,0,0,0,0,4/1/2018,2018,Apr
0,0,0,0,303,4/1/2018,2018,Apr
0,0,100,0,35,4/1/2018,2018,Apr
1,5620,0,0,732,4/1/2018,2018,Apr
0,0,0,0,0,4/1/2018,2018,Apr
0,2656,0,0,1202,4/1/2018,2018,Apr
0,3913,0,0,348,4/1/2018,2018,Apr
0,6110,175,170,1149,4/1/2018,2018,Apr
0,0,0,0,0,4/1/2018,2018,Apr
0,0,0,0,0,4/1/2018,2018,Apr
1,2276,0,0,922,4/1/2018,2018,Apr
0,0,0,0,0,4/1/2018,2018,Apr
0,0,0,0,200,4/1/2018,2018,Apr
0,2077,0,0,898,4/1/2018,2018,Apr
1,2113,0,0,790,4/1/2018,2018,Apr
0,3867,0,135,1000,4/1/2018,2018,Apr
0,1573,0,0,1080,4/1/2018,2018,Apr
0,0,0,0,0,4/1/2018,2018,Apr
0,0,19,0,191,4/1/2018,2018,Apr
0,0,0,0,0,4/1/2018,2018,Apr
0,2820,0,0,1911,4/1/2018,2018,Apr
0,2536,0,0,1659,4/1/2018,2018,Apr
0,2023,0,0,916,4/1/2018,2018,Apr
0,0,0,0,0,4/1/2018,2018,Apr
0,2416,0,0,313,4/1/2018,2018,Apr
0,1514,0,643,2140,4/1/2018,2018,Apr
0,3494,0,1,987,4/1/2018,2018,Apr
0,0,0,0,0,4/1/2018,2018,Apr
0,2520,0,0,973,4/1/2018,2018,Apr
0,1043,0,0,575,4/1/2018,2018,Apr
0,0,0,0,0,4/1/2018,2018,Apr
0,2796,0,0,474,4/1/2018,2018,Apr
0,3947,0,27,691,4/1/2018,2018,Apr
0,0,0,0,0,4/1/2018,2018,Apr
0,3970,0,0,2738,4/1/2018,2018,Apr
0,0,0,0,0,4/1/2018,2018,Apr
0,0,0,0,0,4/1/2018,2018,Apr
0,0,0,0,0,4/1/2018,2018,Apr
0,0,0,0,0,4/1/2018,2018,Apr
0,3003,82,23,3220,4/1/2018,2018,Apr
0,0,0,0,0,4/1/2018,2018,Apr
0,0,0,0,0,4/1/2018,2018,Apr
0,0,0,0,0,4/1/2018,2018,Apr
1,6445,0,138,1499,4/1/2018,2018,Apr
0,0,0,0,0,4/1/2018,2018,Apr
0,1692,0,0,1379,4/1/2018,2018,Apr
0,3317,2,2,1415,4/1/2018,2018,Apr
0,0,0,0,0,4/1/2018,2018,Apr
0,0,0,33,409,4/1/2018,2018,Apr
0,0,0,0,0,4/1/2018,2018,Apr
0,2913,0,0,442,4/1/2018,2018,Apr
0,0,0,0,291,4/1/2018,2018,Apr
0,2685,0,33,1036,4/1/2018,2018,Apr
0,1878,0,0,1453,4/1/2018,2018,Apr
0,4073,0,0,570,4/1/2018,2018,Apr
0,2501,48,0,961,4/1/2018,2018,Apr
0,0,0,0,14,4/1/2018,2018,Apr
0,2267,0,6,328,4/1/2018,2018,Apr
0,2501,0,33,960,4/1/2018,2018,Apr
0,2646,0,0,421,4/1/2018,2018,Apr
0,1195,0,0,671,4/1/2018,2018,Apr
0,0,0,0,0,4/1/2018,2018,Apr
0,3231,32,0,511,4/1/2018,2018,Apr
0,624,0,0,323,4/1/2018,2018,Apr
0,2770,0,0,2881,4/1/2018,2018,Apr
0,2599,0,12,341,4/1/2018,2018,Apr
0,2291,0,56,2134,4/1/2018,2018,Apr
0,0,0,0,23,4/1/2018,2018,Apr
0,0,0,0,0,4/1/2018,2018,Apr
0,0,0,0,0,4/1/2018,2018,Apr
0,0,0,0,28,4/1/2018,2018,Apr
0,0,0,0,0,4/1/2018,2018,Apr
0,2331,0,8,2353,4/1/2018,2018,Apr
0,1214,0,0,10,4/1/2018,2018,Apr
0,1717,0,0,244,4/1/2018,2018,Apr
0,0,0,0,111,4/1/2018,2018,Apr
0,0,0,0,0,4/1/2018,2018,Apr
0,0,0,0,0,4/1/2018,2018,Apr
0,2510,0,0,1021,4/1/2018,2018,Apr
0,0,0,4,190,4/1/2018,2018,Apr
2,1788,0,0,54,4/1/2018,2018,Apr
0,0,0,0,0,4/1/2018,2018,Apr
1,3767,0,0,736,4/1/2018,2018,Apr
0,3873,0,0,533,4/1/2018,2018,Apr
0,0,0,0,0,4/1/2018,2018,Apr
7,2511,0,0,865,4/1/2018,2018,Apr
0,0,0,0,0,4/1/2018,2018,Apr
0,2274,0,0,671,4/1/2018,2018,Apr
0,0,0,3,0,4/1/2018,2018,Apr
0,1736,0,0,413,4/1/2018,2018,Apr
0,2156,0,0,1293,4/1/2018,2018,Apr
0,0,0,0,0,4/1/2018,2018,Apr
0,0,0,0,0,4/1/2018,2018,Apr
0,0,0,0,488,4/1/2018,2018,Apr
0,1935,0,0,819,4/1/2018,2018,Apr
2,1878,0,0,113,4/1/2018,2018,Apr
0,0,0,0,0,4/1/2018,2018,Apr
0,2225,8,7,2609,4/1/2018,2018,Apr
0,0,0,0,0,4/1/2018,2018,Apr
99,1768,0,0,554,4/1/2018,2018,Apr
0,2140,0,0,724,4/1/2018,2018,Apr
0,0,0,0,0,4/1/2018,2018,Apr
0,0,0,0,17,4/1/2018,2018,Apr
1,1472,0,0,402,4/1/2018,2018,Apr
0,1954,4,0,1171,4/1/2018,2018,Apr
0,2544,0,0,934,4/1/2018,2018,Apr
0,0,0,0,182,4/1/2018,2018,Apr
0,0,0,0,0,4/1/2018,2018,Apr
0,0,0,0,0,4/1/2018,2018,Apr
1,2528,0,0,601,4/1/2018,2018,Apr
0,3503,0,0,1085,4/1/2018,2018,Apr
0,1909,0,0,719,4/1/2018,2018,Apr
1,2915,7,6,1857,4/1/2018,2018,Apr
0,3842,0,0,1325,4/1/2018,2018,Apr
0,2985,9,0,838,4/1/2018,2018,Apr
0,4007,93,1,416,4/1/2018,2018,Apr
0,4226,10,0,3995,4/1/2018,2018,Apr
22,1985,0,106,1031,4/1/2018,2018,Apr
2,5035,0,0,2492,4/1/2018,2018,Apr
0,2888,0,0,2133,4/1/2018,2018,Apr
0,0,0,0,0,4/1/2018,2018,Apr
0,0,0,0,0,4/1/2018,2018,Apr
0,1947,0,0,635,4/1/2018,2018,Apr
0,0,0,0,5,4/1/2018,2018,Apr
0,2197,0,0,409,4/1/2018,2018,Apr
0,2753,0,0,543,4/1/2018,2018,Apr
0,2113,0,0,747,4/1/2018,2018,Apr
0,3555,0,0,1349,4/1/2018,2018,Apr
0,1016,0,0,140,4/1/2018,2018,Apr
0,0,0,0,0,4/1/2018,2018,Apr
0,1403,0,0,93,4/1/2018,2018,Apr
0,0,0,0,0,4/1/2018,2018,Apr
0,0,0,0,0,4/1/2018,2018,Apr
0,2404,0,0,1768,4/1/2018,2018,Apr
0,0,0,0,0,4/1/2018,2018,Apr
0,0,0,0,0,4/1/2018,2018,Apr
44,2963,0,0,775,4/1/2018,2018,Apr
0,0,0,0,0,4/1/2018,2018,Apr
0,2284,0,0,481,4/1/2018,2018,Apr
0,1298,0,0,214,4/1/2018,2018,Apr
0,0,0,0,0,4/1/2018,2018,Apr
0,1292,0,0,305,4/1/2018,2018,Apr
13,3550,0,0,1583,4/1/2018,2018,Apr
0,3552,0,0,858,8/1/2018,2018,Aug
0,1388,0,0,948,8/1/2018,2018,Aug
0,857,0,0,277,8/1/2018,2018,Aug
0,2248,0,25,202,8/1/2018,2018,Aug
0,0,0,0,0,8/1/2018,2018,Aug
0,0,0,0,0,8/1/2018,2018,Aug
0,0,0,0,0,8/1/2018,2018,Aug
0,0,0,0,0,8/1/2018,2018,Aug
0,4989,0,0,67,8/1/2018,2018,Aug
0,2155,0,0,612,8/1/2018,2018,Aug
1,7715,0,0,1793,8/1/2018,2018,Aug
0,3318,0,0,263,8/1/2018,2018,Aug
0,0,0,0,0,8/1/2018,2018,Aug
0,1908,0,0,237,8/1/2018,2018,Aug
0,0,0,0,0,8/1/2018,2018,Aug
0,0,0,0,0,8/1/2018,2018,Aug
0,0,0,0,0,8/1/2018,2018,Aug
0,870,0,0,266,8/1/2018,2018,Aug
34,2344,0,0,800,8/1/2018,2018,Aug
0,2075,0,30,640,8/1/2018,2018,Aug
0,0,0,0,0,8/1/2018,2018,Aug
0,3440,0,111,1118,8/1/2018,2018,Aug
0,0,0,0,0,8/1/2018,2018,Aug
0,0,0,0,0,8/1/2018,2018,Aug
0,3379,28,0,414,8/1/2018,2018,Aug
0,0,0,0,0,8/1/2018,2018,Aug
0,0,0,0,0,8/1/2018,2018,Aug
0,3028,843,0,745,8/1/2018,2018,Aug
0,2842,0,0,1315,8/1/2018,2018,Aug
0,3373,0,19,596,8/1/2018,2018,Aug
0,0,0,0,0,8/1/2018,2018,Aug
0,3809,0,0,255,8/1/2018,2018,Aug
0,2075,0,0,910,8/1/2018,2018,Aug
0,2835,39,0,756,8/1/2018,2018,Aug
0,0,0,0,0,8/1/2018,2018,Aug
0,0,0,0,0,8/1/2018,2018,Aug
0,0,0,0,0,8/1/2018,2018,Aug
0,0,0,0,18,8/1/2018,2018,Aug
0,1800,0,0,649,8/1/2018,2018,Aug
0,3517,0,0,1530,8/1/2018,2018,Aug
0,0,0,12,76,8/1/2018,2018,Aug
0,1924,0,0,272,8/1/2018,2018,Aug
0,2527,0,0,217,8/1/2018,2018,Aug
0,0,0,0,0,8/1/2018,2018,Aug
0,0,0,0,0,8/1/2018,2018,Aug
0,3294,0,349,1047,8/1/2018,2018,Aug
0,1497,0,0,344,8/1/2018,2018,Aug
0,0,0,9,28,8/1/2018,2018,Aug
0,0,0,0,0,8/1/2018,2018,Aug
0,0,0,0,0,8/1/2018,2018,Aug
0,2889,0,0,896,8/1/2018,2018,Aug
0,0,0,0,0,8/1/2018,2018,Aug
0,918,0,0,252,8/1/2018,2018,Aug
0,4316,0,425,1357,8/1/2018,2018,Aug
36,3129,0,30,1256,8/1/2018,2018,Aug
0,0,0,0,0,8/1/2018,2018,Aug
0,4590,0,162,1658,8/1/2018,2018,Aug
0,3264,0,0,876,8/1/2018,2018,Aug
0,0,0,0,0,8/1/2018,2018,Aug
0,0,0,0,0,8/1/2018,2018,Aug
0,3329,5,0,161,8/1/2018,2018,Aug
0,0,0,0,0,8/1/2018,2018,Aug
0,0,0,0,0,8/1/2018,2018,Aug
0,0,0,0,0,8/1/2018,2018,Aug
0,6321,0,0,1351,8/1/2018,2018,Aug
0,0,0,0,0,8/1/2018,2018,Aug
0,1774,0,0,356,8/1/2018,2018,Aug
0,1326,0,0,67,8/1/2018,2018,Aug
0,0,0,1,39,8/1/2018,2018,Aug
0,3825,0,0,700,8/1/2018,2018,Aug
0,0,0,0,0,8/1/2018,2018,Aug
2,2163,0,0,1306,8/1/2018,2018,Aug
0,3398,0,0,720,8/1/2018,2018,Aug
1,2504,0,0,1261,8/1/2018,2018,Aug
0,0,0,0,0,8/1/2018,2018,Aug
0,977,0,0,466,8/1/2018,2018,Aug
0,0,0,0,0,8/1/2018,2018,Aug
0,0,0,0,0,8/1/2018,2018,Aug
0,0,0,0,0,8/1/2018,2018,Aug
0,0,0,0,0,8/1/2018,2018,Aug
1,1566,0,0,199,8/1/2018,2018,Aug
0,0,0,0,0,8/1/2018,2018,Aug
0,2848,0,0,1377,8/1/2018,2018,Aug
0,0,0,0,0,8/1/2018,2018,Aug
4,3263,12,0,1164,8/1/2018,2018,Aug
0,882,0,0,102,8/1/2018,2018,Aug
0,1419,0,0,509,8/1/2018,2018,Aug
0,0,0,0,0,8/1/2018,2018,Aug
0,2596,0,0,421,8/1/2018,2018,Aug
29,4384,0,0,421,8/1/2018,2018,Aug
0,0,0,0,0,8/1/2018,2018,Aug
0,2061,0,0,571,8/1/2018,2018,Aug
7,2063,0,409,1349,8/1/2018,2018,Aug
0,0,0,0,0,8/1/2018,2018,Aug
0,5039,0,0,1509,8/1/2018,2018,Aug
0,4306,0,0,418,8/1/2018,2018,Aug
0,0,0,0,2,8/1/2018,2018,Aug
0,0,0,0,0,8/1/2018,2018,Aug
0,0,0,0,241,8/1/2018,2018,Aug
0,0,98,0,43,8/1/2018,2018,Aug
0,5891,0,0,765,8/1/2018,2018,Aug
0,0,0,0,0,8/1/2018,2018,Aug
0,2754,0,0,1032,8/1/2018,2018,Aug
0,4255,0,0,427,8/1/2018,2018,Aug
0,6615,189,152,1273,8/1/2018,2018,Aug
0,0,0,0,0,8/1/2018,2018,Aug
0,0,0,0,0,8/1/2018,2018,Aug
10,2038,0,0,1088,8/1/2018,2018,Aug
0,0,0,0,0,8/1/2018,2018,Aug
0,0,0,0,132,8/1/2018,2018,Aug
0,2422,0,0,713,8/1/2018,2018,Aug
0,2402,0,0,838,8/1/2018,2018,Aug
0,3894,0,169,928,8/1/2018,2018,Aug
0,1802,0,0,623,8/1/2018,2018,Aug
0,0,0,0,0,8/1/2018,2018,Aug
0,0,10,0,218,8/1/2018,2018,Aug
0,0,0,0,0,8/1/2018,2018,Aug
4,2842,0,0,2062,8/1/2018,2018,Aug
0,3000,0,0,1709,8/1/2018,2018,Aug
0,2063,0,0,818,8/1/2018,2018,Aug
0,0,0,0,0,8/1/2018,2018,Aug
0,2475,0,0,254,8/1/2018,2018,Aug
0,1462,0,656,2072,8/1/2018,2018,Aug
0,3583,0,0,869,8/1/2018,2018,Aug
0,0,0,0,0,8/1/2018,2018,Aug
0,2988,0,0,958,8/1/2018,2018,Aug
0,1199,0,0,634,8/1/2018,2018,Aug
0,0,0,0,0,8/1/2018,2018,Aug
0,2962,0,0,546,8/1/2018,2018,Aug
0,4218,0,29,637,8/1/2018,2018,Aug
0,0,0,0,0,8/1/2018,2018,Aug
0,0,0,0,0,8/1/2018,2018,Aug
0,3837,0,0,2933,8/1/2018,2018,Aug
0,0,0,0,0,8/1/2018,2018,Aug
0,0,0,0,0,8/1/2018,2018,Aug
0,0,0,0,0,8/1/2018,2018,Aug
0,0,0,0,0,8/1/2018,2018,Aug
0,0,0,0,0,8/1/2018,2018,Aug
0,3064,74,38,3237,8/1/2018,2018,Aug
0,0,0,0,0,8/1/2018,2018,Aug
0,0,0,0,0,8/1/2018,2018,Aug
0,0,0,0,0,8/1/2018,2018,Aug
2,6201,0,147,1470,8/1/2018,2018,Aug
0,0,0,0,0,8/1/2018,2018,Aug
0,1767,0,0,1286,8/1/2018,2018,Aug
0,3392,0,3,1413,8/1/2018,2018,Aug
0,0,0,0,0,8/1/2018,2018,Aug
0,0,0,27,401,8/1/2018,2018,Aug
0,0,0,0,0,8/1/2018,2018,Aug
0,2882,1,0,574,8/1/2018,2018,Aug
0,0,0,0,326,8/1/2018,2018,Aug
0,2830,0,31,1054,8/1/2018,2018,Aug
4,1906,0,0,1521,8/1/2018,2018,Aug
0,4324,0,0,705,8/1/2018,2018,Aug
0,2568,32,0,1026,8/1/2018,2018,Aug
0,0,0,0,29,8/1/2018,2018,Aug
0,2231,0,0,344,8/1/2018,2018,Aug
0,2564,0,26,992,8/1/2018,2018,Aug
0,2678,0,0,456,8/1/2018,2018,Aug
0,1247,0,0,706,8/1/2018,2018,Aug
0,0,0,0,0,8/1/2018,2018,Aug
0,3151,30,0,564,8/1/2018,2018,Aug
0,0,0,0,0,8/1/2018,2018,Aug
0,430,0,0,279,8/1/2018,2018,Aug
0,2943,0,0,2741,8/1/2018,2018,Aug
1,2747,0,11,356,8/1/2018,2018,Aug
0,2472,0,45,2200,8/1/2018,2018,Aug
0,0,0,0,35,8/1/2018,2018,Aug
0,0,0,0,0,8/1/2018,2018,Aug
0,0,0,0,0,8/1/2018,2018,Aug
0,0,0,0,37,8/1/2018,2018,Aug
0,0,0,0,0,8/1/2018,2018,Aug
0,2323,0,10,2229,8/1/2018,2018,Aug
0,1166,0,0,28,8/1/2018,2018,Aug
0,1720,0,0,262,8/1/2018,2018,Aug
0,0,0,0,126,8/1/2018,2018,Aug
0,0,0,0,0,8/1/2018,2018,Aug
0,0,0,0,0,8/1/2018,2018,Aug
0,2134,0,258,1142,8/1/2018,2018,Aug
0,0,0,5,182,8/1/2018,2018,Aug
0,2321,0,0,76,8/1/2018,2018,Aug
0,3870,0,0,782,8/1/2018,2018,Aug
0,4370,0,0,443,8/1/2018,2018,Aug
0,0,0,0,0,8/1/2018,2018,Aug
1,2695,0,0,846,8/1/2018,2018,Aug
0,0,0,0,0,8/1/2018,2018,Aug
0,2511,0,0,723,8/1/2018,2018,Aug
1,0,0,1,0,8/1/2018,2018,Aug
0,1713,0,0,357,8/1/2018,2018,Aug
0,2189,0,0,1309,8/1/2018,2018,Aug
0,0,0,0,0,8/1/2018,2018,Aug
0,0,0,0,489,8/1/2018,2018,Aug
0,2298,0,0,905,8/1/2018,2018,Aug
0,1875,0,0,126,8/1/2018,2018,Aug
0,0,0,0,0,8/1/2018,2018,Aug
0,2327,15,5,2174,8/1/2018,2018,Aug
0,0,0,0,0,8/1/2018,2018,Aug
0,2191,0,0,594,8/1/2018,2018,Aug
1,2211,0,0,777,8/1/2018,2018,Aug
0,0,0,0,0,8/1/2018,2018,Aug
0,0,0,0,21,8/1/2018,2018,Aug
0,1499,0,0,538,8/1/2018,2018,Aug
0,1966,5,0,1297,8/1/2018,2018,Aug
2,2592,0,0,1022,8/1/2018,2018,Aug
0,0,0,0,166,8/1/2018,2018,Aug
0,0,0,0,0,8/1/2018,2018,Aug
0,0,0,0,0,8/1/2018,2018,Aug
0,2670,0,0,628,8/1/2018,2018,Aug
0,3711,0,0,1021,8/1/2018,2018,Aug
0,1893,0,0,927,8/1/2018,2018,Aug
1,3027,12,8,1795,8/1/2018,2018,Aug
0,10519,0,1227,3658,8/1/2018,2018,Aug
0,2805,12,0,937,8/1/2018,2018,Aug
0,4067,83,3,678,8/1/2018,2018,Aug
2,5164,0,156,1815,8/1/2018,2018,Aug
0,4543,20,0,3276,8/1/2018,2018,Aug
8,2028,0,114,1048,8/1/2018,2018,Aug
0,5663,0,0,2617,8/1/2018,2018,Aug
0,2934,0,0,2100,8/1/2018,2018,Aug
0,0,0,0,0,8/1/2018,2018,Aug
0,2020,0,0,681,8/1/2018,2018,Aug
0,0,0,0,16,8/1/2018,2018,Aug
0,2402,0,0,386,8/1/2018,2018,Aug
0,2843,0,0,633,8/1/2018,2018,Aug
0,1867,0,0,821,8/1/2018,2018,Aug
0,3714,0,0,1378,8/1/2018,2018,Aug
0,1171,0,0,111,8/1/2018,2018,Aug
0,0,0,0,0,8/1/2018,2018,Aug
0,1320,0,0,128,8/1/2018,2018,Aug
0,0,0,0,0,8/1/2018,2018,Aug
0,0,0,0,0,8/1/2018,2018,Aug
0,2522,0,0,1847,8/1/2018,2018,Aug
0,0,0,0,0,8/1/2018,2018,Aug
10,3093,0,0,944,8/1/2018,2018,Aug
0,0,0,0,0,8/1/2018,2018,Aug
0,2496,0,0,442,8/1/2018,2018,Aug
0,1327,0,0,248,8/1/2018,2018,Aug
0,0,0,0,0,8/1/2018,2018,Aug
0,1331,0,0,407,8/1/2018,2018,Aug
0,3754,0,0,1487,8/1/2018,2018,Aug
0,3714,0,0,888,12/1/2018,2018,Dec
0,1553,0,0,791,12/1/2018,2018,Dec
0,1129,0,0,259,12/1/2018,2018,Dec
0,2167,0,0,225,12/1/2018,2018,Dec
0,0,0,0,0,12/1/2018,2018,Dec
0,0,0,0,0,12/1/2018,2018,Dec
0,0,0,0,0,12/1/2018,2018,Dec
0,0,0,0,0,12/1/2018,2018,Dec
0,4814,0,0,201,12/1/2018,2018,Dec
0,2492,0,0,554,12/1/2018,2018,Dec
0,8291,0,0,1609,12/1/2018,2018,Dec
0,3399,0,0,259,12/1/2018,2018,Dec
0,0,0,0,0,12/1/2018,2018,Dec
0,2101,0,0,259,12/1/2018,2018,Dec
0,0,0,0,0,12/1/2018,2018,Dec
0,0,0,0,0,12/1/2018,2018,Dec
0,0,0,0,0,12/1/2018,2018,Dec
0,1232,0,0,197,12/1/2018,2018,Dec
25,2501,0,0,989,12/1/2018,2018,Dec
1,2277,0,25,679,12/1/2018,2018,Dec
0,0,0,0,0,12/1/2018,2018,Dec
0,2969,0,119,1763,12/1/2018,2018,Dec
0,0,0,0,0,12/1/2018,2018,Dec
0,0,0,0,0,12/1/2018,2018,Dec
4,3369,21,0,563,12/1/2018,2018,Dec
0,0,0,0,0,12/1/2018,2018,Dec
0,0,0,0,0,12/1/2018,2018,Dec
0,3456,938,0,699,12/1/2018,2018,Dec
0,3180,0,0,1325,12/1/2018,2018,Dec
0,3508,0,20,452,12/1/2018,2018,Dec
0,0,0,0,0,12/1/2018,2018,Dec
0,4290,0,0,304,12/1/2018,2018,Dec
0,2251,0,0,957,12/1/2018,2018,Dec
0,3068,21,0,737,12/1/2018,2018,Dec
0,0,0,0,0,12/1/2018,2018,Dec
0,0,0,0,0,12/1/2018,2018,Dec
0,0,0,0,0,12/1/2018,2018,Dec
0,0,0,2,17,12/1/2018,2018,Dec
0,1929,0,0,690,12/1/2018,2018,Dec
0,3939,0,0,1610,12/1/2018,2018,Dec
0,0,0,5,71,12/1/2018,2018,Dec
1,1873,0,0,232,12/1/2018,2018,Dec
0,2734,0,0,287,12/1/2018,2018,Dec
0,0,0,0,0,12/1/2018,2018,Dec
0,0,0,0,0,12/1/2018,2018,Dec
0,3443,0,465,893,12/1/2018,2018,Dec
0,1516,0,0,436,12/1/2018,2018,Dec
0,0,0,6,15,12/1/2018,2018,Dec
0,0,0,0,0,12/1/2018,2018,Dec
0,0,0,0,0,12/1/2018,2018,Dec
0,3290,0,0,848,12/1/2018,2018,Dec
0,0,0,0,0,12/1/2018,2018,Dec
2,1003,0,0,316,12/1/2018,2018,Dec
0,4412,0,179,1507,12/1/2018,2018,Dec
18,3650,0,27,1373,12/1/2018,2018,Dec
0,0,0,0,0,12/1/2018,2018,Dec
0,4917,0,152,1846,12/1/2018,2018,Dec
0,3449,0,0,746,12/1/2018,2018,Dec
0,0,0,0,0,12/1/2018,2018,Dec
0,0,0,0,0,12/1/2018,2018,Dec
0,3528,4,0,234,12/1/2018,2018,Dec
0,0,0,0,0,12/1/2018,2018,Dec
0,0,0,0,0,12/1/2018,2018,Dec
0,0,0,0,0,12/1/2018,2018,Dec
0,6431,0,0,1555,12/1/2018,2018,Dec
0,0,0,0,0,12/1/2018,2018,Dec
0,1877,0,0,259,12/1/2018,2018,Dec
0,1349,0,0,60,12/1/2018,2018,Dec
0,0,0,0,30,12/1/2018,2018,Dec
0,4125,0,0,972,12/1/2018,2018,Dec
0,0,0,0,0,12/1/2018,2018,Dec
0,2414,0,0,1440,12/1/2018,2018,Dec
0,3659,0,0,760,12/1/2018,2018,Dec
0,2627,0,0,1191,12/1/2018,2018,Dec
0,0,0,0,0,12/1/2018,2018,Dec
0,1110,0,0,453,12/1/2018,2018,Dec
0,0,0,0,0,12/1/2018,2018,Dec
0,0,0,0,0,12/1/2018,2018,Dec
0,0,0,0,0,12/1/2018,2018,Dec
0,0,0,0,0,12/1/2018,2018,Dec
0,1683,0,0,200,12/1/2018,2018,Dec
0,0,0,0,0,12/1/2018,2018,Dec
0,3055,0,0,1537,12/1/2018,2018,Dec
0,0,0,0,0,12/1/2018,2018,Dec
5,3385,9,0,1084,12/1/2018,2018,Dec
0,899,0,0,163,12/1/2018,2018,Dec
0,1568,0,0,562,12/1/2018,2018,Dec
0,0,0,0,0,12/1/2018,2018,Dec
0,2711,0,0,432,12/1/2018,2018,Dec
19,4751,0,0,578,12/1/2018,2018,Dec
0,0,0,0,0,12/1/2018,2018,Dec
0,2502,0,0,512,12/1/2018,2018,Dec
15,2266,0,463,1465,12/1/2018,2018,Dec
0,0,0,0,0,12/1/2018,2018,Dec
0,4671,0,0,1468,12/1/2018,2018,Dec
14,4853,0,0,547,12/1/2018,2018,Dec
0,0,0,1,2,12/1/2018,2018,Dec
0,0,0,0,223,12/1/2018,2018,Dec
0,0,110,0,24,12/1/2018,2018,Dec
1,6577,0,0,781,12/1/2018,2018,Dec
0,0,0,0,0,12/1/2018,2018,Dec
0,2858,0,0,1346,12/1/2018,2018,Dec
0,4077,0,0,451,12/1/2018,2018,Dec
0,6694,177,169,1501,12/1/2018,2018,Dec
0,0,0,0,0,12/1/2018,2018,Dec
0,0,0,0,0,12/1/2018,2018,Dec
1,2029,0,0,1302,12/1/2018,2018,Dec
0,0,0,0,0,12/1/2018,2018,Dec
0,0,0,0,124,12/1/2018,2018,Dec
0,2255,0,0,892,12/1/2018,2018,Dec
0,2354,0,0,696,12/1/2018,2018,Dec
0,4186,0,135,1111,12/1/2018,2018,Dec
0,2030,0,0,689,12/1/2018,2018,Dec
0,0,0,0,0,12/1/2018,2018,Dec
0,0,13,0,218,12/1/2018,2018,Dec
0,0,0,0,0,12/1/2018,2018,Dec
0,3013,0,0,2006,12/1/2018,2018,Dec
0,3251,0,0,1630,12/1/2018,2018,Dec
0,2317,0,0,838,12/1/2018,2018,Dec
0,0,0,0,0,12/1/2018,2018,Dec
0,2983,0,0,261,12/1/2018,2018,Dec
0,1650,0,637,1994,12/1/2018,2018,Dec
0,3597,0,0,1191,12/1/2018,2018,Dec
0,0,0,0,0,12/1/2018,2018,Dec
0,3194,0,0,1185,12/1/2018,2018,Dec
0,1249,0,1,590,12/1/2018,2018,Dec
0,0,0,0,0,12/1/2018,2018,Dec
0,3147,0,0,473,12/1/2018,2018,Dec
0,4753,0,37,621,12/1/2018,2018,Dec
0,0,0,0,0,12/1/2018,2018,Dec
0,0,0,0,0,12/1/2018,2018,Dec
2,4146,0,0,2570,12/1/2018,2018,Dec
0,0,0,0,0,12/1/2018,2018,Dec
0,0,0,0,0,12/1/2018,2018,Dec
0,0,0,0,0,12/1/2018,2018,Dec
0,0,0,0,0,12/1/2018,2018,Dec
0,0,0,0,0,12/1/2018,2018,Dec
0,3549,59,18,3409,12/1/2018,2018,Dec
0,0,0,0,0,12/1/2018,2018,Dec
0,0,0,0,0,12/1/2018,2018,Dec
0,0,0,0,0,12/1/2018,2018,Dec
5,6526,0,111,1668,12/1/2018,2018,Dec
0,0,0,0,0,12/1/2018,2018,Dec
0,1933,0,0,1415,12/1/2018,2018,Dec
0,3590,0,5,1553,12/1/2018,2018,Dec
0,0,0,0,0,12/1/2018,2018,Dec
0,0,0,22,354,12/1/2018,2018,Dec
0,0,0,0,0,12/1/2018,2018,Dec
0,3141,0,0,458,12/1/2018,2018,Dec
0,0,0,0,274,12/1/2018,2018,Dec
1,2741,0,43,1131,12/1/2018,2018,Dec
3,2096,0,0,1543,12/1/2018,2018,Dec
0,4508,0,0,1138,12/1/2018,2018,Dec
0,2518,25,0,1021,12/1/2018,2018,Dec
0,0,0,0,23,12/1/2018,2018,Dec
0,2537,0,1,401,12/1/2018,2018,Dec
0,2596,0,16,1376,12/1/2018,2018,Dec
0,2824,0,0,315,12/1/2018,2018,Dec
0,1269,0,0,646,12/1/2018,2018,Dec
0,0,0,0,0,12/1/2018,2018,Dec
1,3744,40,0,605,12/1/2018,2018,Dec
0,0,0,0,0,12/1/2018,2018,Dec
0,720,0,0,412,12/1/2018,2018,Dec
0,3038,0,0,2428,12/1/2018,2018,Dec
0,3017,0,5,440,12/1/2018,2018,Dec
1,2765,0,42,2092,12/1/2018,2018,Dec
0,0,0,0,16,12/1/2018,2018,Dec
0,0,0,0,0,12/1/2018,2018,Dec
0,0,0,0,9,12/1/2018,2018,Dec
0,0,0,0,44,12/1/2018,2018,Dec
0,0,0,0,0,12/1/2018,2018,Dec
0,2408,0,7,2249,12/1/2018,2018,Dec
0,1368,0,0,24,12/1/2018,2018,Dec
0,2000,0,0,234,12/1/2018,2018,Dec
0,0,0,0,116,12/1/2018,2018,Dec
0,0,0,0,0,12/1/2018,2018,Dec
0,0,0,0,0,12/1/2018,2018,Dec
0,2541,0,322,950,12/1/2018,2018,Dec
0,0,0,1,207,12/1/2018,2018,Dec
1,2688,0,0,74,12/1/2018,2018,Dec
2,4084,0,0,763,12/1/2018,2018,Dec
0,4320,0,0,364,12/1/2018,2018,Dec
0,0,0,0,0,12/1/2018,2018,Dec
3,2525,0,105,770,12/1/2018,2018,Dec
0,0,0,0,0,12/1/2018,2018,Dec
0,2617,0,0,683,12/1/2018,2018,Dec
0,0,0,3,0,12/1/2018,2018,Dec
0,1733,0,0,449,12/1/2018,2018,Dec
0,2187,0,0,1275,12/1/2018,2018,Dec
0,0,0,0,0,12/1/2018,2018,Dec
0,0,0,0,467,12/1/2018,2018,Dec
1,2291,0,0,795,12/1/2018,2018,Dec
0,1932,0,0,155,12/1/2018,2018,Dec
0,0,0,0,0,12/1/2018,2018,Dec
0,2330,13,0,2352,12/1/2018,2018,Dec
0,0,0,0,0,12/1/2018,2018,Dec
6,2401,0,0,628,12/1/2018,2018,Dec
0,2066,0,0,881,12/1/2018,2018,Dec
0,0,0,0,17,12/1/2018,2018,Dec
0,1668,0,0,374,12/1/2018,2018,Dec
0,1943,9,0,1292,12/1/2018,2018,Dec
0,2873,0,0,1115,12/1/2018,2018,Dec
0,0,0,0,154,12/1/2018,2018,Dec
0,0,0,0,0,12/1/2018,2018,Dec
4,2297,0,0,799,12/1/2018,2018,Dec
0,3933,0,0,1016,12/1/2018,2018,Dec
0,1946,0,0,766,12/1/2018,2018,Dec
1,3254,14,19,1795,12/1/2018,2018,Dec
0,11401,0,1457,2995,12/1/2018,2018,Dec
0,3367,9,0,884,12/1/2018,2018,Dec
0,4631,91,0,539,12/1/2018,2018,Dec
1,5979,0,114,1884,12/1/2018,2018,Dec
0,5002,12,0,3262,12/1/2018,2018,Dec
31,2212,0,47,1016,12/1/2018,2018,Dec
0,6129,0,0,2845,12/1/2018,2018,Dec
1,3067,0,0,2189,12/1/2018,2018,Dec
0,0,0,0,0,12/1/2018,2018,Dec
0,2154,0,0,724,12/1/2018,2018,Dec
0,0,0,0,11,12/1/2018,2018,Dec
0,2120,0,0,382,12/1/2018,2018,Dec
0,3064,0,0,463,12/1/2018,2018,Dec
0,2126,0,0,765,12/1/2018,2018,Dec
0,3862,0,0,1392,12/1/2018,2018,Dec
14,1128,0,0,119,12/1/2018,2018,Dec
0,0,0,0,0,12/1/2018,2018,Dec
1,1502,0,0,114,12/1/2018,2018,Dec
0,0,0,0,0,12/1/2018,2018,Dec
0,0,0,0,0,12/1/2018,2018,Dec
0,2393,0,0,1921,12/1/2018,2018,Dec
0,0,0,0,0,12/1/2018,2018,Dec
99,3236,0,0,903,12/1/2018,2018,Dec
0,0,0,0,0,12/1/2018,2018,Dec
0,2509,0,0,357,12/1/2018,2018,Dec
0,1440,0,0,202,12/1/2018,2018,Dec
0,0,0,0,0,12/1/2018,2018,Dec
0,1657,0,0,359,12/1/2018,2018,Dec
0,4050,0,0,1592,12/1/2018,2018,Dec
1,3725,0,0,792,7/1/2018,2018,Jul
0,1388,0,0,606,7/1/2018,2018,Jul
0,993,0,0,288,7/1/2018,2018,Jul
0,0,0,0,0,7/1/2018,2018,Jul
0,1952,0,18,221,7/1/2018,2018,Jul
0,0,0,0,0,7/1/2018,2018,Jul
0,0,0,0,0,7/1/2018,2018,Jul
0,0,0,0,0,7/1/2018,2018,Jul
0,0,0,0,0,7/1/2018,2018,Jul
0,5004,0,0,71,7/1/2018,2018,Jul
0,2064,0,0,658,7/1/2018,2018,Jul
0,7986,0,0,1795,7/1/2018,2018,Jul
0,3469,0,0,308,7/1/2018,2018,Jul
0,0,0,0,0,7/1/2018,2018,Jul
0,1941,0,0,232,7/1/2018,2018,Jul
0,0,0,0,0,7/1/2018,2018,Jul
0,0,0,0,0,7/1/2018,2018,Jul
0,0,0,0,0,7/1/2018,2018,Jul
0,1096,0,0,299,7/1/2018,2018,Jul
37,2383,0,0,811,7/1/2018,2018,Jul
2,2179,0,28,690,7/1/2018,2018,Jul
0,0,0,0,0,7/1/2018,2018,Jul
0,3678,0,120,1216,7/1/2018,2018,Jul
0,0,0,0,0,7/1/2018,2018,Jul
0,0,0,0,0,7/1/2018,2018,Jul
3,3405,21,0,143,7/1/2018,2018,Jul
0,0,0,0,0,7/1/2018,2018,Jul
0,0,0,0,0,7/1/2018,2018,Jul
0,3138,877,0,755,7/1/2018,2018,Jul
0,2938,0,0,1402,7/1/2018,2018,Jul
0,2992,0,19,534,7/1/2018,2018,Jul
0,0,0,0,0,7/1/2018,2018,Jul
1,4130,0,0,287,7/1/2018,2018,Jul
0,2177,0,0,965,7/1/2018,2018,Jul
0,2706,37,0,863,7/1/2018,2018,Jul
0,0,0,0,0,7/1/2018,2018,Jul
0,0,0,0,0,7/1/2018,2018,Jul
0,0,0,0,0,7/1/2018,2018,Jul
0,0,0,3,23,7/1/2018,2018,Jul
0,1766,0,0,729,7/1/2018,2018,Jul
0,3780,0,0,1555,7/1/2018,2018,Jul
0,0,0,8,61,7/1/2018,2018,Jul
0,1710,0,0,386,7/1/2018,2018,Jul
0,2757,0,0,249,7/1/2018,2018,Jul
0,0,0,0,0,7/1/2018,2018,Jul
0,0,0,0,0,7/1/2018,2018,Jul
0,3265,0,318,1020,7/1/2018,2018,Jul
0,1349,0,0,410,7/1/2018,2018,Jul
0,0,0,2,15,7/1/2018,2018,Jul
0,0,0,0,0,7/1/2018,2018,Jul
0,0,0,0,0,7/1/2018,2018,Jul
0,2932,0,0,928,7/1/2018,2018,Jul
0,0,0,0,0,7/1/2018,2018,Jul
0,900,0,0,287,7/1/2018,2018,Jul
0,4357,0,403,1459,7/1/2018,2018,Jul
38,3090,0,29,1346,7/1/2018,2018,Jul
0,0,0,0,0,7/1/2018,2018,Jul
0,4391,0,133,1781,7/1/2018,2018,Jul
0,3100,0,0,895,7/1/2018,2018,Jul
0,0,0,0,0,7/1/2018,2018,Jul
0,0,0,0,0,7/1/2018,2018,Jul
0,3374,10,0,160,7/1/2018,2018,Jul
0,0,0,0,0,7/1/2018,2018,Jul
0,0,0,0,0,7/1/2018,2018,Jul
0,0,0,0,0,7/1/2018,2018,Jul
0,6519,0,0,1471,7/1/2018,2018,Jul
0,0,0,0,0,7/1/2018,2018,Jul
0,1681,0,0,316,7/1/2018,2018,Jul
0,1419,0,0,80,7/1/2018,2018,Jul
0,0,0,2,54,7/1/2018,2018,Jul
0,3844,0,0,762,7/1/2018,2018,Jul
0,0,0,0,0,7/1/2018,2018,Jul
0,2318,0,0,1361,7/1/2018,2018,Jul
0,3500,0,0,752,7/1/2018,2018,Jul
0,2511,0,0,1262,7/1/2018,2018,Jul
0,0,0,0,0,7/1/2018,2018,Jul
0,915,0,0,494,7/1/2018,2018,Jul
0,0,0,0,1,7/1/2018,2018,Jul
0,0,0,0,0,7/1/2018,2018,Jul
0,0,0,0,0,7/1/2018,2018,Jul
0,0,0,0,0,7/1/2018,2018,Jul
1,1676,0,0,213,7/1/2018,2018,Jul
0,0,0,0,0,7/1/2018,2018,Jul
0,0,0,0,0,7/1/2018,2018,Jul
0,3011,0,0,1416,7/1/2018,2018,Jul
0,0,0,0,0,7/1/2018,2018,Jul
4,3331,15,0,1168,7/1/2018,2018,Jul
0,884,0,0,116,7/1/2018,2018,Jul
0,1482,0,0,462,7/1/2018,2018,Jul
0,0,0,0,0,7/1/2018,2018,Jul
0,2489,0,0,459,7/1/2018,2018,Jul
13,4499,0,0,433,7/1/2018,2018,Jul
0,0,0,0,0,7/1/2018,2018,Jul
0,2171,0,0,552,7/1/2018,2018,Jul
5,2107,0,394,1339,7/1/2018,2018,Jul
0,0,0,0,0,7/1/2018,2018,Jul
0,5345,0,0,1441,7/1/2018,2018,Jul
0,4652,0,0,510,7/1/2018,2018,Jul
0,0,0,1,2,7/1/2018,2018,Jul
0,0,0,0,0,7/1/2018,2018,Jul
0,0,0,0,219,7/1/2018,2018,Jul
0,0,87,0,31,7/1/2018,2018,Jul
0,6098,0,0,789,7/1/2018,2018,Jul
0,0,0,0,0,7/1/2018,2018,Jul
0,2559,0,0,1368,7/1/2018,2018,Jul
0,4432,0,0,302,7/1/2018,2018,Jul
0,6818,183,148,1373,7/1/2018,2018,Jul
0,0,0,0,0,7/1/2018,2018,Jul
0,0,0,0,0,7/1/2018,2018,Jul
4,2258,0,0,1134,7/1/2018,2018,Jul
0,0,0,0,0,7/1/2018,2018,Jul
0,0,0,0,172,7/1/2018,2018,Jul
0,2255,0,0,893,7/1/2018,2018,Jul
0,2286,0,0,1000,7/1/2018,2018,Jul
0,3981,0,173,974,7/1/2018,2018,Jul
0,1808,0,0,651,7/1/2018,2018,Jul
0,0,0,0,0,7/1/2018,2018,Jul
0,0,8,0,241,7/1/2018,2018,Jul
0,0,0,0,0,7/1/2018,2018,Jul
1,2872,0,0,2040,7/1/2018,2018,Jul
0,2993,0,0,1710,7/1/2018,2018,Jul
0,2089,0,0,858,7/1/2018,2018,Jul
0,0,0,0,0,7/1/2018,2018,Jul
0,2575,0,0,306,7/1/2018,2018,Jul
0,1578,0,701,2143,7/1/2018,2018,Jul
0,3550,0,0,1117,7/1/2018,2018,Jul
0,0,0,0,0,7/1/2018,2018,Jul
0,2972,0,0,1129,7/1/2018,2018,Jul
0,1077,0,0,649,7/1/2018,2018,Jul
0,0,0,0,0,7/1/2018,2018,Jul
0,3022,0,0,526,7/1/2018,2018,Jul
0,4266,0,38,729,7/1/2018,2018,Jul
0,0,0,0,0,7/1/2018,2018,Jul
0,0,0,0,0,7/1/2018,2018,Jul
1,4045,0,0,2850,7/1/2018,2018,Jul
0,0,0,0,0,7/1/2018,2018,Jul
0,0,0,0,0,7/1/2018,2018,Jul
0,0,0,0,0,7/1/2018,2018,Jul
0,0,0,0,0,7/1/2018,2018,Jul
0,0,0,0,0,7/1/2018,2018,Jul
0,3231,96,19,3323,7/1/2018,2018,Jul
0,0,0,0,0,7/1/2018,2018,Jul
0,0,0,0,0,7/1/2018,2018,Jul
0,0,0,0,0,7/1/2018,2018,Jul
1,6282,0,124,1672,7/1/2018,2018,Jul
0,0,0,0,0,7/1/2018,2018,Jul
0,1738,0,0,1468,7/1/2018,2018,Jul
0,3330,0,1,1463,7/1/2018,2018,Jul
0,0,0,0,0,7/1/2018,2018,Jul
0,0,0,29,423,7/1/2018,2018,Jul
0,0,0,0,0,7/1/2018,2018,Jul
0,2958,0,0,552,7/1/2018,2018,Jul
0,0,0,0,282,7/1/2018,2018,Jul
0,2824,0,54,1029,7/1/2018,2018,Jul
5,1904,0,0,1543,7/1/2018,2018,Jul
0,4530,0,0,668,7/1/2018,2018,Jul
0,2458,23,0,1100,7/1/2018,2018,Jul
0,0,0,0,26,7/1/2018,2018,Jul
0,2255,0,0,556,7/1/2018,2018,Jul
0,2460,0,31,1083,7/1/2018,2018,Jul
0,2851,0,0,470,7/1/2018,2018,Jul
0,1211,0,0,728,7/1/2018,2018,Jul
0,0,0,0,0,7/1/2018,2018,Jul
0,3281,31,0,655,7/1/2018,2018,Jul
0,0,0,0,0,7/1/2018,2018,Jul
0,617,0,0,304,7/1/2018,2018,Jul
0,2916,0,0,2701,7/1/2018,2018,Jul
0,2778,0,10,405,7/1/2018,2018,Jul
0,2468,0,132,2123,7/1/2018,2018,Jul
0,0,0,0,26,7/1/2018,2018,Jul
0,0,0,0,0,7/1/2018,2018,Jul
0,0,0,0,0,7/1/2018,2018,Jul
0,0,0,0,34,7/1/2018,2018,Jul
0,0,0,0,0,7/1/2018,2018,Jul
0,2427,0,9,2477,7/1/2018,2018,Jul
0,1318,0,0,26,7/1/2018,2018,Jul
0,1771,0,0,253,7/1/2018,2018,Jul
0,0,0,0,120,7/1/2018,2018,Jul
0,0,0,0,0,7/1/2018,2018,Jul
0,0,0,0,0,7/1/2018,2018,Jul
0,2182,0,266,1077,7/1/2018,2018,Jul
0,0,0,4,179,7/1/2018,2018,Jul
4,2233,0,0,63,7/1/2018,2018,Jul
0,0,0,0,0,7/1/2018,2018,Jul
1,3882,0,0,932,7/1/2018,2018,Jul
0,4470,0,0,481,7/1/2018,2018,Jul
0,0,0,0,0,7/1/2018,2018,Jul
0,2738,0,0,799,7/1/2018,2018,Jul
0,0,0,0,0,7/1/2018,2018,Jul
0,2474,0,0,728,7/1/2018,2018,Jul
2,0,0,4,0,7/1/2018,2018,Jul
0,1859,0,0,389,7/1/2018,2018,Jul
0,2135,0,0,1218,7/1/2018,2018,Jul
0,0,0,0,0,7/1/2018,2018,Jul
0,0,0,0,0,7/1/2018,2018,Jul
0,0,0,0,554,7/1/2018,2018,Jul
0,2277,0,0,938,7/1/2018,2018,Jul
0,2006,0,0,91,7/1/2018,2018,Jul
0,0,0,0,0,7/1/2018,2018,Jul
0,2446,16,0,2236,7/1/2018,2018,Jul
0,0,0,0,0,7/1/2018,2018,Jul
0,2125,0,0,695,7/1/2018,2018,Jul
0,2187,0,0,921,7/1/2018,2018,Jul
0,0,0,0,0,7/1/2018,2018,Jul
0,0,0,0,30,7/1/2018,2018,Jul
0,1563,0,0,459,7/1/2018,2018,Jul
0,1901,4,0,1324,7/1/2018,2018,Jul
1,2808,0,0,967,7/1/2018,2018,Jul
0,0,0,0,181,7/1/2018,2018,Jul
0,0,0,0,0,7/1/2018,2018,Jul
0,0,0,0,0,7/1/2018,2018,Jul
0,2560,0,0,679,7/1/2018,2018,Jul
0,3718,0,0,1155,7/1/2018,2018,Jul
0,1972,0,0,924,7/1/2018,2018,Jul
4,3172,10,10,1919,7/1/2018,2018,Jul
0,11332,0,1394,3598,7/1/2018,2018,Jul
0,2910,9,0,973,7/1/2018,2018,Jul
0,4273,84,1,701,7/1/2018,2018,Jul
1,5302,0,156,1883,7/1/2018,2018,Jul
0,4522,12,0,3530,7/1/2018,2018,Jul
12,2025,0,126,1077,7/1/2018,2018,Jul
0,5855,0,0,2551,7/1/2018,2018,Jul
0,2979,0,0,2408,7/1/2018,2018,Jul
0,0,0,0,0,7/1/2018,2018,Jul
0,2009,0,0,709,7/1/2018,2018,Jul
0,0,0,0,4,7/1/2018,2018,Jul
0,2424,0,0,514,7/1/2018,2018,Jul
0,3103,0,0,609,7/1/2018,2018,Jul
0,2010,0,0,921,7/1/2018,2018,Jul
2,3541,0,0,1436,7/1/2018,2018,Jul
0,1136,0,0,129,7/1/2018,2018,Jul
0,0,0,0,0,7/1/2018,2018,Jul
2,1469,0,0,123,7/1/2018,2018,Jul
0,0,0,0,0,7/1/2018,2018,Jul
0,0,0,0,0,7/1/2018,2018,Jul
0,2504,0,0,1697,7/1/2018,2018,Jul
0,0,0,0,0,7/1/2018,2018,Jul
0,0,0,0,0,7/1/2018,2018,Jul
2,3210,0,0,1068,7/1/2018,2018,Jul
0,0,0,0,0,7/1/2018,2018,Jul
0,2551,0,0,523,7/1/2018,2018,Jul
1,1360,0,0,258,7/1/2018,2018,Jul
0,0,0,0,0,7/1/2018,2018,Jul
0,1515,0,0,396,7/1/2018,2018,Jul
0,3945,0,0,1542,7/1/2018,2018,Jul
0,3399,0,0,814,6/1/2018,2018,Jun
0,1383,0,0,857,6/1/2018,2018,Jun
0,956,0,0,265,6/1/2018,2018,Jun
0,0,0,0,0,6/1/2018,2018,Jun
0,2099,0,11,214,6/1/2018,2018,Jun
0,0,0,0,0,6/1/2018,2018,Jun
0,0,0,0,0,6/1/2018,2018,Jun
0,0,0,0,0,6/1/2018,2018,Jun
0,0,0,0,0,6/1/2018,2018,Jun
0,5048,0,0,65,6/1/2018,2018,Jun
0,2042,0,0,541,6/1/2018,2018,Jun
0,7643,0,0,1839,6/1/2018,2018,Jun
0,3193,0,0,268,6/1/2018,2018,Jun
0,0,0,0,0,6/1/2018,2018,Jun
0,1882,0,0,262,6/1/2018,2018,Jun
0,0,0,0,0,6/1/2018,2018,Jun
0,0,0,0,0,6/1/2018,2018,Jun
0,0,0,0,0,6/1/2018,2018,Jun
0,1071,0,0,286,6/1/2018,2018,Jun
17,2354,0,0,822,6/1/2018,2018,Jun
1,2143,0,39,734,6/1/2018,2018,Jun
0,0,0,0,0,6/1/2018,2018,Jun
0,3664,0,111,1188,6/1/2018,2018,Jun
0,0,0,0,0,6/1/2018,2018,Jun
0,0,0,0,0,6/1/2018,2018,Jun
0,3370,20,0,381,6/1/2018,2018,Jun
0,0,0,0,0,6/1/2018,2018,Jun
0,0,0,0,0,6/1/2018,2018,Jun
0,2908,973,0,694,6/1/2018,2018,Jun
0,1790,0,1,573,6/1/2018,2018,Jun
1,2777,0,0,1410,6/1/2018,2018,Jun
0,3239,0,50,562,6/1/2018,2018,Jun
0,0,0,0,0,6/1/2018,2018,Jun
0,4099,0,0,177,6/1/2018,2018,Jun
0,1936,0,0,916,6/1/2018,2018,Jun
0,2736,26,0,793,6/1/2018,2018,Jun
0,0,0,0,0,6/1/2018,2018,Jun
0,0,0,0,0,6/1/2018,2018,Jun
0,2365,0,0,857,6/1/2018,2018,Jun
0,0,0,0,0,6/1/2018,2018,Jun
0,0,0,4,19,6/1/2018,2018,Jun
0,1694,0,0,661,6/1/2018,2018,Jun
0,3523,0,0,1522,6/1/2018,2018,Jun
0,0,0,12,77,6/1/2018,2018,Jun
0,1741,0,0,277,6/1/2018,2018,Jun
0,2669,0,0,267,6/1/2018,2018,Jun
3,3263,0,97,1271,6/1/2018,2018,Jun
0,0,0,0,0,6/1/2018,2018,Jun
0,0,0,0,0,6/1/2018,2018,Jun
0,3006,0,310,1061,6/1/2018,2018,Jun
0,1295,0,0,354,6/1/2018,2018,Jun
0,0,0,5,11,6/1/2018,2018,Jun
0,0,0,0,0,6/1/2018,2018,Jun
0,0,0,0,0,6/1/2018,2018,Jun
0,2859,0,0,929,6/1/2018,2018,Jun
0,0,0,0,0,6/1/2018,2018,Jun
0,902,0,0,267,6/1/2018,2018,Jun
0,4182,0,345,1383,6/1/2018,2018,Jun
34,3209,0,31,1332,6/1/2018,2018,Jun
0,0,0,0,0,6/1/2018,2018,Jun
0,3131,0,0,761,6/1/2018,2018,Jun
0,0,0,0,0,6/1/2018,2018,Jun
0,0,0,0,0,6/1/2018,2018,Jun
1,3283,7,0,156,6/1/2018,2018,Jun
0,0,0,0,0,6/1/2018,2018,Jun
0,0,0,0,0,6/1/2018,2018,Jun
0,0,0,0,0,6/1/2018,2018,Jun
0,6511,0,0,1428,6/1/2018,2018,Jun
0,0,0,0,0,6/1/2018,2018,Jun
0,1646,0,0,328,6/1/2018,2018,Jun
0,1380,0,0,74,6/1/2018,2018,Jun
0,0,0,1,43,6/1/2018,2018,Jun
0,3703,0,0,738,6/1/2018,2018,Jun
0,2165,0,0,1541,6/1/2018,2018,Jun
0,3390,0,0,773,6/1/2018,2018,Jun
0,2291,0,0,1258,6/1/2018,2018,Jun
0,0,0,0,0,6/1/2018,2018,Jun
0,887,0,0,487,6/1/2018,2018,Jun
0,1,0,0,1,6/1/2018,2018,Jun
0,0,0,0,0,6/1/2018,2018,Jun
0,0,0,0,0,6/1/2018,2018,Jun
0,6609,0,1238,2315,6/1/2018,2018,Jun
0,0,0,0,0,6/1/2018,2018,Jun
0,1550,0,0,222,6/1/2018,2018,Jun
0,0,0,0,0,6/1/2018,2018,Jun
0,0,0,0,0,6/1/2018,2018,Jun
0,2985,0,0,1411,6/1/2018,2018,Jun
0,0,0,0,0,6/1/2018,2018,Jun
4,3222,11,0,1128,6/1/2018,2018,Jun
0,1894,0,130,875,6/1/2018,2018,Jun
0,874,0,0,178,6/1/2018,2018,Jun
0,1403,0,0,491,6/1/2018,2018,Jun
0,0,0,0,0,6/1/2018,2018,Jun
0,2605,0,0,445,6/1/2018,2018,Jun
21,4454,0,0,395,6/1/2018,2018,Jun
0,0,0,0,0,6/1/2018,2018,Jun
0,2190,0,0,527,6/1/2018,2018,Jun
0,2001,0,364,1441,6/1/2018,2018,Jun
0,0,0,0,0,6/1/2018,2018,Jun
0,5068,0,0,1604,6/1/2018,2018,Jun
0,4514,0,0,353,6/1/2018,2018,Jun
0,0,0,2,5,6/1/2018,2018,Jun
0,0,0,0,0,6/1/2018,2018,Jun
0,0,0,0,255,6/1/2018,2018,Jun
0,0,87,0,58,6/1/2018,2018,Jun
0,5727,0,0,677,6/1/2018,2018,Jun
0,0,0,0,0,6/1/2018,2018,Jun
0,2590,0,0,1138,6/1/2018,2018,Jun
0,4043,0,0,355,6/1/2018,2018,Jun
0,6532,180,166,1319,6/1/2018,2018,Jun
0,0,0,0,0,6/1/2018,2018,Jun
0,0,0,0,0,6/1/2018,2018,Jun
0,2192,0,0,1034,6/1/2018,2018,Jun
0,0,0,0,0,6/1/2018,2018,Jun
0,0,0,0,157,6/1/2018,2018,Jun
0,2203,0,0,850,6/1/2018,2018,Jun
0,2101,0,0,872,6/1/2018,2018,Jun
0,4000,0,149,999,6/1/2018,2018,Jun
0,1811,0,0,623,6/1/2018,2018,Jun
0,0,0,0,0,6/1/2018,2018,Jun
0,0,12,0,195,6/1/2018,2018,Jun
0,0,0,0,0,6/1/2018,2018,Jun
0,2781,0,0,2004,6/1/2018,2018,Jun
0,2513,0,0,1675,6/1/2018,2018,Jun
0,2006,0,0,904,6/1/2018,2018,Jun
0,0,0,0,0,6/1/2018,2018,Jun
0,2620,0,0,268,6/1/2018,2018,Jun
0,1404,0,680,2056,6/1/2018,2018,Jun
0,3459,0,0,996,6/1/2018,2018,Jun
0,0,0,0,0,6/1/2018,2018,Jun
0,2616,0,0,1245,6/1/2018,2018,Jun
1,1071,0,0,668,6/1/2018,2018,Jun
0,0,0,0,0,6/1/2018,2018,Jun
0,2791,0,0,571,6/1/2018,2018,Jun
0,3938,0,26,699,6/1/2018,2018,Jun
0,0,0,0,0,6/1/2018,2018,Jun
0,0,0,0,0,6/1/2018,2018,Jun
0,3774,0,0,2900,6/1/2018,2018,Jun
0,0,0,0,0,6/1/2018,2018,Jun
0,0,0,0,0,6/1/2018,2018,Jun
0,0,0,0,0,6/1/2018,2018,Jun
0,0,0,0,0,6/1/2018,2018,Jun
0,0,0,0,0,6/1/2018,2018,Jun
0,3141,86,13,3290,6/1/2018,2018,Jun
0,0,0,0,0,6/1/2018,2018,Jun
0,0,0,0,0,6/1/2018,2018,Jun
0,0,0,0,0,6/1/2018,2018,Jun
3,6041,0,108,1686,6/1/2018,2018,Jun
0,0,0,0,0,6/1/2018,2018,Jun
0,1695,0,0,1393,6/1/2018,2018,Jun
0,3363,0,1,1542,6/1/2018,2018,Jun
0,0,0,0,0,6/1/2018,2018,Jun
0,0,0,21,451,6/1/2018,2018,Jun
0,0,0,0,0,6/1/2018,2018,Jun
0,2865,5,0,530,6/1/2018,2018,Jun
0,0,0,0,294,6/1/2018,2018,Jun
0,2663,0,31,1046,6/1/2018,2018,Jun
3,1865,0,0,1430,6/1/2018,2018,Jun
0,4478,0,0,655,6/1/2018,2018,Jun
0,2390,45,0,949,6/1/2018,2018,Jun
0,0,0,0,33,6/1/2018,2018,Jun
0,2197,0,0,479,6/1/2018,2018,Jun
0,2350,0,26,1155,6/1/2018,2018,Jun
0,2480,0,0,427,6/1/2018,2018,Jun
0,1189,0,0,732,6/1/2018,2018,Jun
0,0,0,0,0,6/1/2018,2018,Jun
0,3120,27,0,587,6/1/2018,2018,Jun
0,0,0,0,0,6/1/2018,2018,Jun
0,551,0,0,381,6/1/2018,2018,Jun
0,2751,0,0,2670,6/1/2018,2018,Jun
1,2589,0,16,401,6/1/2018,2018,Jun
0,2364,0,155,1940,6/1/2018,2018,Jun
0,0,0,0,13,6/1/2018,2018,Jun
0,0,0,0,0,6/1/2018,2018,Jun
0,0,0,0,0,6/1/2018,2018,Jun
0,0,0,0,27,6/1/2018,2018,Jun
0,0,0,0,0,6/1/2018,2018,Jun
0,2306,0,8,2313,6/1/2018,2018,Jun
0,1147,0,0,25,6/1/2018,2018,Jun
0,1791,0,0,278,6/1/2018,2018,Jun
0,0,0,0,114,6/1/2018,2018,Jun
0,0,0,0,0,6/1/2018,2018,Jun
0,0,0,0,0,6/1/2018,2018,Jun
0,2099,0,239,1175,6/1/2018,2018,Jun
0,0,0,2,186,6/1/2018,2018,Jun
0,2272,0,0,58,6/1/2018,2018,Jun
0,0,0,0,0,6/1/2018,2018,Jun
0,3823,0,0,774,6/1/2018,2018,Jun
0,4515,0,0,404,6/1/2018,2018,Jun
0,0,0,0,0,6/1/2018,2018,Jun
0,2812,0,0,803,6/1/2018,2018,Jun
0,0,0,0,0,6/1/2018,2018,Jun
0,2464,0,0,663,6/1/2018,2018,Jun
0,0,0,5,0,6/1/2018,2018,Jun
0,1847,0,0,372,6/1/2018,2018,Jun
0,2074,0,0,1265,6/1/2018,2018,Jun
0,0,0,0,0,6/1/2018,2018,Jun
0,0,0,0,0,6/1/2018,2018,Jun
0,0,0,0,494,6/1/2018,2018,Jun
0,2161,0,0,857,6/1/2018,2018,Jun
0,1996,0,0,101,6/1/2018,2018,Jun
0,0,0,0,0,6/1/2018,2018,Jun
0,2252,28,1,2302,6/1/2018,2018,Jun
0,0,0,0,0,6/1/2018,2018,Jun
0,2131,0,0,674,6/1/2018,2018,Jun
0,2123,0,0,756,6/1/2018,2018,Jun
0,0,0,0,0,6/1/2018,2018,Jun
0,0,0,0,27,6/1/2018,2018,Jun
0,1491,0,0,483,6/1/2018,2018,Jun
0,1814,9,0,1256,6/1/2018,2018,Jun
0,2646,0,0,963,6/1/2018,2018,Jun
0,0,0,0,187,6/1/2018,2018,Jun
0,0,0,0,0,6/1/2018,2018,Jun
0,0,0,0,0,6/1/2018,2018,Jun
0,2479,0,0,671,6/1/2018,2018,Jun
0,3551,0,0,1149,6/1/2018,2018,Jun
0,1819,0,0,873,6/1/2018,2018,Jun
1,3087,14,7,1844,6/1/2018,2018,Jun
0,3942,0,0,1351,6/1/2018,2018,Jun
0,2818,7,0,886,6/1/2018,2018,Jun
0,4175,91,5,684,6/1/2018,2018,Jun
0,4346,18,0,3721,6/1/2018,2018,Jun
5,2041,0,96,1000,6/1/2018,2018,Jun
0,5753,0,0,2389,6/1/2018,2018,Jun
0,2983,0,0,2084,6/1/2018,2018,Jun
0,0,0,0,0,6/1/2018,2018,Jun
0,0,0,0,0,6/1/2018,2018,Jun
0,2007,0,0,659,6/1/2018,2018,Jun
0,0,0,0,5,6/1/2018,2018,Jun
0,2337,0,0,477,6/1/2018,2018,Jun
0,2947,0,0,582,6/1/2018,2018,Jun
0,1935,0,0,895,6/1/2018,2018,Jun
0,3651,0,0,1399,6/1/2018,2018,Jun
0,1035,0,0,159,6/1/2018,2018,Jun
0,0,0,0,0,6/1/2018,2018,Jun
0,1428,0,0,107,6/1/2018,2018,Jun
0,0,0,0,0,6/1/2018,2018,Jun
0,0,0,0,0,6/1/2018,2018,Jun
0,2355,0,0,1701,6/1/2018,2018,Jun
0,0,0,0,0,6/1/2018,2018,Jun
0,0,0,0,0,6/1/2018,2018,Jun
3,2990,0,0,819,6/1/2018,2018,Jun
0,0,0,0,0,6/1/2018,2018,Jun
0,2635,0,0,498,6/1/2018,2018,Jun
0,1256,0,0,259,6/1/2018,2018,Jun
0,0,0,0,0,6/1/2018,2018,Jun
0,1341,0,0,440,6/1/2018,2018,Jun
0,3646,0,0,1582,6/1/2018,2018,Jun
0,3564,0,0,865,5/1/2018,2018,May
0,1239,0,0,864,5/1/2018,2018,May
0,1049,0,0,250,5/1/2018,2018,May
0,0,0,0,0,5/1/2018,2018,May
0,2172,0,19,191,5/1/2018,2018,May
0,0,0,0,0,5/1/2018,2018,May
0,0,0,0,0,5/1/2018,2018,May
0,0,0,0,0,5/1/2018,2018,May
0,0,0,0,0,5/1/2018,2018,May
0,5258,0,0,59,5/1/2018,2018,May
0,2144,0,0,589,5/1/2018,2018,May
0,8134,0,0,1863,5/1/2018,2018,May
0,3307,0,0,264,5/1/2018,2018,May
0,0,0,0,0,5/1/2018,2018,May
0,2034,0,0,259,5/1/2018,2018,May
0,0,0,0,0,5/1/2018,2018,May
0,0,0,0,0,5/1/2018,2018,May
0,0,0,0,0,5/1/2018,2018,May
0,1104,0,0,250,5/1/2018,2018,May
10,2498,0,0,831,5/1/2018,2018,May
3,2291,0,42,754,5/1/2018,2018,May
0,0,0,0,0,5/1/2018,2018,May
0,3746,0,148,1196,5/1/2018,2018,May
0,0,0,0,0,5/1/2018,2018,May
0,0,0,0,0,5/1/2018,2018,May
0,3460,21,0,381,5/1/2018,2018,May
0,0,0,0,0,5/1/2018,2018,May
0,0,0,0,0,5/1/2018,2018,May
0,2913,821,0,707,5/1/2018,2018,May
0,1842,0,3,642,5/1/2018,2018,May
0,3172,0,0,1438,5/1/2018,2018,May
0,2808,0,19,518,5/1/2018,2018,May
0,0,0,0,0,5/1/2018,2018,May
0,4013,0,0,259,5/1/2018,2018,May
0,1922,0,0,1027,5/1/2018,2018,May
0,2854,26,0,763,5/1/2018,2018,May
0,0,0,0,0,5/1/2018,2018,May
0,0,0,0,0,5/1/2018,2018,May
0,2574,0,0,991,5/1/2018,2018,May
0,0,0,0,0,5/1/2018,2018,May
0,0,0,1,17,5/1/2018,2018,May
0,1752,0,0,648,5/1/2018,2018,May
0,3581,0,0,1712,5/1/2018,2018,May
0,0,0,17,67,5/1/2018,2018,May
0,1852,0,0,333,5/1/2018,2018,May
0,2911,0,0,279,5/1/2018,2018,May
5,3537,0,115,1285,5/1/2018,2018,May
0,0,0,0,0,5/1/2018,2018,May
0,0,0,0,0,5/1/2018,2018,May
0,3184,0,420,1088,5/1/2018,2018,May
0,1361,0,0,390,5/1/2018,2018,May
0,0,0,2,15,5/1/2018,2018,May
0,0,0,0,0,5/1/2018,2018,May
0,0,0,0,0,5/1/2018,2018,May
0,3077,0,0,907,5/1/2018,2018,May
0,0,0,0,0,5/1/2018,2018,May
0,967,0,0,330,5/1/2018,2018,May
0,4445,0,318,1492,5/1/2018,2018,May
3,3258,0,54,1506,5/1/2018,2018,May
0,0,0,0,0,5/1/2018,2018,May
0,3204,0,0,864,5/1/2018,2018,May
0,0,0,0,0,5/1/2018,2018,May
0,0,0,0,0,5/1/2018,2018,May
0,3396,6,0,167,5/1/2018,2018,May
0,0,0,0,0,5/1/2018,2018,May
0,0,0,0,0,5/1/2018,2018,May
0,0,0,0,0,5/1/2018,2018,May
0,6642,0,0,1292,5/1/2018,2018,May
0,0,0,0,0,5/1/2018,2018,May
0,1768,0,0,322,5/1/2018,2018,May
0,1356,0,0,67,5/1/2018,2018,May
0,0,0,2,57,5/1/2018,2018,May
0,3890,0,0,796,5/1/2018,2018,May
0,2258,0,0,1589,5/1/2018,2018,May
0,3436,0,0,885,5/1/2018,2018,May
1,2476,0,0,1324,5/1/2018,2018,May
0,0,0,0,0,5/1/2018,2018,May
0,982,0,0,522,5/1/2018,2018,May
0,0,0,0,1,5/1/2018,2018,May
0,0,0,0,0,5/1/2018,2018,May
0,0,0,0,0,5/1/2018,2018,May
1,7052,0,1223,2273,5/1/2018,2018,May
0,0,0,0,0,5/1/2018,2018,May
0,1670,0,0,199,5/1/2018,2018,May
0,0,0,0,0,5/1/2018,2018,May
0,0,0,0,0,5/1/2018,2018,May
0,3241,0,0,1428,5/1/2018,2018,May
0,0,0,0,0,5/1/2018,2018,May
7,3294,10,0,1211,5/1/2018,2018,May
0,1990,0,159,816,5/1/2018,2018,May
0,955,0,0,108,5/1/2018,2018,May
0,1500,0,0,495,5/1/2018,2018,May
0,0,0,0,0,5/1/2018,2018,May
0,2666,0,0,517,5/1/2018,2018,May
16,4552,0,0,371,5/1/2018,2018,May
0,0,0,0,0,5/1/2018,2018,May
0,2274,0,0,591,5/1/2018,2018,May
3,2151,0,404,1538,5/1/2018,2018,May
0,0,0,0,0,5/1/2018,2018,May
0,5391,0,0,1569,5/1/2018,2018,May
0,4561,0,0,409,5/1/2018,2018,May
0,0,0,3,1,5/1/2018,2018,May
0,0,0,0,0,5/1/2018,2018,May
0,0,0,0,271,5/1/2018,2018,May
0,0,87,0,41,5/1/2018,2018,May
0,5963,0,0,792,5/1/2018,2018,May
0,0,0,0,0,5/1/2018,2018,May
0,2646,0,0,1204,5/1/2018,2018,May
1,4331,0,0,346,5/1/2018,2018,May
0,6860,204,160,1343,5/1/2018,2018,May
0,0,0,0,338,5/1/2018,2018,May
0,0,0,0,0,5/1/2018,2018,May
0,2373,0,0,976,5/1/2018,2018,May
0,0,0,0,0,5/1/2018,2018,May
0,0,0,0,255,5/1/2018,2018,May
0,2192,0,0,919,5/1/2018,2018,May
1,2165,0,0,906,5/1/2018,2018,May
1,4276,0,135,1024,5/1/2018,2018,May
0,1869,0,0,910,5/1/2018,2018,May
0,0,0,0,0,5/1/2018,2018,May
0,0,11,0,192,5/1/2018,2018,May
0,0,0,0,0,5/1/2018,2018,May
0,2941,0,0,2013,5/1/2018,2018,May
0,2635,0,0,1707,5/1/2018,2018,May
0,2075,0,0,961,5/1/2018,2018,May
0,0,0,0,0,5/1/2018,2018,May
0,2647,0,0,299,5/1/2018,2018,May
0,1576,0,732,2094,5/1/2018,2018,May
0,3712,0,0,985,5/1/2018,2018,May
0,0,0,0,0,5/1/2018,2018,May
0,2612,0,0,1024,5/1/2018,2018,May
0,1097,0,0,743,5/1/2018,2018,May
0,0,0,0,0,5/1/2018,2018,May
0,2880,0,0,502,5/1/2018,2018,May
0,4006,0,27,729,5/1/2018,2018,May
0,0,0,0,0,5/1/2018,2018,May
0,0,0,0,0,5/1/2018,2018,May
0,3940,0,0,2789,5/1/2018,2018,May
0,0,0,0,0,5/1/2018,2018,May
0,0,0,0,0,5/1/2018,2018,May
0,0,0,0,0,5/1/2018,2018,May
0,0,0,0,0,5/1/2018,2018,May
0,0,0,0,0,5/1/2018,2018,May
0,3268,102,28,3489,5/1/2018,2018,May
0,0,0,0,0,5/1/2018,2018,May
0,0,0,0,0,5/1/2018,2018,May
0,0,0,0,0,5/1/2018,2018,May
0,6801,0,110,1663,5/1/2018,2018,May
0,0,0,0,0,5/1/2018,2018,May
0,1810,0,0,1476,5/1/2018,2018,May
2,3386,0,3,1613,5/1/2018,2018,May
0,0,0,0,0,5/1/2018,2018,May
0,0,0,20,420,5/1/2018,2018,May
0,0,0,0,0,5/1/2018,2018,May
0,3029,3,0,509,5/1/2018,2018,May
0,0,0,0,324,5/1/2018,2018,May
0,2827,0,51,1065,5/1/2018,2018,May
4,2014,0,0,1551,5/1/2018,2018,May
0,4459,0,0,710,5/1/2018,2018,May
0,2663,39,0,987,5/1/2018,2018,May
0,0,0,0,25,5/1/2018,2018,May
0,2398,0,6,487,5/1/2018,2018,May
0,2413,0,40,1054,5/1/2018,2018,May
0,2773,0,0,439,5/1/2018,2018,May
0,1215,0,0,670,5/1/2018,2018,May
0,0,0,0,0,5/1/2018,2018,May
0,3268,29,0,580,5/1/2018,2018,May
0,0,0,0,0,5/1/2018,2018,May
0,584,0,0,341,5/1/2018,2018,May
0,2974,0,0,2781,5/1/2018,2018,May
1,2681,0,9,368,5/1/2018,2018,May
0,2448,0,107,2186,5/1/2018,2018,May
0,0,0,0,31,5/1/2018,2018,May
0,0,0,0,0,5/1/2018,2018,May
0,0,0,0,0,5/1/2018,2018,May
0,0,0,0,15,5/1/2018,2018,May
0,0,0,0,0,5/1/2018,2018,May
0,2502,0,7,2425,5/1/2018,2018,May
0,1292,0,0,28,5/1/2018,2018,May
0,1878,0,0,318,5/1/2018,2018,May
0,0,0,0,150,5/1/2018,2018,May
0,0,0,0,0,5/1/2018,2018,May
0,0,0,0,0,5/1/2018,2018,May
0,2150,0,263,1063,5/1/2018,2018,May
0,0,0,5,193,5/1/2018,2018,May
0,2281,0,0,62,5/1/2018,2018,May
0,0,0,0,0,5/1/2018,2018,May
1,4007,0,0,806,5/1/2018,2018,May
0,4510,0,0,446,5/1/2018,2018,May
0,0,0,0,0,5/1/2018,2018,May
0,2865,0,0,899,5/1/2018,2018,May
0,0,0,0,0,5/1/2018,2018,May
0,2512,0,0,663,5/1/2018,2018,May
1,0,0,2,0,5/1/2018,2018,May
0,1928,0,0,446,5/1/2018,2018,May
0,2176,0,0,1262,5/1/2018,2018,May
0,0,0,0,0,5/1/2018,2018,May
0,0,0,0,0,5/1/2018,2018,May
0,0,0,0,560,5/1/2018,2018,May
1,2115,0,0,890,5/1/2018,2018,May
3,1895,0,0,114,5/1/2018,2018,May
0,0,0,0,0,5/1/2018,2018,May
0,2487,6,1,2356,5/1/2018,2018,May
0,0,0,0,0,5/1/2018,2018,May
2,2050,0,0,607,5/1/2018,2018,May
0,2171,0,0,847,5/1/2018,2018,May
0,0,0,0,0,5/1/2018,2018,May
0,0,0,0,25,5/1/2018,2018,May
0,1553,0,0,472,5/1/2018,2018,May
0,1830,5,0,1373,5/1/2018,2018,May
1,2601,0,0,1070,5/1/2018,2018,May
0,0,0,0,193,5/1/2018,2018,May
0,0,0,0,0,5/1/2018,2018,May
0,0,0,0,0,5/1/2018,2018,May
0,2522,0,0,615,5/1/2018,2018,May
0,3803,0,0,1181,5/1/2018,2018,May
0,2008,0,0,787,5/1/2018,2018,May
1,3163,16,5,1905,5/1/2018,2018,May
0,4044,0,0,1372,5/1/2018,2018,May
0,2993,10,0,923,5/1/2018,2018,May
0,4364,104,3,524,5/1/2018,2018,May
0,4736,8,0,4114,5/1/2018,2018,May
9,2198,0,99,1225,5/1/2018,2018,May
0,5534,0,0,2611,5/1/2018,2018,May
0,3075,0,0,2161,5/1/2018,2018,May
0,0,0,0,0,5/1/2018,2018,May
0,0,0,0,0,5/1/2018,2018,May
0,2010,0,0,653,5/1/2018,2018,May
0,0,0,0,13,5/1/2018,2018,May
0,2343,0,0,428,5/1/2018,2018,May
0,3042,0,0,509,5/1/2018,2018,May
0,2093,0,0,866,5/1/2018,2018,May
0,3706,0,0,1341,5/1/2018,2018,May
0,1090,0,0,129,5/1/2018,2018,May
0,0,0,0,0,5/1/2018,2018,May
0,1466,0,0,131,5/1/2018,2018,May
0,0,0,0,0,5/1/2018,2018,May
0,0,0,0,0,5/1/2018,2018,May
0,2469,0,0,1805,5/1/2018,2018,May
0,0,0,0,0,5/1/2018,2018,May
0,0,0,0,0,5/1/2018,2018,May
28,3112,0,0,787,5/1/2018,2018,May
0,0,0,0,0,5/1/2018,2018,May
0,2693,0,0,536,5/1/2018,2018,May
0,1270,0,0,234,5/1/2018,2018,May
0,0,0,0,0,5/1/2018,2018,May
0,1471,0,0,429,5/1/2018,2018,May
0,3890,0,0,1618,5/1/2018,2018,May
0,3523,0,0,998,11/1/2018,2018,Nov
0,1371,0,0,966,11/1/2018,2018,Nov
0,1247,0,0,247,11/1/2018,2018,Nov
4,2175,0,0,267,11/1/2018,2018,Nov
0,0,0,0,0,11/1/2018,2018,Nov
0,0,0,0,0,11/1/2018,2018,Nov
0,0,0,0,0,11/1/2018,2018,Nov
0,0,0,0,0,11/1/2018,2018,Nov
0,4960,0,0,97,11/1/2018,2018,Nov
0,2292,0,0,530,11/1/2018,2018,Nov
0,8348,0,0,1821,11/1/2018,2018,Nov
0,3169,0,0,283,11/1/2018,2018,Nov
0,0,0,0,0,11/1/2018,2018,Nov
0,1983,0,0,296,11/1/2018,2018,Nov
0,0,0,0,0,11/1/2018,2018,Nov
0,0,0,0,0,11/1/2018,2018,Nov
0,0,0,0,0,11/1/2018,2018,Nov
0,1266,0,0,228,11/1/2018,2018,Nov
35,2424,0,0,1090,11/1/2018,2018,Nov
2,2243,0,15,881,11/1/2018,2018,Nov
0,0,0,0,0,11/1/2018,2018,Nov
0,2872,0,109,1982,11/1/2018,2018,Nov
0,0,0,0,0,11/1/2018,2018,Nov
0,0,0,0,0,11/1/2018,2018,Nov
0,3327,25,0,584,11/1/2018,2018,Nov
0,0,0,0,0,11/1/2018,2018,Nov
0,0,0,0,0,11/1/2018,2018,Nov
0,3564,1059,0,711,11/1/2018,2018,Nov
0,2970,0,0,1500,11/1/2018,2018,Nov
0,3494,0,19,546,11/1/2018,2018,Nov
0,0,0,0,0,11/1/2018,2018,Nov
0,4252,0,0,273,11/1/2018,2018,Nov
0,2149,0,0,1052,11/1/2018,2018,Nov
0,2854,23,0,820,11/1/2018,2018,Nov
0,0,0,0,0,11/1/2018,2018,Nov
0,0,0,0,0,11/1/2018,2018,Nov
0,0,0,0,0,11/1/2018,2018,Nov
0,0,0,1,21,11/1/2018,2018,Nov
0,1828,0,0,794,11/1/2018,2018,Nov
0,3798,0,0,1718,11/1/2018,2018,Nov
0,0,0,11,62,11/1/2018,2018,Nov
3,2181,0,0,281,11/1/2018,2018,Nov
0,2712,0,0,323,11/1/2018,2018,Nov
0,0,0,0,0,11/1/2018,2018,Nov
0,0,0,0,0,11/1/2018,2018,Nov
0,3401,0,414,1056,11/1/2018,2018,Nov
0,1400,0,0,421,11/1/2018,2018,Nov
0,0,0,9,11,11/1/2018,2018,Nov
0,0,0,0,0,11/1/2018,2018,Nov
0,0,0,0,0,11/1/2018,2018,Nov
0,3286,0,0,907,11/1/2018,2018,Nov
0,0,0,0,0,11/1/2018,2018,Nov
1,923,0,0,311,11/1/2018,2018,Nov
0,4392,0,207,1811,11/1/2018,2018,Nov
22,3615,0,37,1644,11/1/2018,2018,Nov
0,0,0,0,0,11/1/2018,2018,Nov
0,4578,0,180,1989,11/1/2018,2018,Nov
0,3353,0,0,903,11/1/2018,2018,Nov
0,0,0,0,0,11/1/2018,2018,Nov
0,0,0,0,0,11/1/2018,2018,Nov
0,3356,5,0,162,11/1/2018,2018,Nov
0,0,0,0,0,11/1/2018,2018,Nov
0,0,0,0,0,11/1/2018,2018,Nov
0,0,0,0,0,11/1/2018,2018,Nov
0,6198,0,0,1729,11/1/2018,2018,Nov
0,0,0,0,0,11/1/2018,2018,Nov
0,1797,0,0,308,11/1/2018,2018,Nov
11,1274,0,0,85,11/1/2018,2018,Nov
0,0,0,1,26,11/1/2018,2018,Nov
1,3920,0,0,1015,11/1/2018,2018,Nov
0,0,0,0,0,11/1/2018,2018,Nov
3,2325,0,0,1396,11/1/2018,2018,Nov
0,3747,0,0,792,11/1/2018,2018,Nov
5,2712,0,0,1211,11/1/2018,2018,Nov
0,0,0,0,0,11/1/2018,2018,Nov
0,1007,0,0,544,11/1/2018,2018,Nov
0,0,0,0,0,11/1/2018,2018,Nov
0,0,0,0,0,11/1/2018,2018,Nov
0,0,0,0,0,11/1/2018,2018,Nov
0,0,0,0,0,11/1/2018,2018,Nov
0,1761,0,0,236,11/1/2018,2018,Nov
0,0,0,0,0,11/1/2018,2018,Nov
0,2837,0,0,1641,11/1/2018,2018,Nov
0,0,0,0,0,11/1/2018,2018,Nov
4,3359,12,0,1173,11/1/2018,2018,Nov
0,967,0,0,165,11/1/2018,2018,Nov
0,1427,0,0,574,11/1/2018,2018,Nov
0,0,0,0,0,11/1/2018,2018,Nov
0,2744,0,0,478,11/1/2018,2018,Nov
14,4548,0,0,406,11/1/2018,2018,Nov
0,0,0,0,0,11/1/2018,2018,Nov
0,2404,0,0,594,11/1/2018,2018,Nov
12,2273,0,438,1542,11/1/2018,2018,Nov
0,0,0,0,0,11/1/2018,2018,Nov
0,4504,0,0,1492,11/1/2018,2018,Nov
10,4789,0,0,478,11/1/2018,2018,Nov
0,0,0,1,4,11/1/2018,2018,Nov
0,0,0,0,228,11/1/2018,2018,Nov
0,0,97,0,27,11/1/2018,2018,Nov
0,6137,0,0,780,11/1/2018,2018,Nov
0,0,0,0,0,11/1/2018,2018,Nov
0,3020,0,0,1407,11/1/2018,2018,Nov
0,3938,0,0,463,11/1/2018,2018,Nov
0,6809,156,131,1560,11/1/2018,2018,Nov
0,0,0,0,0,11/1/2018,2018,Nov
0,0,0,0,0,11/1/2018,2018,Nov
0,2008,0,0,1374,11/1/2018,2018,Nov
0,0,0,0,0,11/1/2018,2018,Nov
0,0,0,0,137,11/1/2018,2018,Nov
0,2383,0,0,887,11/1/2018,2018,Nov
0,2158,0,0,820,11/1/2018,2018,Nov
0,3950,0,123,1256,11/1/2018,2018,Nov
0,1984,0,0,765,11/1/2018,2018,Nov
0,0,0,0,0,11/1/2018,2018,Nov
0,0,23,0,214,11/1/2018,2018,Nov
0,0,0,0,0,11/1/2018,2018,Nov
4,2773,0,0,2055,11/1/2018,2018,Nov
26,3111,0,0,1625,11/1/2018,2018,Nov
0,2171,0,0,1026,11/1/2018,2018,Nov
0,0,0,0,0,11/1/2018,2018,Nov
0,2848,0,0,324,11/1/2018,2018,Nov
0,1569,0,605,2147,11/1/2018,2018,Nov
0,3492,0,0,1235,11/1/2018,2018,Nov
0,0,0,0,0,11/1/2018,2018,Nov
0,3059,0,0,1412,11/1/2018,2018,Nov
0,1171,0,0,614,11/1/2018,2018,Nov
0,0,0,0,0,11/1/2018,2018,Nov
0,3217,0,0,522,11/1/2018,2018,Nov
0,4417,0,8,724,11/1/2018,2018,Nov
0,0,0,0,0,11/1/2018,2018,Nov
0,0,0,0,0,11/1/2018,2018,Nov
1,4113,0,0,3058,11/1/2018,2018,Nov
0,0,0,0,0,11/1/2018,2018,Nov
0,0,0,0,0,11/1/2018,2018,Nov
0,0,0,0,0,11/1/2018,2018,Nov
0,0,0,0,0,11/1/2018,2018,Nov
0,0,0,0,0,11/1/2018,2018,Nov
0,3478,88,15,3362,11/1/2018,2018,Nov
0,0,0,0,0,11/1/2018,2018,Nov
0,0,0,0,0,11/1/2018,2018,Nov
0,0,0,0,0,11/1/2018,2018,Nov
9,6250,0,119,1949,11/1/2018,2018,Nov
0,0,0,0,0,11/1/2018,2018,Nov
0,1968,0,0,1631,11/1/2018,2018,Nov
0,3448,0,6,1545,11/1/2018,2018,Nov
0,0,0,0,0,11/1/2018,2018,Nov
0,0,0,16,359,11/1/2018,2018,Nov
0,0,0,0,0,11/1/2018,2018,Nov
0,3089,0,0,580,11/1/2018,2018,Nov
0,0,0,0,284,11/1/2018,2018,Nov
0,2611,0,29,1239,11/1/2018,2018,Nov
4,2095,0,0,1552,11/1/2018,2018,Nov
0,4384,0,0,866,11/1/2018,2018,Nov
0,2576,31,0,1082,11/1/2018,2018,Nov
0,0,0,0,19,11/1/2018,2018,Nov
0,2475,0,1,528,11/1/2018,2018,Nov
1,2341,0,32,1498,11/1/2018,2018,Nov
0,2539,0,0,404,11/1/2018,2018,Nov
0,1135,0,0,741,11/1/2018,2018,Nov
0,0,0,0,0,11/1/2018,2018,Nov
0,3316,26,0,632,11/1/2018,2018,Nov
0,0,0,0,0,11/1/2018,2018,Nov
0,775,0,0,447,11/1/2018,2018,Nov
0,2841,0,0,2727,11/1/2018,2018,Nov
0,2910,0,4,425,11/1/2018,2018,Nov
5,2546,0,28,2228,11/1/2018,2018,Nov
0,0,0,0,28,11/1/2018,2018,Nov
0,0,0,0,0,11/1/2018,2018,Nov
0,0,0,0,6,11/1/2018,2018,Nov
0,0,0,0,30,11/1/2018,2018,Nov
0,0,0,0,0,11/1/2018,2018,Nov
0,2399,0,7,2506,11/1/2018,2018,Nov
0,1279,0,0,20,11/1/2018,2018,Nov
0,1857,0,0,269,11/1/2018,2018,Nov
0,0,0,0,103,11/1/2018,2018,Nov
0,0,0,0,0,11/1/2018,2018,Nov
0,0,0,0,0,11/1/2018,2018,Nov
1,2419,0,368,1188,11/1/2018,2018,Nov
0,0,0,2,201,11/1/2018,2018,Nov
5,2673,0,0,79,11/1/2018,2018,Nov
1,4136,0,0,755,11/1/2018,2018,Nov
0,4372,0,0,407,11/1/2018,2018,Nov
0,0,0,0,0,11/1/2018,2018,Nov
13,2502,0,101,974,11/1/2018,2018,Nov
0,0,0,0,0,11/1/2018,2018,Nov
0,2610,0,0,726,11/1/2018,2018,Nov
1,0,0,3,0,11/1/2018,2018,Nov
0,1770,0,0,491,11/1/2018,2018,Nov
0,2162,0,0,1355,11/1/2018,2018,Nov
0,0,0,0,0,11/1/2018,2018,Nov
0,0,0,0,465,11/1/2018,2018,Nov
0,2239,0,0,854,11/1/2018,2018,Nov
0,1948,0,0,143,11/1/2018,2018,Nov
0,0,0,0,0,11/1/2018,2018,Nov
0,2181,19,2,2702,11/1/2018,2018,Nov
0,0,0,0,0,11/1/2018,2018,Nov
0,2413,0,0,679,11/1/2018,2018,Nov
2,2160,0,0,858,11/1/2018,2018,Nov
0,0,0,0,0,11/1/2018,2018,Nov
0,0,0,0,24,11/1/2018,2018,Nov
1,1599,0,0,396,11/1/2018,2018,Nov
0,1827,6,0,1372,11/1/2018,2018,Nov
0,2870,0,0,1152,11/1/2018,2018,Nov
0,0,0,0,158,11/1/2018,2018,Nov
0,0,0,0,0,11/1/2018,2018,Nov
2,2400,0,0,648,11/1/2018,2018,Nov
0,3876,0,0,1173,11/1/2018,2018,Nov
0,2029,0,0,791,11/1/2018,2018,Nov
2,3160,15,18,1934,11/1/2018,2018,Nov
1,11230,0,1443,3435,11/1/2018,2018,Nov
0,3371,10,0,979,11/1/2018,2018,Nov
0,4617,95,0,595,11/1/2018,2018,Nov
2,5587,0,131,1850,11/1/2018,2018,Nov
0,5075,8,0,3393,11/1/2018,2018,Nov
17,2070,0,56,1177,11/1/2018,2018,Nov
0,5953,0,0,3019,11/1/2018,2018,Nov
0,3031,0,0,2391,11/1/2018,2018,Nov
0,0,0,0,0,11/1/2018,2018,Nov
0,2181,0,0,789,11/1/2018,2018,Nov
0,0,0,0,10,11/1/2018,2018,Nov
0,2252,0,0,437,11/1/2018,2018,Nov
0,2986,0,0,486,11/1/2018,2018,Nov
0,2058,0,0,966,11/1/2018,2018,Nov
0,3650,0,0,1539,11/1/2018,2018,Nov
0,1163,0,0,97,11/1/2018,2018,Nov
0,0,0,0,0,11/1/2018,2018,Nov
0,1517,0,0,102,11/1/2018,2018,Nov
0,0,0,0,0,11/1/2018,2018,Nov
0,0,0,0,0,11/1/2018,2018,Nov
0,2239,0,0,2004,11/1/2018,2018,Nov
0,0,0,0,0,11/1/2018,2018,Nov
34,3119,0,0,1101,11/1/2018,2018,Nov
0,0,0,0,0,11/1/2018,2018,Nov
0,2359,0,0,471,11/1/2018,2018,Nov
0,1293,0,0,203,11/1/2018,2018,Nov
0,0,0,0,0,11/1/2018,2018,Nov
0,1634,0,0,352,11/1/2018,2018,Nov
0,3858,0,0,1725,11/1/2018,2018,Nov
0,3652,0,0,952,10/1/2018,2018,Oct
0,1436,0,0,592,10/1/2018,2018,Oct
0,1170,0,0,256,10/1/2018,2018,Oct
0,2038,0,9,184,10/1/2018,2018,Oct
0,0,0,0,0,10/1/2018,2018,Oct
0,0,0,0,0,10/1/2018,2018,Oct
0,0,0,0,0,10/1/2018,2018,Oct
0,0,0,0,0,10/1/2018,2018,Oct
1,4958,0,0,69,10/1/2018,2018,Oct
0,2284,0,0,597,10/1/2018,2018,Oct
0,8425,0,0,1826,10/1/2018,2018,Oct
0,2635,0,0,337,10/1/2018,2018,Oct
0,0,0,0,0,10/1/2018,2018,Oct
0,2052,0,0,307,10/1/2018,2018,Oct
0,0,0,0,0,10/1/2018,2018,Oct
0,0,0,0,0,10/1/2018,2018,Oct
0,0,0,0,0,10/1/2018,2018,Oct
0,1352,0,0,303,10/1/2018,2018,Oct
25,2414,0,0,1059,10/1/2018,2018,Oct
0,2308,0,17,924,10/1/2018,2018,Oct
0,0,0,0,0,10/1/2018,2018,Oct
0,2982,0,96,1849,10/1/2018,2018,Oct
0,0,0,0,0,10/1/2018,2018,Oct
0,0,0,0,0,10/1/2018,2018,Oct
0,3229,24,0,434,10/1/2018,2018,Oct
0,0,0,0,0,10/1/2018,2018,Oct
0,0,0,0,0,10/1/2018,2018,Oct
0,3380,898,0,765,10/1/2018,2018,Oct
0,3107,0,0,1504,10/1/2018,2018,Oct
0,3343,0,17,537,10/1/2018,2018,Oct
0,0,0,0,0,10/1/2018,2018,Oct
0,4346,0,0,274,10/1/2018,2018,Oct
0,2223,0,0,1036,10/1/2018,2018,Oct
0,2892,27,0,760,10/1/2018,2018,Oct
1,0,0,0,0,10/1/2018,2018,Oct
0,0,0,0,0,10/1/2018,2018,Oct
0,0,0,0,0,10/1/2018,2018,Oct
0,0,0,0,27,10/1/2018,2018,Oct
0,1850,0,0,781,10/1/2018,2018,Oct
0,3644,0,0,1732,10/1/2018,2018,Oct
0,0,0,11,66,10/1/2018,2018,Oct
0,2310,0,0,279,10/1/2018,2018,Oct
0,2597,0,0,287,10/1/2018,2018,Oct
0,0,0,0,0,10/1/2018,2018,Oct
0,0,0,0,0,10/1/2018,2018,Oct
0,3558,0,421,995,10/1/2018,2018,Oct
0,1405,0,0,435,10/1/2018,2018,Oct
0,0,0,3,25,10/1/2018,2018,Oct
0,0,0,0,0,10/1/2018,2018,Oct
0,0,0,0,0,10/1/2018,2018,Oct
2,3156,0,0,993,10/1/2018,2018,Oct
0,0,0,0,0,10/1/2018,2018,Oct
6,974,0,0,323,10/1/2018,2018,Oct
0,3980,0,250,1673,10/1/2018,2018,Oct
30,3770,0,43,1565,10/1/2018,2018,Oct
0,0,0,0,0,10/1/2018,2018,Oct
0,4620,0,134,1835,10/1/2018,2018,Oct
0,3169,0,0,826,10/1/2018,2018,Oct
0,0,0,0,0,10/1/2018,2018,Oct
0,0,0,0,0,10/1/2018,2018,Oct
0,3219,14,0,157,10/1/2018,2018,Oct
0,0,0,0,0,10/1/2018,2018,Oct
0,0,0,0,0,10/1/2018,2018,Oct
0,0,0,0,0,10/1/2018,2018,Oct
0,6258,0,0,1655,10/1/2018,2018,Oct
0,0,0,0,0,10/1/2018,2018,Oct
0,1759,0,0,314,10/1/2018,2018,Oct
1,1329,0,0,75,10/1/2018,2018,Oct
0,0,0,1,31,10/1/2018,2018,Oct
0,3871,0,0,914,10/1/2018,2018,Oct
0,0,0,0,0,10/1/2018,2018,Oct
0,2265,0,0,1384,10/1/2018,2018,Oct
0,3606,0,0,782,10/1/2018,2018,Oct
0,2554,0,0,1169,10/1/2018,2018,Oct
0,0,0,0,0,10/1/2018,2018,Oct
0,1038,0,0,530,10/1/2018,2018,Oct
0,0,0,0,2,10/1/2018,2018,Oct
0,0,0,0,0,10/1/2018,2018,Oct
0,0,0,0,0,10/1/2018,2018,Oct
0,0,0,0,0,10/1/2018,2018,Oct
0,1744,0,0,219,10/1/2018,2018,Oct
0,0,0,0,0,10/1/2018,2018,Oct
0,2956,0,0,1750,10/1/2018,2018,Oct
0,0,0,0,0,10/1/2018,2018,Oct
5,3476,7,0,1183,10/1/2018,2018,Oct
0,944,0,0,90,10/1/2018,2018,Oct
0,1477,0,0,554,10/1/2018,2018,Oct
0,0,0,0,0,10/1/2018,2018,Oct
0,2796,0,0,436,10/1/2018,2018,Oct
10,4657,0,0,400,10/1/2018,2018,Oct
0,0,0,0,0,10/1/2018,2018,Oct
0,2271,0,0,523,10/1/2018,2018,Oct
5,2232,0,429,1668,10/1/2018,2018,Oct
0,0,0,0,0,10/1/2018,2018,Oct
0,5257,0,0,1382,10/1/2018,2018,Oct
25,4855,0,0,471,10/1/2018,2018,Oct
0,0,0,1,2,10/1/2018,2018,Oct
0,0,0,0,251,10/1/2018,2018,Oct
0,0,100,0,33,10/1/2018,2018,Oct
0,6343,0,0,697,10/1/2018,2018,Oct
0,0,0,0,0,10/1/2018,2018,Oct
1,2553,0,0,1294,10/1/2018,2018,Oct
1,4115,0,0,484,10/1/2018,2018,Oct
0,6938,198,181,1563,10/1/2018,2018,Oct
0,0,0,0,0,10/1/2018,2018,Oct
0,0,0,0,0,10/1/2018,2018,Oct
13,2065,0,0,1350,10/1/2018,2018,Oct
0,0,0,0,0,10/1/2018,2018,Oct
0,0,0,0,135,10/1/2018,2018,Oct
0,2403,0,0,928,10/1/2018,2018,Oct
0,2378,0,0,821,10/1/2018,2018,Oct
0,3946,0,164,1161,10/1/2018,2018,Oct
0,1922,0,0,724,10/1/2018,2018,Oct
0,0,0,0,0,10/1/2018,2018,Oct
0,0,9,0,223,10/1/2018,2018,Oct
0,0,0,0,0,10/1/2018,2018,Oct
1,2961,0,0,2125,10/1/2018,2018,Oct
0,3018,0,0,1722,10/1/2018,2018,Oct
0,2214,0,0,930,10/1/2018,2018,Oct
0,0,0,0,0,10/1/2018,2018,Oct
0,2839,0,0,273,10/1/2018,2018,Oct
0,1552,0,636,2103,10/1/2018,2018,Oct
0,3690,0,0,1204,10/1/2018,2018,Oct
0,0,0,0,0,10/1/2018,2018,Oct
0,3035,0,0,1276,10/1/2018,2018,Oct
0,1193,0,0,571,10/1/2018,2018,Oct
0,0,0,0,0,10/1/2018,2018,Oct
2,3138,0,0,522,10/1/2018,2018,Oct
0,4536,0,14,765,10/1/2018,2018,Oct
0,0,0,0,0,10/1/2018,2018,Oct
0,0,0,0,0,10/1/2018,2018,Oct
0,4035,0,0,3137,10/1/2018,2018,Oct
0,0,0,0,0,10/1/2018,2018,Oct
0,0,0,0,0,10/1/2018,2018,Oct
0,0,0,0,0,10/1/2018,2018,Oct
0,0,0,0,0,10/1/2018,2018,Oct
0,0,0,0,0,10/1/2018,2018,Oct
0,3281,77,25,3601,10/1/2018,2018,Oct
0,0,0,0,0,10/1/2018,2018,Oct
0,0,0,0,0,10/1/2018,2018,Oct
0,0,0,0,0,10/1/2018,2018,Oct
2,6617,0,110,2102,10/1/2018,2018,Oct
0,0,0,0,0,10/1/2018,2018,Oct
0,1905,0,0,1591,10/1/2018,2018,Oct
0,3430,0,5,1591,10/1/2018,2018,Oct
0,0,0,0,0,10/1/2018,2018,Oct
0,0,0,31,426,10/1/2018,2018,Oct
0,0,0,0,0,10/1/2018,2018,Oct
0,3149,1,0,555,10/1/2018,2018,Oct
0,0,0,0,286,10/1/2018,2018,Oct
0,2683,0,17,1155,10/1/2018,2018,Oct
3,2049,0,0,1433,10/1/2018,2018,Oct
0,4551,0,0,707,10/1/2018,2018,Oct
0,2524,28,0,1112,10/1/2018,2018,Oct
0,0,0,0,29,10/1/2018,2018,Oct
0,2406,0,0,423,10/1/2018,2018,Oct
0,2541,0,24,1359,10/1/2018,2018,Oct
0,2923,0,0,401,10/1/2018,2018,Oct
0,1216,0,0,791,10/1/2018,2018,Oct
0,0,0,0,0,10/1/2018,2018,Oct
1,3121,35,0,728,10/1/2018,2018,Oct
0,0,0,0,0,10/1/2018,2018,Oct
0,756,0,0,358,10/1/2018,2018,Oct
0,2915,0,0,2715,10/1/2018,2018,Oct
0,2944,0,1,459,10/1/2018,2018,Oct
8,2366,0,51,2349,10/1/2018,2018,Oct
0,0,0,0,29,10/1/2018,2018,Oct
0,0,0,0,0,10/1/2018,2018,Oct
0,0,0,0,4,10/1/2018,2018,Oct
0,0,0,0,25,10/1/2018,2018,Oct
0,0,0,0,0,10/1/2018,2018,Oct
0,2451,0,12,2603,10/1/2018,2018,Oct
0,1268,0,0,25,10/1/2018,2018,Oct
0,1921,0,0,335,10/1/2018,2018,Oct
0,0,0,0,133,10/1/2018,2018,Oct
0,0,0,0,0,10/1/2018,2018,Oct
0,0,0,0,0,10/1/2018,2018,Oct
0,2230,0,290,1201,10/1/2018,2018,Oct
0,0,0,2,184,10/1/2018,2018,Oct
4,2668,0,0,77,10/1/2018,2018,Oct
0,4245,0,0,818,10/1/2018,2018,Oct
0,4644,0,0,432,10/1/2018,2018,Oct
0,0,0,0,0,10/1/2018,2018,Oct
18,2464,0,78,992,10/1/2018,2018,Oct
0,0,0,0,0,10/1/2018,2018,Oct
0,2495,0,0,732,10/1/2018,2018,Oct
0,0,0,0,0,10/1/2018,2018,Oct
0,1918,0,0,489,10/1/2018,2018,Oct
0,2179,0,0,1341,10/1/2018,2018,Oct
0,0,0,0,0,10/1/2018,2018,Oct
0,0,0,0,443,10/1/2018,2018,Oct
0,2255,0,0,966,10/1/2018,2018,Oct
1,2078,0,0,128,10/1/2018,2018,Oct
0,0,0,0,0,10/1/2018,2018,Oct
0,2447,23,4,2423,10/1/2018,2018,Oct
0,0,0,0,0,10/1/2018,2018,Oct
0,2522,0,0,673,10/1/2018,2018,Oct
1,2121,0,0,856,10/1/2018,2018,Oct
0,0,0,0,0,10/1/2018,2018,Oct
0,0,0,0,12,10/1/2018,2018,Oct
0,1589,0,0,441,10/1/2018,2018,Oct
0,1815,3,0,1411,10/1/2018,2018,Oct
0,2866,0,0,1114,10/1/2018,2018,Oct
0,0,0,0,197,10/1/2018,2018,Oct
0,0,0,0,0,10/1/2018,2018,Oct
3,2454,0,0,625,10/1/2018,2018,Oct
1,3847,0,0,1138,10/1/2018,2018,Oct
0,2186,0,0,826,10/1/2018,2018,Oct
0,3103,35,21,2004,10/1/2018,2018,Oct
3,10770,0,1468,3575,10/1/2018,2018,Oct
1,3277,14,0,1007,10/1/2018,2018,Oct
0,4407,105,2,616,10/1/2018,2018,Oct
5,5508,0,143,1967,10/1/2018,2018,Oct
0,4872,13,0,3585,10/1/2018,2018,Oct
8,2242,92,202,1140,10/1/2018,2018,Oct
1,5882,0,0,3193,10/1/2018,2018,Oct
0,3055,0,0,2285,10/1/2018,2018,Oct
0,0,0,0,0,10/1/2018,2018,Oct
0,2175,0,0,853,10/1/2018,2018,Oct
0,0,0,0,8,10/1/2018,2018,Oct
0,2273,0,0,428,10/1/2018,2018,Oct
0,3187,0,0,701,10/1/2018,2018,Oct
0,2084,0,0,908,10/1/2018,2018,Oct
0,3631,0,0,1568,10/1/2018,2018,Oct
0,1120,0,0,145,10/1/2018,2018,Oct
0,0,0,0,0,10/1/2018,2018,Oct
0,1392,0,0,117,10/1/2018,2018,Oct
0,0,0,0,0,10/1/2018,2018,Oct
0,0,0,0,0,10/1/2018,2018,Oct
0,2514,0,0,1868,10/1/2018,2018,Oct
0,0,0,0,0,10/1/2018,2018,Oct
25,3137,0,0,1032,10/1/2018,2018,Oct
0,0,0,0,0,10/1/2018,2018,Oct
0,2451,0,0,411,10/1/2018,2018,Oct
0,1313,0,0,207,10/1/2018,2018,Oct
0,0,0,0,0,10/1/2018,2018,Oct
0,1487,0,0,449,10/1/2018,2018,Oct
0,3861,0,0,1627,10/1/2018,2018,Oct
0,3382,0,0,811,9/1/2018,2018,Sep
0,1343,0,0,838,9/1/2018,2018,Sep
0,1107,0,0,219,9/1/2018,2018,Sep
0,1984,0,13,196,9/1/2018,2018,Sep
0,0,0,0,0,9/1/2018,2018,Sep
0,0,0,0,0,9/1/2018,2018,Sep
0,0,0,0,0,9/1/2018,2018,Sep
0,0,0,0,0,9/1/2018,2018,Sep
0,4804,0,0,75,9/1/2018,2018,Sep
0,2140,0,0,488,9/1/2018,2018,Sep
0,8219,0,0,1624,9/1/2018,2018,Sep
0,3247,0,0,272,9/1/2018,2018,Sep
0,0,0,0,0,9/1/2018,2018,Sep
0,1827,0,0,261,9/1/2018,2018,Sep
0,0,0,0,0,9/1/2018,2018,Sep
0,0,0,0,0,9/1/2018,2018,Sep
0,0,0,0,0,9/1/2018,2018,Sep
0,1166,0,0,231,9/1/2018,2018,Sep
16,2293,0,0,870,9/1/2018,2018,Sep
1,2155,0,27,686,9/1/2018,2018,Sep
0,0,0,0,0,9/1/2018,2018,Sep
0,3389,0,89,1186,9/1/2018,2018,Sep
0,0,0,0,0,9/1/2018,2018,Sep
0,0,0,0,0,9/1/2018,2018,Sep
0,3187,20,0,407,9/1/2018,2018,Sep
0,0,0,0,0,9/1/2018,2018,Sep
0,0,0,0,0,9/1/2018,2018,Sep
0,3109,752,0,651,9/1/2018,2018,Sep
0,2887,0,0,1346,9/1/2018,2018,Sep
0,3257,0,26,422,9/1/2018,2018,Sep
0,0,0,0,0,9/1/2018,2018,Sep
0,4006,0,0,248,9/1/2018,2018,Sep
0,2117,0,0,911,9/1/2018,2018,Sep
0,2893,32,0,682,9/1/2018,2018,Sep
0,0,0,0,0,9/1/2018,2018,Sep
0,0,0,0,0,9/1/2018,2018,Sep
0,0,0,0,0,9/1/2018,2018,Sep
0,0,0,0,29,9/1/2018,2018,Sep
0,1828,0,0,666,9/1/2018,2018,Sep
0,3497,0,0,1532,9/1/2018,2018,Sep
0,0,0,14,64,9/1/2018,2018,Sep
0,2160,0,0,271,9/1/2018,2018,Sep
0,2545,0,0,236,9/1/2018,2018,Sep
0,0,0,0,0,9/1/2018,2018,Sep
0,0,0,0,0,9/1/2018,2018,Sep
0,3307,0,398,972,9/1/2018,2018,Sep
1,1371,0,0,290,9/1/2018,2018,Sep
0,0,0,10,27,9/1/2018,2018,Sep
0,0,0,0,0,9/1/2018,2018,Sep
0,0,0,0,0,9/1/2018,2018,Sep
0,2931,0,0,836,9/1/2018,2018,Sep
0,0,0,0,0,9/1/2018,2018,Sep
0,898,0,0,288,9/1/2018,2018,Sep
0,3766,0,236,1524,9/1/2018,2018,Sep
20,3394,0,39,1355,9/1/2018,2018,Sep
0,0,0,0,0,9/1/2018,2018,Sep
0,4404,1,158,1747,9/1/2018,2018,Sep
0,3111,0,0,703,9/1/2018,2018,Sep
0,0,0,0,0,9/1/2018,2018,Sep
0,0,0,0,0,9/1/2018,2018,Sep
0,3221,12,0,151,9/1/2018,2018,Sep
0,0,0,0,0,9/1/2018,2018,Sep
0,0,0,0,0,9/1/2018,2018,Sep
0,0,0,0,0,9/1/2018,2018,Sep
0,6093,0,0,1407,9/1/2018,2018,Sep
0,0,0,0,0,9/1/2018,2018,Sep
0,1696,0,0,295,9/1/2018,2018,Sep
0,1315,0,0,98,9/1/2018,2018,Sep
0,0,0,0,41,9/1/2018,2018,Sep
0,3756,0,0,813,9/1/2018,2018,Sep
0,0,0,0,0,9/1/2018,2018,Sep
0,2285,0,0,1235,9/1/2018,2018,Sep
0,3353,0,0,751,9/1/2018,2018,Sep
4,2259,0,0,1280,9/1/2018,2018,Sep
0,0,0,0,0,9/1/2018,2018,Sep
0,937,0,0,479,9/1/2018,2018,Sep
0,0,0,0,3,9/1/2018,2018,Sep
0,0,0,0,0,9/1/2018,2018,Sep
0,0,0,0,0,9/1/2018,2018,Sep
0,0,0,0,0,9/1/2018,2018,Sep
0,1650,0,0,246,9/1/2018,2018,Sep
0,0,0,0,0,9/1/2018,2018,Sep
0,2825,0,0,1423,9/1/2018,2018,Sep
0,0,0,0,0,9/1/2018,2018,Sep
7,3262,18,0,1162,9/1/2018,2018,Sep
0,891,0,0,113,9/1/2018,2018,Sep
0,1403,0,0,440,9/1/2018,2018,Sep
0,0,0,0,0,9/1/2018,2018,Sep
0,2523,0,0,433,9/1/2018,2018,Sep
20,4384,0,0,360,9/1/2018,2018,Sep
0,0,0,0,0,9/1/2018,2018,Sep
0,2242,0,0,496,9/1/2018,2018,Sep
8,2116,0,390,1334,9/1/2018,2018,Sep
0,0,0,0,0,9/1/2018,2018,Sep
0,4987,0,0,1390,9/1/2018,2018,Sep
7,4291,0,0,437,9/1/2018,2018,Sep
0,0,0,1,0,9/1/2018,2018,Sep
0,0,0,0,242,9/1/2018,2018,Sep
0,0,91,0,28,9/1/2018,2018,Sep
0,5883,0,0,740,9/1/2018,2018,Sep
0,0,0,0,0,9/1/2018,2018,Sep
0,2725,0,0,1071,9/1/2018,2018,Sep
0,4043,0,0,422,9/1/2018,2018,Sep
0,6863,163,130,1256,9/1/2018,2018,Sep
0,0,0,0,0,9/1/2018,2018,Sep
0,0,0,0,0,9/1/2018,2018,Sep
0,2119,0,0,1089,9/1/2018,2018,Sep
0,0,0,0,0,9/1/2018,2018,Sep
0,0,0,0,131,9/1/2018,2018,Sep
0,2252,0,0,709,9/1/2018,2018,Sep
1,2204,0,0,733,9/1/2018,2018,Sep
0,3851,0,160,1022,9/1/2018,2018,Sep
0,1744,0,0,634,9/1/2018,2018,Sep
0,0,0,0,0,9/1/2018,2018,Sep
0,0,7,0,228,9/1/2018,2018,Sep
0,0,0,0,0,9/1/2018,2018,Sep
0,2731,0,0,1949,9/1/2018,2018,Sep
0,2966,0,0,1504,9/1/2018,2018,Sep
0,2128,0,0,799,9/1/2018,2018,Sep
0,0,0,0,0,9/1/2018,2018,Sep
0,2574,0,0,256,9/1/2018,2018,Sep
0,1536,0,675,2031,9/1/2018,2018,Sep
0,3466,0,0,1049,9/1/2018,2018,Sep
0,0,0,0,0,9/1/2018,2018,Sep
0,2892,0,0,1062,9/1/2018,2018,Sep
2,1127,0,0,539,9/1/2018,2018,Sep
0,0,0,0,0,9/1/2018,2018,Sep
0,2903,0,0,494,9/1/2018,2018,Sep
0,4264,0,25,543,9/1/2018,2018,Sep
0,0,0,0,0,9/1/2018,2018,Sep
0,0,0,0,0,9/1/2018,2018,Sep
2,3774,0,0,2775,9/1/2018,2018,Sep
0,0,0,0,0,9/1/2018,2018,Sep
0,0,0,0,0,9/1/2018,2018,Sep
0,0,0,0,0,9/1/2018,2018,Sep
0,0,0,0,0,9/1/2018,2018,Sep
0,0,0,0,0,9/1/2018,2018,Sep
0,2884,69,28,2980,9/1/2018,2018,Sep
0,0,0,0,0,9/1/2018,2018,Sep
0,0,0,0,0,9/1/2018,2018,Sep
0,0,0,0,0,9/1/2018,2018,Sep
1,6056,0,110,1637,9/1/2018,2018,Sep
0,0,0,0,0,9/1/2018,2018,Sep
0,1734,0,0,1294,9/1/2018,2018,Sep
0,3209,0,3,1425,9/1/2018,2018,Sep
0,0,0,0,0,9/1/2018,2018,Sep
0,0,0,14,410,9/1/2018,2018,Sep
0,0,0,0,0,9/1/2018,2018,Sep
0,2913,0,0,524,9/1/2018,2018,Sep
0,0,0,0,305,9/1/2018,2018,Sep
0,2687,0,31,971,9/1/2018,2018,Sep
8,1955,0,0,1364,9/1/2018,2018,Sep
0,4137,0,0,698,9/1/2018,2018,Sep
0,2298,31,0,1051,9/1/2018,2018,Sep
0,0,0,0,25,9/1/2018,2018,Sep
0,1876,0,0,456,9/1/2018,2018,Sep
0,2475,0,30,1113,9/1/2018,2018,Sep
0,2686,0,0,424,9/1/2018,2018,Sep
0,1163,0,0,675,9/1/2018,2018,Sep
0,0,0,0,0,9/1/2018,2018,Sep
0,3106,31,0,533,9/1/2018,2018,Sep
0,0,0,0,0,9/1/2018,2018,Sep
0,673,0,0,356,9/1/2018,2018,Sep
0,2891,0,0,2588,9/1/2018,2018,Sep
1,2591,0,13,365,9/1/2018,2018,Sep
0,2318,0,35,2134,9/1/2018,2018,Sep
0,0,0,0,26,9/1/2018,2018,Sep
0,0,0,0,0,9/1/2018,2018,Sep
0,0,0,0,0,9/1/2018,2018,Sep
0,0,0,0,0,9/1/2018,2018,Sep
0,0,0,0,0,9/1/2018,2018,Sep
0,2263,0,12,2310,9/1/2018,2018,Sep
0,1224,0,0,37,9/1/2018,2018,Sep
0,1785,0,0,298,9/1/2018,2018,Sep
0,0,0,0,120,9/1/2018,2018,Sep
0,0,0,0,0,9/1/2018,2018,Sep
0,0,0,0,0,9/1/2018,2018,Sep
0,2133,0,229,1105,9/1/2018,2018,Sep
0,0,0,1,194,9/1/2018,2018,Sep
2,2582,0,0,62,9/1/2018,2018,Sep
1,4024,0,0,690,9/1/2018,2018,Sep
0,4284,0,0,395,9/1/2018,2018,Sep
0,0,0,0,0,9/1/2018,2018,Sep
7,2508,0,81,832,9/1/2018,2018,Sep
0,0,0,0,0,9/1/2018,2018,Sep
0,2419,0,0,735,9/1/2018,2018,Sep
1,0,0,2,0,9/1/2018,2018,Sep
0,1847,0,0,369,9/1/2018,2018,Sep
0,2148,0,0,1210,9/1/2018,2018,Sep
0,0,0,0,0,9/1/2018,2018,Sep
0,0,0,0,418,9/1/2018,2018,Sep
0,2093,0,0,838,9/1/2018,2018,Sep
0,2079,0,0,107,9/1/2018,2018,Sep
0,0,0,0,0,9/1/2018,2018,Sep
0,2405,22,4,2155,9/1/2018,2018,Sep
0,0,0,0,0,9/1/2018,2018,Sep
0,2239,0,0,650,9/1/2018,2018,Sep
1,2038,0,0,759,9/1/2018,2018,Sep
0,0,0,0,0,9/1/2018,2018,Sep
0,0,0,0,24,9/1/2018,2018,Sep
0,1512,0,0,520,9/1/2018,2018,Sep
0,1854,1,0,1175,9/1/2018,2018,Sep
0,2743,0,0,990,9/1/2018,2018,Sep
0,0,0,0,165,9/1/2018,2018,Sep
0,0,0,0,0,9/1/2018,2018,Sep
0,0,0,0,0,9/1/2018,2018,Sep
3,2415,0,0,527,9/1/2018,2018,Sep
1,3659,0,0,1041,9/1/2018,2018,Sep
0,1773,0,0,882,9/1/2018,2018,Sep
1,3362,27,12,1748,9/1/2018,2018,Sep
1,10819,0,1333,3327,9/1/2018,2018,Sep
0,3023,9,0,778,9/1/2018,2018,Sep
0,4249,96,1,518,9/1/2018,2018,Sep
2,5310,0,163,1716,9/1/2018,2018,Sep
0,4682,7,0,3052,9/1/2018,2018,Sep
16,2017,0,142,1094,9/1/2018,2018,Sep
0,5607,0,0,2552,9/1/2018,2018,Sep
0,2918,0,0,2051,9/1/2018,2018,Sep
0,0,0,0,0,9/1/2018,2018,Sep
0,1957,0,0,712,9/1/2018,2018,Sep
0,0,0,0,4,9/1/2018,2018,Sep
0,2303,0,0,380,9/1/2018,2018,Sep
0,2877,0,0,439,9/1/2018,2018,Sep
0,1927,0,0,835,9/1/2018,2018,Sep
0,3439,0,0,1303,9/1/2018,2018,Sep
0,948,0,0,105,9/1/2018,2018,Sep
0,0,0,0,0,9/1/2018,2018,Sep
0,1385,0,0,112,9/1/2018,2018,Sep
0,0,0,0,0,9/1/2018,2018,Sep
0,0,0,0,0,9/1/2018,2018,Sep
0,2365,0,0,1712,9/1/2018,2018,Sep
0,0,0,0,0,9/1/2018,2018,Sep
19,3015,0,0,854,9/1/2018,2018,Sep
0,0,0,0,0,9/1/2018,2018,Sep
0,2275,0,0,401,9/1/2018,2018,Sep
0,1249,0,0,242,9/1/2018,2018,Sep
0,0,0,0,0,9/1/2018,2018,Sep
0,1483,0,0,346,9/1/2018,2018,Sep
0,3804,0,0,1447,9/1/2018,2018,Sep
0,3557,0,0,902,4/1/2019,2019,Apr
0,1526,0,0,886,4/1/2019,2019,Apr
0,1056,0,0,221,4/1/2019,2019,Apr
7,2002,0,0,335,4/1/2019,2019,Apr
0,0,0,0,0,4/1/2019,2019,Apr
0,0,0,0,0,4/1/2019,2019,Apr
0,0,0,0,0,4/1/2019,2019,Apr
0,0,0,0,0,4/1/2019,2019,Apr
13,4492,0,0,443,4/1/2019,2019,Apr
0,2652,0,0,475,4/1/2019,2019,Apr
0,8224,0,0,1642,4/1/2019,2019,Apr
0,3098,0,0,262,4/1/2019,2019,Apr
0,0,0,0,0,4/1/2019,2019,Apr
0,2069,0,0,259,4/1/2019,2019,Apr
0,0,0,0,0,4/1/2019,2019,Apr
0,0,0,0,0,4/1/2019,2019,Apr
0,0,0,0,0,4/1/2019,2019,Apr
0,1092,0,0,265,4/1/2019,2019,Apr
41,2419,0,0,891,4/1/2019,2019,Apr
2,2164,0,22,694,4/1/2019,2019,Apr
0,0,0,0,0,4/1/2019,2019,Apr
0,2869,0,128,1717,4/1/2019,2019,Apr
0,0,0,0,0,4/1/2019,2019,Apr
0,0,0,0,0,4/1/2019,2019,Apr
0,3548,27,0,415,4/1/2019,2019,Apr
0,0,0,0,0,4/1/2019,2019,Apr
0,0,0,0,0,4/1/2019,2019,Apr
0,3427,1147,0,733,4/1/2019,2019,Apr
0,3068,0,0,1330,4/1/2019,2019,Apr
0,3426,0,19,568,4/1/2019,2019,Apr
0,0,0,0,0,4/1/2019,2019,Apr
1,4256,0,0,256,4/1/2019,2019,Apr
8,2202,0,0,888,4/1/2019,2019,Apr
0,0,0,0,0,4/1/2019,2019,Apr
0,0,0,0,0,4/1/2019,2019,Apr
0,0,0,0,0,4/1/2019,2019,Apr
0,0,0,1,21,4/1/2019,2019,Apr
1,1697,0,0,758,4/1/2019,2019,Apr
0,3752,0,0,1500,4/1/2019,2019,Apr
0,0,0,9,73,4/1/2019,2019,Apr
0,1919,0,0,151,4/1/2019,2019,Apr
0,2630,0,0,277,4/1/2019,2019,Apr
0,0,0,0,0,4/1/2019,2019,Apr
0,0,0,0,0,4/1/2019,2019,Apr
0,3329,0,386,938,4/1/2019,2019,Apr
0,1412,0,0,341,4/1/2019,2019,Apr
0,0,0,12,6,4/1/2019,2019,Apr
0,0,0,0,0,4/1/2019,2019,Apr
0,0,0,0,0,4/1/2019,2019,Apr
0,2928,0,0,813,4/1/2019,2019,Apr
0,0,0,0,0,4/1/2019,2019,Apr
3,928,0,0,287,4/1/2019,2019,Apr
0,5028,0,221,1535,4/1/2019,2019,Apr
15,3599,0,23,1443,4/1/2019,2019,Apr
0,0,0,0,0,4/1/2019,2019,Apr
1,4837,0,160,1633,4/1/2019,2019,Apr
0,3517,0,0,714,4/1/2019,2019,Apr
0,0,0,0,0,4/1/2019,2019,Apr
0,0,0,0,0,4/1/2019,2019,Apr
0,3554,9,0,135,4/1/2019,2019,Apr
0,0,0,0,0,4/1/2019,2019,Apr
0,0,0,0,0,4/1/2019,2019,Apr
0,0,0,0,0,4/1/2019,2019,Apr
0,5384,0,0,1615,4/1/2019,2019,Apr
0,0,0,0,0,4/1/2019,2019,Apr
0,1656,0,0,288,4/1/2019,2019,Apr
19,1387,0,0,54,4/1/2019,2019,Apr
0,0,0,1,35,4/1/2019,2019,Apr
0,3947,0,0,901,4/1/2019,2019,Apr
0,0,0,0,0,4/1/2019,2019,Apr
18,2270,0,0,1240,4/1/2019,2019,Apr
0,3582,0,0,717,4/1/2019,2019,Apr
5,3129,0,0,1085,4/1/2019,2019,Apr
0,0,0,0,0,4/1/2019,2019,Apr
0,1059,0,0,512,4/1/2019,2019,Apr
0,0,0,0,0,4/1/2019,2019,Apr
0,0,0,0,0,4/1/2019,2019,Apr
0,0,0,0,0,4/1/2019,2019,Apr
0,4,0,0,0,4/1/2019,2019,Apr
2,1636,0,0,205,4/1/2019,2019,Apr
0,0,0,0,0,4/1/2019,2019,Apr
0,3074,0,0,1582,4/1/2019,2019,Apr
0,0,0,0,0,4/1/2019,2019,Apr
12,3416,8,0,1189,4/1/2019,2019,Apr
2,896,0,0,250,4/1/2019,2019,Apr
0,1527,0,0,525,4/1/2019,2019,Apr
0,0,0,0,0,4/1/2019,2019,Apr
0,2506,0,0,358,4/1/2019,2019,Apr
17,4691,0,0,318,4/1/2019,2019,Apr
0,0,0,0,0,4/1/2019,2019,Apr
0,2445,0,0,483,4/1/2019,2019,Apr
21,2302,0,459,1366,4/1/2019,2019,Apr
0,0,0,0,0,4/1/2019,2019,Apr
0,4612,0,0,1523,4/1/2019,2019,Apr
8,4658,0,0,576,4/1/2019,2019,Apr
0,0,0,3,6,4/1/2019,2019,Apr
0,0,0,0,203,4/1/2019,2019,Apr
0,0,98,0,25,4/1/2019,2019,Apr
0,6342,0,0,704,4/1/2019,2019,Apr
0,0,0,0,0,4/1/2019,2019,Apr
0,3151,0,0,1100,4/1/2019,2019,Apr
0,4212,0,0,518,4/1/2019,2019,Apr
0,7158,160,182,1180,4/1/2019,2019,Apr
0,0,0,0,0,4/1/2019,2019,Apr
0,0,0,0,0,4/1/2019,2019,Apr
7,1851,0,0,818,4/1/2019,2019,Apr
0,0,0,0,0,4/1/2019,2019,Apr
0,0,0,0,146,4/1/2019,2019,Apr
0,2380,0,0,802,4/1/2019,2019,Apr
0,2190,0,0,785,4/1/2019,2019,Apr
0,4030,0,159,1037,4/1/2019,2019,Apr
0,1735,0,0,595,4/1/2019,2019,Apr
0,0,0,0,0,4/1/2019,2019,Apr
0,0,15,0,210,4/1/2019,2019,Apr
0,0,0,0,0,4/1/2019,2019,Apr
2,3010,0,0,1892,4/1/2019,2019,Apr
0,3183,0,0,1772,4/1/2019,2019,Apr
0,2226,0,0,780,4/1/2019,2019,Apr
0,0,0,0,0,4/1/2019,2019,Apr
0,2533,0,0,357,4/1/2019,2019,Apr
0,1560,0,701,2056,4/1/2019,2019,Apr
0,3317,0,1,1066,4/1/2019,2019,Apr
0,0,0,0,0,4/1/2019,2019,Apr
0,2126,0,0,1223,4/1/2019,2019,Apr
0,1176,0,0,595,4/1/2019,2019,Apr
0,0,0,0,0,4/1/2019,2019,Apr
0,3000,0,0,470,4/1/2019,2019,Apr
0,4906,0,36,850,4/1/2019,2019,Apr
0,0,0,0,0,4/1/2019,2019,Apr
0,0,0,0,0,4/1/2019,2019,Apr
1,4332,0,0,2938,4/1/2019,2019,Apr
0,0,0,0,0,4/1/2019,2019,Apr
0,0,0,0,0,4/1/2019,2019,Apr
0,0,0,0,0,4/1/2019,2019,Apr
0,0,0,0,0,4/1/2019,2019,Apr
0,0,0,0,0,4/1/2019,2019,Apr
0,3354,94,20,3272,4/1/2019,2019,Apr
0,0,0,0,0,4/1/2019,2019,Apr
0,0,0,0,0,4/1/2019,2019,Apr
0,0,0,0,0,4/1/2019,2019,Apr
1,6755,0,148,1527,4/1/2019,2019,Apr
0,0,0,0,0,4/1/2019,2019,Apr
0,1828,0,0,1486,4/1/2019,2019,Apr
0,3407,0,4,1547,4/1/2019,2019,Apr
0,0,0,0,0,4/1/2019,2019,Apr
0,0,0,16,417,4/1/2019,2019,Apr
0,0,0,0,0,4/1/2019,2019,Apr
0,2988,0,0,455,4/1/2019,2019,Apr
0,0,0,0,303,4/1/2019,2019,Apr
0,2699,0,29,1119,4/1/2019,2019,Apr
3,1977,0,0,1481,4/1/2019,2019,Apr
0,4368,0,0,1033,4/1/2019,2019,Apr
4,2310,0,0,1273,4/1/2019,2019,Apr
0,0,0,0,31,4/1/2019,2019,Apr
0,2314,0,0,554,4/1/2019,2019,Apr
3,2534,0,27,1328,4/1/2019,2019,Apr
0,2770,0,0,333,4/1/2019,2019,Apr
0,1194,0,0,703,4/1/2019,2019,Apr
0,3697,41,0,551,4/1/2019,2019,Apr
0,0,0,0,0,4/1/2019,2019,Apr
0,724,0,0,305,4/1/2019,2019,Apr
0,2976,0,0,2632,4/1/2019,2019,Apr
0,3154,0,6,399,4/1/2019,2019,Apr
15,2810,0,51,2100,4/1/2019,2019,Apr
0,0,0,0,28,4/1/2019,2019,Apr
0,0,0,0,0,4/1/2019,2019,Apr
0,0,0,0,12,4/1/2019,2019,Apr
0,0,0,0,31,4/1/2019,2019,Apr
0,0,0,0,0,4/1/2019,2019,Apr
0,2230,0,125,2272,4/1/2019,2019,Apr
0,4186,34,0,805,4/1/2019,2019,Apr
0,1863,0,0,273,4/1/2019,2019,Apr
0,0,0,0,153,4/1/2019,2019,Apr
0,0,0,0,0,4/1/2019,2019,Apr
0,0,0,0,0,4/1/2019,2019,Apr
0,2398,0,353,1153,4/1/2019,2019,Apr
0,0,0,1,177,4/1/2019,2019,Apr
12,2403,0,0,46,4/1/2019,2019,Apr
1,4179,0,0,913,4/1/2019,2019,Apr
0,4405,0,0,382,4/1/2019,2019,Apr
0,0,0,0,0,4/1/2019,2019,Apr
40,2333,0,0,937,4/1/2019,2019,Apr
0,0,0,0,0,4/1/2019,2019,Apr
0,2581,0,0,739,4/1/2019,2019,Apr
0,0,0,4,0,4/1/2019,2019,Apr
0,1833,0,0,455,4/1/2019,2019,Apr
0,2316,0,0,1209,4/1/2019,2019,Apr
0,0,0,0,0,4/1/2019,2019,Apr
0,0,0,0,485,4/1/2019,2019,Apr
10,2349,0,0,796,4/1/2019,2019,Apr
3,2080,0,0,337,4/1/2019,2019,Apr
0,0,0,0,0,4/1/2019,2019,Apr
0,2977,21,1,2617,4/1/2019,2019,Apr
0,0,0,0,0,4/1/2019,2019,Apr
10,2257,0,0,654,4/1/2019,2019,Apr
0,2362,0,0,673,4/1/2019,2019,Apr
0,0,0,0,19,4/1/2019,2019,Apr
0,1694,0,0,366,4/1/2019,2019,Apr
0,2034,6,0,1205,4/1/2019,2019,Apr
1,2944,0,0,998,4/1/2019,2019,Apr
0,0,0,0,155,4/1/2019,2019,Apr
0,0,0,0,0,4/1/2019,2019,Apr
11,2506,0,0,596,4/1/2019,2019,Apr
0,3996,0,0,1088,4/1/2019,2019,Apr
3,2002,0,0,361,4/1/2019,2019,Apr
1,3267,32,15,1834,4/1/2019,2019,Apr
1,10814,0,1346,3435,4/1/2019,2019,Apr
0,3096,8,0,843,4/1/2019,2019,Apr
0,4395,77,0,670,4/1/2019,2019,Apr
2,5542,0,105,1875,4/1/2019,2019,Apr
0,5075,10,0,3380,4/1/2019,2019,Apr
17,2141,0,56,1045,4/1/2019,2019,Apr
0,6019,0,0,2877,4/1/2019,2019,Apr
0,2987,0,20,1079,4/1/2019,2019,Apr
0,0,0,0,0,4/1/2019,2019,Apr
1,2184,0,0,828,4/1/2019,2019,Apr
0,0,0,0,0,4/1/2019,2019,Apr
0,2578,0,0,428,4/1/2019,2019,Apr
0,3017,0,0,451,4/1/2019,2019,Apr
0,2153,0,0,653,4/1/2019,2019,Apr
0,3853,0,0,1413,4/1/2019,2019,Apr
5,1101,0,0,87,4/1/2019,2019,Apr
0,0,0,0,0,4/1/2019,2019,Apr
1,1410,0,0,117,4/1/2019,2019,Apr
0,0,0,0,0,4/1/2019,2019,Apr
0,0,0,0,0,4/1/2019,2019,Apr
0,2262,0,0,1783,4/1/2019,2019,Apr
0,0,0,0,0,4/1/2019,2019,Apr
65,3197,0,0,1046,4/1/2019,2019,Apr
0,0,0,0,0,4/1/2019,2019,Apr
0,2381,0,0,327,4/1/2019,2019,Apr
2,1549,0,0,221,4/1/2019,2019,Apr
0,0,0,0,0,4/1/2019,2019,Apr
0,1502,0,0,473,4/1/2019,2019,Apr
24,3616,0,0,1381,4/1/2019,2019,Apr
0,3760,0,0,812,8/1/2019,2019,Aug
0,1606,0,0,852,8/1/2019,2019,Aug
0,874,0,0,312,8/1/2019,2019,Aug
4,1980,0,0,369,8/1/2019,2019,Aug
0,0,0,0,0,8/1/2019,2019,Aug
0,0,0,0,0,8/1/2019,2019,Aug
0,0,0,0,0,8/1/2019,2019,Aug
0,0,0,0,0,8/1/2019,2019,Aug
8,4542,0,0,356,8/1/2019,2019,Aug
0,2441,0,0,503,8/1/2019,2019,Aug
3,8328,0,0,1838,8/1/2019,2019,Aug
0,3009,0,0,213,8/1/2019,2019,Aug
0,0,0,0,0,8/1/2019,2019,Aug
0,1972,0,0,220,8/1/2019,2019,Aug
0,0,0,0,0,8/1/2019,2019,Aug
0,0,0,0,0,8/1/2019,2019,Aug
0,0,0,0,0,8/1/2019,2019,Aug
0,816,0,0,198,8/1/2019,2019,Aug
10,2552,0,0,834,8/1/2019,2019,Aug
2,2047,0,25,638,8/1/2019,2019,Aug
0,0,0,0,0,8/1/2019,2019,Aug
0,2704,0,118,1486,8/1/2019,2019,Aug
0,0,0,0,0,8/1/2019,2019,Aug
0,0,0,0,0,8/1/2019,2019,Aug
0,4033,30,0,410,8/1/2019,2019,Aug
0,0,0,0,0,8/1/2019,2019,Aug
0,0,0,0,0,8/1/2019,2019,Aug
0,3216,731,0,750,8/1/2019,2019,Aug
0,2799,0,0,1387,8/1/2019,2019,Aug
0,3383,0,24,518,8/1/2019,2019,Aug
0,0,0,0,0,8/1/2019,2019,Aug
0,2904,0,0,274,8/1/2019,2019,Aug
0,2272,0,0,726,8/1/2019,2019,Aug
0,0,0,0,0,8/1/2019,2019,Aug
0,0,0,0,0,8/1/2019,2019,Aug
0,0,0,0,0,8/1/2019,2019,Aug
0,0,0,3,19,8/1/2019,2019,Aug
0,1880,0,0,768,8/1/2019,2019,Aug
0,3683,0,0,1441,8/1/2019,2019,Aug
0,0,0,12,73,8/1/2019,2019,Aug
23,1955,0,0,169,8/1/2019,2019,Aug
0,2212,0,0,247,8/1/2019,2019,Aug
0,0,0,0,0,8/1/2019,2019,Aug
0,0,0,0,0,8/1/2019,2019,Aug
0,3359,0,486,974,8/1/2019,2019,Aug
0,1493,0,0,316,8/1/2019,2019,Aug
0,0,0,5,27,8/1/2019,2019,Aug
0,0,0,0,0,8/1/2019,2019,Aug
0,0,0,0,0,8/1/2019,2019,Aug
0,3169,0,0,929,8/1/2019,2019,Aug
0,0,0,0,0,8/1/2019,2019,Aug
1,1007,0,0,266,8/1/2019,2019,Aug
0,5126,0,220,1319,8/1/2019,2019,Aug
9,3692,0,21,1405,8/1/2019,2019,Aug
0,0,0,0,0,8/1/2019,2019,Aug
0,4590,0,207,1497,8/1/2019,2019,Aug
0,3533,0,0,781,8/1/2019,2019,Aug
0,0,0,0,0,8/1/2019,2019,Aug
0,0,0,0,0,8/1/2019,2019,Aug
4,3226,5,0,179,8/1/2019,2019,Aug
0,0,0,0,0,8/1/2019,2019,Aug
0,0,0,0,0,8/1/2019,2019,Aug
0,0,0,0,0,8/1/2019,2019,Aug
0,5142,0,0,1708,8/1/2019,2019,Aug
0,0,0,0,0,8/1/2019,2019,Aug
0,1752,0,0,274,8/1/2019,2019,Aug
1,1433,0,0,73,8/1/2019,2019,Aug
0,0,0,0,16,8/1/2019,2019,Aug
0,3881,0,0,750,8/1/2019,2019,Aug
0,0,0,0,0,8/1/2019,2019,Aug
0,2385,0,0,1376,8/1/2019,2019,Aug
0,3676,0,0,755,8/1/2019,2019,Aug
3,3004,0,0,1025,8/1/2019,2019,Aug
0,0,0,0,0,8/1/2019,2019,Aug
0,1032,0,0,468,8/1/2019,2019,Aug
0,2,0,0,1,8/1/2019,2019,Aug
0,0,0,0,0,8/1/2019,2019,Aug
0,0,0,0,0,8/1/2019,2019,Aug
0,0,0,0,0,8/1/2019,2019,Aug
1,1618,0,0,171,8/1/2019,2019,Aug
0,0,0,0,0,8/1/2019,2019,Aug
0,2906,0,0,1497,8/1/2019,2019,Aug
0,0,0,0,0,8/1/2019,2019,Aug
9,3337,9,0,1262,8/1/2019,2019,Aug
27,910,0,0,269,8/1/2019,2019,Aug
0,1564,0,0,424,8/1/2019,2019,Aug
0,0,0,0,0,8/1/2019,2019,Aug
0,2491,0,0,341,8/1/2019,2019,Aug
32,4374,0,0,378,8/1/2019,2019,Aug
0,0,0,0,0,8/1/2019,2019,Aug
0,2357,0,43,497,8/1/2019,2019,Aug
33,2260,0,439,1130,8/1/2019,2019,Aug
0,0,0,0,0,8/1/2019,2019,Aug
0,4668,0,0,1470,8/1/2019,2019,Aug
38,4227,0,0,825,8/1/2019,2019,Aug
0,0,0,5,4,8/1/2019,2019,Aug
0,0,0,0,199,8/1/2019,2019,Aug
0,0,78,0,20,8/1/2019,2019,Aug
2,6149,0,0,829,8/1/2019,2019,Aug
0,0,0,0,0,8/1/2019,2019,Aug
0,3246,0,0,996,8/1/2019,2019,Aug
0,4257,0,0,627,8/1/2019,2019,Aug
0,6456,176,163,1277,8/1/2019,2019,Aug
0,0,0,0,0,8/1/2019,2019,Aug
0,0,0,0,0,8/1/2019,2019,Aug
1,1909,0,0,1403,8/1/2019,2019,Aug
0,0,0,0,0,8/1/2019,2019,Aug
0,0,0,0,127,8/1/2019,2019,Aug
0,2331,0,0,828,8/1/2019,2019,Aug
1,2390,0,0,741,8/1/2019,2019,Aug
0,3959,0,161,986,8/1/2019,2019,Aug
0,1762,0,0,590,8/1/2019,2019,Aug
0,0,0,0,0,8/1/2019,2019,Aug
0,0,15,0,207,8/1/2019,2019,Aug
0,0,0,0,0,8/1/2019,2019,Aug
6,2992,0,0,1929,8/1/2019,2019,Aug
0,3196,0,0,1771,8/1/2019,2019,Aug
0,1966,0,0,640,8/1/2019,2019,Aug
0,0,0,0,0,8/1/2019,2019,Aug
0,2373,0,0,248,8/1/2019,2019,Aug
0,1525,0,632,2034,8/1/2019,2019,Aug
0,3827,0,4,1686,8/1/2019,2019,Aug
0,0,0,0,0,8/1/2019,2019,Aug
0,2363,0,0,1220,8/1/2019,2019,Aug
0,1219,0,0,530,8/1/2019,2019,Aug
0,0,0,0,0,8/1/2019,2019,Aug
0,3119,0,0,519,8/1/2019,2019,Aug
0,4873,0,34,690,8/1/2019,2019,Aug
0,0,0,0,0,8/1/2019,2019,Aug
0,0,0,0,0,8/1/2019,2019,Aug
1,4084,0,0,3059,8/1/2019,2019,Aug
0,0,0,0,0,8/1/2019,2019,Aug
0,0,0,0,0,8/1/2019,2019,Aug
0,0,0,0,0,8/1/2019,2019,Aug
0,0,0,0,0,8/1/2019,2019,Aug
0,0,0,0,0,8/1/2019,2019,Aug
0,3340,95,12,3599,8/1/2019,2019,Aug
0,0,0,0,0,8/1/2019,2019,Aug
0,0,0,0,0,8/1/2019,2019,Aug
0,0,0,0,0,8/1/2019,2019,Aug
1,6489,0,140,1524,8/1/2019,2019,Aug
0,0,0,0,0,8/1/2019,2019,Aug
0,1715,0,0,1392,8/1/2019,2019,Aug
0,3404,0,0,1450,8/1/2019,2019,Aug
0,0,0,0,0,8/1/2019,2019,Aug
0,0,0,17,360,8/1/2019,2019,Aug
0,0,0,0,0,8/1/2019,2019,Aug
0,2923,0,0,468,8/1/2019,2019,Aug
0,0,0,0,320,8/1/2019,2019,Aug
0,2463,0,54,1314,8/1/2019,2019,Aug
3,1901,0,0,1445,8/1/2019,2019,Aug
15,4327,0,0,1205,8/1/2019,2019,Aug
0,2588,0,0,1232,8/1/2019,2019,Aug
0,0,0,0,32,8/1/2019,2019,Aug
0,2317,0,0,512,8/1/2019,2019,Aug
0,2368,0,4,1250,8/1/2019,2019,Aug
0,2853,0,0,338,8/1/2019,2019,Aug
0,1207,0,0,743,8/1/2019,2019,Aug
0,3511,39,0,571,8/1/2019,2019,Aug
0,627,0,0,197,8/1/2019,2019,Aug
0,2962,0,0,2745,8/1/2019,2019,Aug
1,3123,0,8,416,8/1/2019,2019,Aug
1,2527,0,32,2359,8/1/2019,2019,Aug
0,0,0,0,14,8/1/2019,2019,Aug
0,0,0,0,0,8/1/2019,2019,Aug
0,0,0,0,6,8/1/2019,2019,Aug
0,0,0,0,32,8/1/2019,2019,Aug
0,0,0,0,0,8/1/2019,2019,Aug
0,2039,0,145,2171,8/1/2019,2019,Aug
0,4178,30,0,794,8/1/2019,2019,Aug
0,1803,0,0,238,8/1/2019,2019,Aug
0,0,0,0,130,8/1/2019,2019,Aug
0,0,0,0,0,8/1/2019,2019,Aug
0,0,0,0,0,8/1/2019,2019,Aug
0,2406,0,300,1066,8/1/2019,2019,Aug
0,0,0,3,193,8/1/2019,2019,Aug
0,2684,0,0,99,8/1/2019,2019,Aug
3,3924,0,0,913,8/1/2019,2019,Aug
0,4438,0,0,341,8/1/2019,2019,Aug
0,0,0,0,0,8/1/2019,2019,Aug
22,2291,0,0,785,8/1/2019,2019,Aug
0,0,0,0,0,8/1/2019,2019,Aug
0,2557,0,0,737,8/1/2019,2019,Aug
2,0,0,0,3,8/1/2019,2019,Aug
0,1708,0,0,457,8/1/2019,2019,Aug
0,2024,0,0,1135,8/1/2019,2019,Aug
0,0,0,0,0,8/1/2019,2019,Aug
0,0,0,0,504,8/1/2019,2019,Aug
0,2573,0,0,852,8/1/2019,2019,Aug
2,1814,0,0,249,8/1/2019,2019,Aug
0,0,0,0,0,8/1/2019,2019,Aug
0,2933,24,4,2404,8/1/2019,2019,Aug
0,0,0,0,0,8/1/2019,2019,Aug
0,2431,0,0,534,8/1/2019,2019,Aug
0,2332,0,0,542,8/1/2019,2019,Aug
0,0,0,0,30,8/1/2019,2019,Aug
0,1644,0,0,214,8/1/2019,2019,Aug
0,2576,10,0,878,8/1/2019,2019,Aug
1,2831,0,0,876,8/1/2019,2019,Aug
0,0,0,0,159,8/1/2019,2019,Aug
0,0,0,0,0,8/1/2019,2019,Aug
0,2479,0,0,688,8/1/2019,2019,Aug
0,4142,0,0,1073,8/1/2019,2019,Aug
4,2163,0,0,354,8/1/2019,2019,Aug
1,3469,24,0,1848,8/1/2019,2019,Aug
5,10689,0,1352,3141,8/1/2019,2019,Aug
0,3008,12,0,855,8/1/2019,2019,Aug
0,4299,77,1,669,8/1/2019,2019,Aug
1,5370,0,149,1927,8/1/2019,2019,Aug
0,4904,5,0,3382,8/1/2019,2019,Aug
2,2072,0,54,922,8/1/2019,2019,Aug
0,5739,0,0,2731,8/1/2019,2019,Aug
8,2907,0,0,1839,8/1/2019,2019,Aug
0,0,0,0,0,8/1/2019,2019,Aug
0,2205,0,0,803,8/1/2019,2019,Aug
0,2947,0,0,367,8/1/2019,2019,Aug
0,3320,0,0,629,8/1/2019,2019,Aug
1,1963,0,0,646,8/1/2019,2019,Aug
0,3696,0,0,1230,8/1/2019,2019,Aug
11,1088,0,0,64,8/1/2019,2019,Aug
0,0,0,0,0,8/1/2019,2019,Aug
10,1231,0,0,103,8/1/2019,2019,Aug
0,0,0,0,0,8/1/2019,2019,Aug
0,0,0,0,0,8/1/2019,2019,Aug
1,2134,0,0,1727,8/1/2019,2019,Aug
0,0,0,0,0,8/1/2019,2019,Aug
50,3064,0,0,990,8/1/2019,2019,Aug
0,0,0,0,0,8/1/2019,2019,Aug
0,2732,0,0,323,8/1/2019,2019,Aug
0,1511,0,0,227,8/1/2019,2019,Aug
0,0,0,0,0,8/1/2019,2019,Aug
0,1585,0,0,461,8/1/2019,2019,Aug
7,3984,6,0,1475,8/1/2019,2019,Aug
1,1696,0,0,867,12/1/2019,2019,Dec
0,1072,230,0,0,12/1/2019,2019,Dec
2,1947,0,0,307,12/1/2019,2019,Dec
0,0,0,0,0,12/1/2019,2019,Dec
0,0,0,0,0,12/1/2019,2019,Dec
0,0,0,0,0,12/1/2019,2019,Dec
0,0,0,0,0,12/1/2019,2019,Dec
12,4475,0,0,479,12/1/2019,2019,Dec
0,2491,0,0,604,12/1/2019,2019,Dec
2,8520,0,0,1703,12/1/2019,2019,Dec
0,3246,0,0,232,12/1/2019,2019,Dec
0,0,0,0,0,12/1/2019,2019,Dec
0,2292,0,0,269,12/1/2019,2019,Dec
0,0,0,0,0,12/1/2019,2019,Dec
0,0,0,0,0,12/1/2019,2019,Dec
0,0,0,0,0,12/1/2019,2019,Dec
0,1198,0,0,190,12/1/2019,2019,Dec
66,2396,0,0,992,12/1/2019,2019,Dec
31,2327,0,34,869,12/1/2019,2019,Dec
0,0,0,0,0,12/1/2019,2019,Dec
0,2633,0,132,1590,12/1/2019,2019,Dec
0,0,0,0,0,12/1/2019,2019,Dec
0,0,0,0,0,12/1/2019,2019,Dec
1,3764,19,0,394,12/1/2019,2019,Dec
0,0,0,0,0,12/1/2019,2019,Dec
0,0,0,0,0,12/1/2019,2019,Dec
0,3394,802,0,696,12/1/2019,2019,Dec
0,3172,0,0,1321,12/1/2019,2019,Dec
5,3302,0,25,499,12/1/2019,2019,Dec
0,0,0,0,0,12/1/2019,2019,Dec
2,3009,0,0,611,12/1/2019,2019,Dec
17,2327,0,0,938,12/1/2019,2019,Dec
0,0,0,0,0,12/1/2019,2019,Dec
0,0,0,0,0,12/1/2019,2019,Dec
0,0,0,0,0,12/1/2019,2019,Dec
0,0,0,2,19,12/1/2019,2019,Dec
0,1685,0,0,1194,12/1/2019,2019,Dec
0,3930,0,0,1209,12/1/2019,2019,Dec
0,0,0,2,61,12/1/2019,2019,Dec
22,1826,0,0,168,12/1/2019,2019,Dec
0,2744,0,0,291,12/1/2019,2019,Dec
0,0,0,0,0,12/1/2019,2019,Dec
0,0,0,0,0,12/1/2019,2019,Dec
0,3698,0,543,945,12/1/2019,2019,Dec
0,1529,0,0,417,12/1/2019,2019,Dec
0,0,0,4,14,12/1/2019,2019,Dec
0,0,0,0,0,12/1/2019,2019,Dec
0,0,0,0,0,12/1/2019,2019,Dec
0,3588,0,0,901,12/1/2019,2019,Dec
0,0,0,0,0,12/1/2019,2019,Dec
10,1001,0,0,352,12/1/2019,2019,Dec
12,5377,0,238,1467,12/1/2019,2019,Dec
14,3875,0,27,1575,12/1/2019,2019,Dec
0,0,0,0,0,12/1/2019,2019,Dec
2,5022,0,220,2017,12/1/2019,2019,Dec
0,3707,0,0,743,12/1/2019,2019,Dec
0,0,0,0,0,12/1/2019,2019,Dec
2,3338,4,0,207,12/1/2019,2019,Dec
0,0,0,0,0,12/1/2019,2019,Dec
0,0,0,0,0,12/1/2019,2019,Dec
0,0,0,0,0,12/1/2019,2019,Dec
4,7633,0,0,2104,12/1/2019,2019,Dec
0,0,0,0,0,12/1/2019,2019,Dec
1,1893,0,0,338,12/1/2019,2019,Dec
33,1313,0,0,66,12/1/2019,2019,Dec
0,0,0,1,12,12/1/2019,2019,Dec
1,3933,0,0,1012,12/1/2019,2019,Dec
0,0,0,0,0,12/1/2019,2019,Dec
73,2312,0,0,1438,12/1/2019,2019,Dec
0,3680,0,0,777,12/1/2019,2019,Dec
1,3313,0,0,1259,12/1/2019,2019,Dec
0,0,0,0,0,12/1/2019,2019,Dec
0,1134,0,0,569,12/1/2019,2019,Dec
0,0,0,0,0,12/1/2019,2019,Dec
0,0,0,0,0,12/1/2019,2019,Dec
0,0,0,0,0,12/1/2019,2019,Dec
0,0,0,0,0,12/1/2019,2019,Dec
0,1773,0,0,159,12/1/2019,2019,Dec
0,0,0,0,0,12/1/2019,2019,Dec
0,3113,0,0,1545,12/1/2019,2019,Dec
0,0,0,0,0,12/1/2019,2019,Dec
11,3517,6,0,1124,12/1/2019,2019,Dec
65,801,0,0,170,12/1/2019,2019,Dec
2,1595,0,0,482,12/1/2019,2019,Dec
0,0,0,0,0,12/1/2019,2019,Dec
0,2292,0,0,363,12/1/2019,2019,Dec
65,4359,0,0,417,12/1/2019,2019,Dec
0,0,0,0,0,12/1/2019,2019,Dec
0,3047,0,96,575,12/1/2019,2019,Dec
68,2372,0,521,1338,12/1/2019,2019,Dec
0,0,0,0,0,12/1/2019,2019,Dec
0,4817,0,0,1420,12/1/2019,2019,Dec
36,4631,0,0,752,12/1/2019,2019,Dec
0,0,0,2,5,12/1/2019,2019,Dec
0,0,0,0,245,12/1/2019,2019,Dec
0,6315,0,0,2108,12/1/2019,2019,Dec
0,0,85,0,19,12/1/2019,2019,Dec
0,5693,0,0,915,12/1/2019,2019,Dec
0,0,0,0,0,12/1/2019,2019,Dec
0,3379,0,0,1249,12/1/2019,2019,Dec
0,4616,0,0,605,12/1/2019,2019,Dec
0,6858,144,164,1565,12/1/2019,2019,Dec
0,0,0,0,0,12/1/2019,2019,Dec
0,0,0,0,0,12/1/2019,2019,Dec
29,2261,0,0,1441,12/1/2019,2019,Dec
0,0,0,0,0,12/1/2019,2019,Dec
0,0,0,0,131,12/1/2019,2019,Dec
0,2153,0,0,1102,12/1/2019,2019,Dec
4,2637,0,0,748,12/1/2019,2019,Dec
0,3992,0,127,1161,12/1/2019,2019,Dec
0,1939,0,0,650,12/1/2019,2019,Dec
0,0,0,0,0,12/1/2019,2019,Dec
0,0,11,0,222,12/1/2019,2019,Dec
0,0,0,0,0,12/1/2019,2019,Dec
0,2997,0,0,1993,12/1/2019,2019,Dec
2,3347,0,0,1746,12/1/2019,2019,Dec
23,2199,0,0,899,12/1/2019,2019,Dec
0,0,0,0,0,12/1/2019,2019,Dec
1,2655,0,0,391,12/1/2019,2019,Dec
0,1641,0,609,2049,12/1/2019,2019,Dec
3,3900,0,2,2032,12/1/2019,2019,Dec
0,0,0,0,0,12/1/2019,2019,Dec
0,2630,0,0,1195,12/1/2019,2019,Dec
0,1200,0,0,489,12/1/2019,2019,Dec
0,3449,0,0,482,12/1/2019,2019,Dec
0,5284,0,40,703,12/1/2019,2019,Dec
0,0,0,0,0,12/1/2019,2019,Dec
0,0,0,0,0,12/1/2019,2019,Dec
35,4724,0,0,2882,12/1/2019,2019,Dec
0,0,0,0,0,12/1/2019,2019,Dec
0,0,0,0,0,12/1/2019,2019,Dec
0,0,0,0,0,12/1/2019,2019,Dec
0,0,0,0,0,12/1/2019,2019,Dec
0,0,0,0,0,12/1/2019,2019,Dec
0,3470,87,18,3807,12/1/2019,2019,Dec
0,0,0,0,0,12/1/2019,2019,Dec
0,0,0,0,0,12/1/2019,2019,Dec
0,0,0,0,0,12/1/2019,2019,Dec
12,6128,0,127,1677,12/1/2019,2019,Dec
0,0,0,0,0,12/1/2019,2019,Dec
10,1858,0,0,1551,12/1/2019,2019,Dec
0,3753,0,0,1698,12/1/2019,2019,Dec
0,0,0,0,0,12/1/2019,2019,Dec
0,0,0,17,322,12/1/2019,2019,Dec
0,0,0,0,0,12/1/2019,2019,Dec
2,3218,0,0,519,12/1/2019,2019,Dec
0,0,0,0,362,12/1/2019,2019,Dec
23,2454,0,48,1566,12/1/2019,2019,Dec
12,2189,0,0,1566,12/1/2019,2019,Dec
33,4497,0,0,1158,12/1/2019,2019,Dec
0,0,0,0,23,12/1/2019,2019,Dec
0,2473,0,0,730,12/1/2019,2019,Dec
0,2731,0,13,1406,12/1/2019,2019,Dec
0,2887,0,0,316,12/1/2019,2019,Dec
0,1252,0,0,996,12/1/2019,2019,Dec
1,3393,32,0,636,12/1/2019,2019,Dec
0,823,0,0,332,12/1/2019,2019,Dec
0,3018,0,0,2824,12/1/2019,2019,Dec
4,3527,0,15,447,12/1/2019,2019,Dec
348,2759,0,49,2359,12/1/2019,2019,Dec
0,0,0,0,21,12/1/2019,2019,Dec
0,0,0,0,0,12/1/2019,2019,Dec
0,0,0,0,9,12/1/2019,2019,Dec
0,0,0,0,30,12/1/2019,2019,Dec
0,0,0,0,0,12/1/2019,2019,Dec
8,2384,0,121,2614,12/1/2019,2019,Dec
0,4408,31,0,836,12/1/2019,2019,Dec
0,1789,0,0,231,12/1/2019,2019,Dec
0,0,0,0,124,12/1/2019,2019,Dec
0,0,0,0,0,12/1/2019,2019,Dec
0,0,0,0,0,12/1/2019,2019,Dec
0,2621,0,322,1082,12/1/2019,2019,Dec
0,0,0,0,200,12/1/2019,2019,Dec
22,2768,0,0,80,12/1/2019,2019,Dec
7,3526,0,0,890,12/1/2019,2019,Dec
0,4213,0,0,308,12/1/2019,2019,Dec
0,0,0,0,0,12/1/2019,2019,Dec
200,2515,0,0,991,12/1/2019,2019,Dec
0,0,0,0,0,12/1/2019,2019,Dec
0,2748,0,0,584,12/1/2019,2019,Dec
1,0,0,0,3,12/1/2019,2019,Dec
0,1941,0,0,334,12/1/2019,2019,Dec
0,2286,0,0,1228,12/1/2019,2019,Dec
0,0,0,0,0,12/1/2019,2019,Dec
0,0,0,0,518,12/1/2019,2019,Dec
115,2556,0,0,775,12/1/2019,2019,Dec
2,2100,0,0,295,12/1/2019,2019,Dec
0,0,0,0,0,12/1/2019,2019,Dec
0,3634,18,5,2841,12/1/2019,2019,Dec
0,0,0,0,0,12/1/2019,2019,Dec
10,2443,0,0,592,12/1/2019,2019,Dec
1,2468,0,0,665,12/1/2019,2019,Dec
0,0,0,0,19,12/1/2019,2019,Dec
8,1635,0,0,199,12/1/2019,2019,Dec
0,2636,10,0,913,12/1/2019,2019,Dec
0,3073,0,0,1063,12/1/2019,2019,Dec
0,0,0,0,157,12/1/2019,2019,Dec
0,0,0,0,0,12/1/2019,2019,Dec
3,2618,0,0,717,12/1/2019,2019,Dec
0,4123,0,0,1097,12/1/2019,2019,Dec
14,2153,0,0,329,12/1/2019,2019,Dec
4,3781,33,0,1595,12/1/2019,2019,Dec
4,11038,0,1417,3490,12/1/2019,2019,Dec
8,3624,11,0,789,12/1/2019,2019,Dec
0,4570,85,0,499,12/1/2019,2019,Dec
39,5451,0,41,1900,12/1/2019,2019,Dec
24,5257,6,0,3406,12/1/2019,2019,Dec
36,2210,0,65,1002,12/1/2019,2019,Dec
321,5949,0,0,2676,12/1/2019,2019,Dec
41,3101,1944,0,0,12/1/2019,2019,Dec
0,0,0,0,0,12/1/2019,2019,Dec
1,2413,0,0,848,12/1/2019,2019,Dec
0,2953,0,0,364,12/1/2019,2019,Dec
0,3805,0,0,605,12/1/2019,2019,Dec
2,2133,0,0,705,12/1/2019,2019,Dec
0,4151,0,0,1422,12/1/2019,2019,Dec
124,1204,0,0,127,12/1/2019,2019,Dec
0,0,0,0,0,12/1/2019,2019,Dec
6,1300,0,0,87,12/1/2019,2019,Dec
0,0,0,0,0,12/1/2019,2019,Dec
0,0,0,0,0,12/1/2019,2019,Dec
95,2040,0,0,1983,12/1/2019,2019,Dec
0,0,0,0,0,12/1/2019,2019,Dec
101,3592,0,0,983,12/1/2019,2019,Dec
0,0,0,0,0,12/1/2019,2019,Dec
37,2563,0,0,220,12/1/2019,2019,Dec
4,1627,0,0,184,12/1/2019,2019,Dec
0,0,0,0,0,12/1/2019,2019,Dec
0,1785,0,0,488,12/1/2019,2019,Dec
15,4424,12,0,1660,12/1/2019,2019,Dec
0,3331,0,0,907,2/1/2019,2019,Feb
0,1491,0,0,810,2/1/2019,2019,Feb
0,982,0,0,200,2/1/2019,2019,Feb
4,2150,0,0,384,2/1/2019,2019,Feb
0,0,0,0,0,2/1/2019,2019,Feb
0,0,0,0,0,2/1/2019,2019,Feb
0,0,0,0,0,2/1/2019,2019,Feb
0,0,0,0,0,2/1/2019,2019,Feb
10,4097,0,0,403,2/1/2019,2019,Feb
0,2298,0,0,514,2/1/2019,2019,Feb
0,7883,0,0,1644,2/1/2019,2019,Feb
0,3036,0,0,249,2/1/2019,2019,Feb
0,0,0,0,0,2/1/2019,2019,Feb
0,1855,0,0,287,2/1/2019,2019,Feb
0,0,0,0,0,2/1/2019,2019,Feb
0,0,0,0,0,2/1/2019,2019,Feb
0,0,0,0,0,2/1/2019,2019,Feb
0,1015,0,0,238,2/1/2019,2019,Feb
44,2234,0,0,1034,2/1/2019,2019,Feb
1,2203,0,28,748,2/1/2019,2019,Feb
0,0,0,0,0,2/1/2019,2019,Feb
0,2585,0,128,1631,2/1/2019,2019,Feb
0,0,0,0,0,2/1/2019,2019,Feb
0,0,0,0,0,2/1/2019,2019,Feb
106,2977,20,0,612,2/1/2019,2019,Feb
0,0,0,0,0,2/1/2019,2019,Feb
0,0,0,0,0,2/1/2019,2019,Feb
0,3213,1007,0,715,2/1/2019,2019,Feb
0,2689,0,0,1356,2/1/2019,2019,Feb
4,3278,0,9,451,2/1/2019,2019,Feb
0,0,0,0,0,2/1/2019,2019,Feb
0,4053,0,0,231,2/1/2019,2019,Feb
0,1975,0,0,878,2/1/2019,2019,Feb
0,2717,23,0,611,2/1/2019,2019,Feb
0,0,0,0,0,2/1/2019,2019,Feb
0,0,0,1097,0,2/1/2019,2019,Feb
0,0,0,0,0,2/1/2019,2019,Feb
0,0,0,0,21,2/1/2019,2019,Feb
0,1617,0,0,797,2/1/2019,2019,Feb
0,3557,0,0,1531,2/1/2019,2019,Feb
0,0,0,8,56,2/1/2019,2019,Feb
1,1812,0,0,170,2/1/2019,2019,Feb
0,2596,0,0,295,2/1/2019,2019,Feb
0,0,0,0,0,2/1/2019,2019,Feb
0,0,0,0,0,2/1/2019,2019,Feb
0,3118,0,328,965,2/1/2019,2019,Feb
0,1316,0,0,344,2/1/2019,2019,Feb
0,0,0,1,7,2/1/2019,2019,Feb
0,0,0,0,0,2/1/2019,2019,Feb
0,0,0,0,0,2/1/2019,2019,Feb
0,2787,0,0,831,2/1/2019,2019,Feb
0,0,0,0,0,2/1/2019,2019,Feb
0,944,0,0,312,2/1/2019,2019,Feb
0,4161,0,162,1494,2/1/2019,2019,Feb
14,3524,0,28,1361,2/1/2019,2019,Feb
0,0,0,0,0,2/1/2019,2019,Feb
1,4376,0,144,1864,2/1/2019,2019,Feb
0,3048,0,0,781,2/1/2019,2019,Feb
0,0,0,0,0,2/1/2019,2019,Feb
0,0,0,0,0,2/1/2019,2019,Feb
0,3249,2,0,136,2/1/2019,2019,Feb
0,0,0,0,0,2/1/2019,2019,Feb
0,0,0,0,0,2/1/2019,2019,Feb
0,0,0,0,0,2/1/2019,2019,Feb
0,5923,0,0,1390,2/1/2019,2019,Feb
0,0,0,0,0,2/1/2019,2019,Feb
0,1576,0,0,243,2/1/2019,2019,Feb
2,1288,38,0,0,2/1/2019,2019,Feb
0,0,0,0,24,2/1/2019,2019,Feb
0,3534,0,0,846,2/1/2019,2019,Feb
0,0,0,0,0,2/1/2019,2019,Feb
0,2125,0,0,1211,2/1/2019,2019,Feb
0,3495,0,0,651,2/1/2019,2019,Feb
5,2526,0,0,1034,2/1/2019,2019,Feb
0,0,0,0,0,2/1/2019,2019,Feb
0,980,0,0,472,2/1/2019,2019,Feb
0,0,0,0,0,2/1/2019,2019,Feb
0,0,0,0,0,2/1/2019,2019,Feb
0,0,0,0,0,2/1/2019,2019,Feb
0,0,0,0,0,2/1/2019,2019,Feb
0,1493,0,0,214,2/1/2019,2019,Feb
0,0,0,0,0,2/1/2019,2019,Feb
0,2859,0,0,1487,2/1/2019,2019,Feb
0,0,0,0,0,2/1/2019,2019,Feb
4,3016,6,0,1093,2/1/2019,2019,Feb
9,815,0,0,202,2/1/2019,2019,Feb
0,1385,0,0,503,2/1/2019,2019,Feb
0,0,0,0,0,2/1/2019,2019,Feb
0,2363,0,0,398,2/1/2019,2019,Feb
13,4389,0,0,525,2/1/2019,2019,Feb
0,0,0,0,0,2/1/2019,2019,Feb
0,2283,0,0,522,2/1/2019,2019,Feb
31,2052,0,391,1532,2/1/2019,2019,Feb
0,0,0,0,0,2/1/2019,2019,Feb
0,4264,0,0,1459,2/1/2019,2019,Feb
27,4325,0,0,515,2/1/2019,2019,Feb
0,0,0,3,7,2/1/2019,2019,Feb
0,0,0,0,189,2/1/2019,2019,Feb
0,0,89,0,33,2/1/2019,2019,Feb
0,6069,0,0,763,2/1/2019,2019,Feb
0,0,0,0,0,2/1/2019,2019,Feb
0,3154,0,0,1253,2/1/2019,2019,Feb
0,3955,0,0,462,2/1/2019,2019,Feb
0,6615,158,148,1285,2/1/2019,2019,Feb
0,0,0,0,0,2/1/2019,2019,Feb
0,0,0,0,0,2/1/2019,2019,Feb
16,1999,0,0,1039,2/1/2019,2019,Feb
0,0,0,0,0,2/1/2019,2019,Feb
0,0,0,0,121,2/1/2019,2019,Feb
0,2076,0,0,918,2/1/2019,2019,Feb
0,2134,0,0,742,2/1/2019,2019,Feb
0,3879,0,104,1108,2/1/2019,2019,Feb
0,1696,0,0,633,2/1/2019,2019,Feb
0,0,0,0,0,2/1/2019,2019,Feb
0,0,11,0,208,2/1/2019,2019,Feb
0,0,0,0,0,2/1/2019,2019,Feb
0,2627,0,0,1820,2/1/2019,2019,Feb
21,2851,0,0,1649,2/1/2019,2019,Feb
0,1947,0,0,815,2/1/2019,2019,Feb
0,0,0,0,0,2/1/2019,2019,Feb
0,2699,0,0,387,2/1/2019,2019,Feb
0,1553,0,626,1906,2/1/2019,2019,Feb
0,3164,0,0,1131,2/1/2019,2019,Feb
0,0,0,0,0,2/1/2019,2019,Feb
0,2846,0,0,1214,2/1/2019,2019,Feb
0,1061,0,0,454,2/1/2019,2019,Feb
0,0,0,0,0,2/1/2019,2019,Feb
1,2894,0,0,428,2/1/2019,2019,Feb
0,4262,0,41,654,2/1/2019,2019,Feb
0,0,0,0,0,2/1/2019,2019,Feb
0,0,0,0,0,2/1/2019,2019,Feb
0,3968,0,0,2801,2/1/2019,2019,Feb
0,0,0,0,0,2/1/2019,2019,Feb
0,0,0,0,0,2/1/2019,2019,Feb
0,0,0,0,0,2/1/2019,2019,Feb
0,0,0,0,0,2/1/2019,2019,Feb
0,0,0,0,0,2/1/2019,2019,Feb
0,3178,77,13,3376,2/1/2019,2019,Feb
0,0,0,0,0,2/1/2019,2019,Feb
0,0,0,0,0,2/1/2019,2019,Feb
0,0,0,0,0,2/1/2019,2019,Feb
0,6196,0,107,1610,2/1/2019,2019,Feb
0,0,0,0,0,2/1/2019,2019,Feb
0,1625,0,0,1318,2/1/2019,2019,Feb
1,3083,0,1,1478,2/1/2019,2019,Feb
0,0,0,0,0,2/1/2019,2019,Feb
0,0,0,17,327,2/1/2019,2019,Feb
0,0,0,0,0,2/1/2019,2019,Feb
0,2954,0,0,522,2/1/2019,2019,Feb
0,0,0,0,318,2/1/2019,2019,Feb
1,2382,0,31,1092,2/1/2019,2019,Feb
3,1903,0,0,1441,2/1/2019,2019,Feb
0,4124,0,0,959,2/1/2019,2019,Feb
0,2216,22,0,1104,2/1/2019,2019,Feb
0,0,0,0,36,2/1/2019,2019,Feb
0,2217,0,0,428,2/1/2019,2019,Feb
0,2412,0,28,1183,2/1/2019,2019,Feb
0,2633,0,0,318,2/1/2019,2019,Feb
0,1072,0,0,747,2/1/2019,2019,Feb
0,3344,37,0,595,2/1/2019,2019,Feb
0,0,0,0,0,2/1/2019,2019,Feb
0,665,0,0,313,2/1/2019,2019,Feb
0,2868,0,0,2438,2/1/2019,2019,Feb
10,2889,0,5,434,2/1/2019,2019,Feb
12,2594,0,49,2041,2/1/2019,2019,Feb
0,0,0,0,17,2/1/2019,2019,Feb
0,0,0,0,0,2/1/2019,2019,Feb
0,0,0,0,10,2/1/2019,2019,Feb
0,0,0,0,37,2/1/2019,2019,Feb
0,0,0,0,0,2/1/2019,2019,Feb
0,2201,0,10,2263,2/1/2019,2019,Feb
0,1219,0,0,20,2/1/2019,2019,Feb
0,1815,0,0,219,2/1/2019,2019,Feb
0,0,0,0,126,2/1/2019,2019,Feb
0,0,0,0,0,2/1/2019,2019,Feb
0,0,0,0,0,2/1/2019,2019,Feb
0,2280,0,358,1068,2/1/2019,2019,Feb
0,0,0,3,189,2/1/2019,2019,Feb
27,2471,0,0,58,2/1/2019,2019,Feb
0,3739,0,0,802,2/1/2019,2019,Feb
0,4169,0,0,395,2/1/2019,2019,Feb
0,0,0,0,0,2/1/2019,2019,Feb
3,2402,0,68,878,2/1/2019,2019,Feb
0,0,0,0,0,2/1/2019,2019,Feb
0,2339,0,0,749,2/1/2019,2019,Feb
2,0,0,4,0,2/1/2019,2019,Feb
0,1718,0,0,491,2/1/2019,2019,Feb
0,2091,0,0,1182,2/1/2019,2019,Feb
0,0,0,0,0,2/1/2019,2019,Feb
0,0,0,0,441,2/1/2019,2019,Feb
16,1885,0,0,838,2/1/2019,2019,Feb
1,1650,0,0,216,2/1/2019,2019,Feb
0,0,0,0,0,2/1/2019,2019,Feb
0,2063,19,6,2189,2/1/2019,2019,Feb
0,0,0,0,0,2/1/2019,2019,Feb
3,1887,0,0,664,2/1/2019,2019,Feb
0,1993,0,0,734,2/1/2019,2019,Feb
0,0,0,0,5,2/1/2019,2019,Feb
1,1545,0,0,366,2/1/2019,2019,Feb
0,1729,8,0,1235,2/1/2019,2019,Feb
0,2656,0,0,963,2/1/2019,2019,Feb
0,0,0,0,170,2/1/2019,2019,Feb
0,0,0,0,0,2/1/2019,2019,Feb
3,2262,0,0,594,2/1/2019,2019,Feb
0,3590,0,0,1117,2/1/2019,2019,Feb
1,1674,0,0,763,2/1/2019,2019,Feb
1,2860,23,14,1919,2/1/2019,2019,Feb
3,9789,0,1287,3091,2/1/2019,2019,Feb
0,3035,16,0,760,2/1/2019,2019,Feb
0,4146,81,0,591,2/1/2019,2019,Feb
4,5238,0,80,1881,2/1/2019,2019,Feb
0,4637,8,0,3215,2/1/2019,2019,Feb
18,1919,0,46,915,2/1/2019,2019,Feb
0,5554,0,0,2798,2/1/2019,2019,Feb
1,2881,0,0,2058,2/1/2019,2019,Feb
0,0,0,0,0,2/1/2019,2019,Feb
0,1995,0,0,718,2/1/2019,2019,Feb
0,0,0,8,0,2/1/2019,2019,Feb
0,2319,0,0,382,2/1/2019,2019,Feb
0,2770,0,0,469,2/1/2019,2019,Feb
0,1936,0,0,749,2/1/2019,2019,Feb
0,3359,0,0,1379,2/1/2019,2019,Feb
0,1085,0,0,97,2/1/2019,2019,Feb
0,0,0,0,0,2/1/2019,2019,Feb
1,1301,0,0,115,2/1/2019,2019,Feb
0,0,0,0,0,2/1/2019,2019,Feb
0,0,0,0,0,2/1/2019,2019,Feb
0,2027,0,0,1776,2/1/2019,2019,Feb
0,0,0,0,0,2/1/2019,2019,Feb
85,2968,0,0,994,2/1/2019,2019,Feb
0,0,0,0,0,2/1/2019,2019,Feb
0,2289,0,0,272,2/1/2019,2019,Feb
2,1355,0,0,178,2/1/2019,2019,Feb
0,0,0,0,0,2/1/2019,2019,Feb
0,1479,0,0,391,2/1/2019,2019,Feb
8,3494,0,0,1386,2/1/2019,2019,Feb
0,3681,0,0,1017,1/1/2019,2019,Jan
0,1581,0,0,912,1/1/2019,2019,Jan
0,1030,0,0,191,1/1/2019,2019,Jan
1,1944,0,0,288,1/1/2019,2019,Jan
0,0,0,0,0,1/1/2019,2019,Jan
0,0,0,0,0,1/1/2019,2019,Jan
0,0,0,0,0,1/1/2019,2019,Jan
0,0,0,0,0,1/1/2019,2019,Jan
8,4607,0,0,389,1/1/2019,2019,Jan
0,2599,0,0,589,1/1/2019,2019,Jan
0,8544,0,0,1763,1/1/2019,2019,Jan
0,3521,0,0,304,1/1/2019,2019,Jan
0,0,0,0,0,1/1/2019,2019,Jan
0,2036,0,0,264,1/1/2019,2019,Jan
0,0,0,0,0,1/1/2019,2019,Jan
0,0,0,0,0,1/1/2019,2019,Jan
0,0,0,0,0,1/1/2019,2019,Jan
0,1166,0,0,267,1/1/2019,2019,Jan
33,2563,0,0,957,1/1/2019,2019,Jan
0,2355,0,32,825,1/1/2019,2019,Jan
0,0,0,0,0,1/1/2019,2019,Jan
0,2983,0,107,1741,1/1/2019,2019,Jan
0,0,0,0,0,1/1/2019,2019,Jan
0,0,0,0,0,1/1/2019,2019,Jan
100,3281,18,0,667,1/1/2019,2019,Jan
0,0,0,0,0,1/1/2019,2019,Jan
0,0,0,0,0,1/1/2019,2019,Jan
0,3608,1009,0,746,1/1/2019,2019,Jan
0,3128,0,0,1472,1/1/2019,2019,Jan
0,3742,0,23,580,1/1/2019,2019,Jan
0,0,0,0,0,1/1/2019,2019,Jan
1,4517,0,0,301,1/1/2019,2019,Jan
1,2239,0,0,1107,1/1/2019,2019,Jan
0,3279,29,0,728,1/1/2019,2019,Jan
0,0,0,0,0,1/1/2019,2019,Jan
0,0,0,0,0,1/1/2019,2019,Jan
0,0,0,0,0,1/1/2019,2019,Jan
0,0,0,4,24,1/1/2019,2019,Jan
0,1952,0,0,778,1/1/2019,2019,Jan
0,4080,0,0,1690,1/1/2019,2019,Jan
0,0,0,10,66,1/1/2019,2019,Jan
0,1815,0,0,273,1/1/2019,2019,Jan
0,2813,0,0,331,1/1/2019,2019,Jan
0,0,0,0,0,1/1/2019,2019,Jan
0,0,0,0,0,1/1/2019,2019,Jan
0,3534,0,389,1085,1/1/2019,2019,Jan
0,1441,0,0,372,1/1/2019,2019,Jan
0,0,0,6,11,1/1/2019,2019,Jan
0,0,0,0,0,1/1/2019,2019,Jan
0,0,0,0,0,1/1/2019,2019,Jan
1,3316,0,0,983,1/1/2019,2019,Jan
0,0,0,0,0,1/1/2019,2019,Jan
4,1044,0,0,346,1/1/2019,2019,Jan
0,4639,0,192,1597,1/1/2019,2019,Jan
16,3680,0,33,1475,1/1/2019,2019,Jan
0,0,0,0,0,1/1/2019,2019,Jan
0,4955,0,150,2019,1/1/2019,2019,Jan
0,3531,0,0,866,1/1/2019,2019,Jan
0,0,0,0,0,1/1/2019,2019,Jan
0,0,0,0,0,1/1/2019,2019,Jan
0,3673,8,0,237,1/1/2019,2019,Jan
0,0,0,0,0,1/1/2019,2019,Jan
0,0,0,0,0,1/1/2019,2019,Jan
0,0,0,0,0,1/1/2019,2019,Jan
0,6642,0,0,1622,1/1/2019,2019,Jan
0,0,0,0,0,1/1/2019,2019,Jan
0,1972,0,0,280,1/1/2019,2019,Jan
11,1330,0,0,60,1/1/2019,2019,Jan
0,0,0,0,39,1/1/2019,2019,Jan
0,4149,0,0,873,1/1/2019,2019,Jan
0,0,0,0,0,1/1/2019,2019,Jan
0,2354,0,0,1422,1/1/2019,2019,Jan
0,3799,0,0,736,1/1/2019,2019,Jan
0,2737,0,0,1323,1/1/2019,2019,Jan
0,0,0,0,0,1/1/2019,2019,Jan
0,1042,0,0,540,1/1/2019,2019,Jan
0,0,0,0,1,1/1/2019,2019,Jan
0,0,0,0,0,1/1/2019,2019,Jan
0,0,0,0,0,1/1/2019,2019,Jan
0,0,0,0,0,1/1/2019,2019,Jan
2,1756,0,0,286,1/1/2019,2019,Jan
0,0,0,0,0,1/1/2019,2019,Jan
0,3079,0,0,1589,1/1/2019,2019,Jan
0,0,0,0,0,1/1/2019,2019,Jan
10,3339,11,0,1161,1/1/2019,2019,Jan
3,942,0,0,178,1/1/2019,2019,Jan
0,1575,0,0,582,1/1/2019,2019,Jan
0,0,0,0,0,1/1/2019,2019,Jan
0,2645,0,0,459,1/1/2019,2019,Jan
7,4712,0,0,604,1/1/2019,2019,Jan
0,0,0,0,0,1/1/2019,2019,Jan
0,2652,0,0,531,1/1/2019,2019,Jan
57,2293,0,433,1577,1/1/2019,2019,Jan
0,0,0,0,0,1/1/2019,2019,Jan
0,4809,0,0,1547,1/1/2019,2019,Jan
18,4634,0,0,622,1/1/2019,2019,Jan
0,0,0,0,1,1/1/2019,2019,Jan
0,0,0,0,271,1/1/2019,2019,Jan
0,0,81,0,33,1/1/2019,2019,Jan
0,6519,0,0,820,1/1/2019,2019,Jan
0,0,0,0,0,1/1/2019,2019,Jan
0,3153,0,0,1253,1/1/2019,2019,Jan
0,4489,0,0,476,1/1/2019,2019,Jan
0,6985,183,191,1514,1/1/2019,2019,Jan
0,0,0,0,0,1/1/2019,2019,Jan
0,0,0,0,0,1/1/2019,2019,Jan
5,2025,0,0,1295,1/1/2019,2019,Jan
0,0,0,0,0,1/1/2019,2019,Jan
0,0,0,0,135,1/1/2019,2019,Jan
0,2306,0,0,898,1/1/2019,2019,Jan
5,2333,0,0,834,1/1/2019,2019,Jan
0,4184,0,167,1284,1/1/2019,2019,Jan
0,1961,0,0,733,1/1/2019,2019,Jan
0,0,0,0,0,1/1/2019,2019,Jan
0,0,9,0,202,1/1/2019,2019,Jan
0,0,0,0,0,1/1/2019,2019,Jan
3,3087,0,0,2082,1/1/2019,2019,Jan
0,3409,0,0,1854,1/1/2019,2019,Jan
0,2278,0,0,842,1/1/2019,2019,Jan
0,0,0,0,0,1/1/2019,2019,Jan
0,2980,0,0,367,1/1/2019,2019,Jan
0,1783,0,748,2376,1/1/2019,2019,Jan
0,3557,0,1,1214,1/1/2019,2019,Jan
0,0,0,0,0,1/1/2019,2019,Jan
0,3131,0,0,1261,1/1/2019,2019,Jan
0,1209,0,2,620,1/1/2019,2019,Jan
0,0,0,0,0,1/1/2019,2019,Jan
0,3304,0,0,488,1/1/2019,2019,Jan
0,4884,0,53,642,1/1/2019,2019,Jan
0,0,0,0,0,1/1/2019,2019,Jan
0,0,0,0,0,1/1/2019,2019,Jan
0,4511,0,0,3058,1/1/2019,2019,Jan
0,0,0,0,0,1/1/2019,2019,Jan
0,0,0,0,0,1/1/2019,2019,Jan
0,0,0,0,0,1/1/2019,2019,Jan
0,0,0,0,0,1/1/2019,2019,Jan
0,0,0,0,0,1/1/2019,2019,Jan
0,3367,95,4,3538,1/1/2019,2019,Jan
0,0,0,0,0,1/1/2019,2019,Jan
0,0,0,0,0,1/1/2019,2019,Jan
0,0,0,0,0,1/1/2019,2019,Jan
6,6746,0,122,1845,1/1/2019,2019,Jan
0,0,0,0,0,1/1/2019,2019,Jan
0,1879,0,0,1513,1/1/2019,2019,Jan
0,3457,0,3,1715,1/1/2019,2019,Jan
0,0,0,0,0,1/1/2019,2019,Jan
0,0,0,15,352,1/1/2019,2019,Jan
0,0,0,0,0,1/1/2019,2019,Jan
0,3283,0,0,610,1/1/2019,2019,Jan
0,0,0,0,303,1/1/2019,2019,Jan
0,2648,0,37,1136,1/1/2019,2019,Jan
6,2128,0,0,1533,1/1/2019,2019,Jan
0,4745,0,0,1071,1/1/2019,2019,Jan
0,2618,36,0,1083,1/1/2019,2019,Jan
0,0,0,0,38,1/1/2019,2019,Jan
0,2513,0,0,402,1/1/2019,2019,Jan
0,2751,0,18,1440,1/1/2019,2019,Jan
0,2958,0,0,355,1/1/2019,2019,Jan
0,1221,0,0,876,1/1/2019,2019,Jan
0,0,0,0,0,1/1/2019,2019,Jan
0,3846,33,0,610,1/1/2019,2019,Jan
0,0,0,0,0,1/1/2019,2019,Jan
0,693,0,0,419,1/1/2019,2019,Jan
0,3126,0,0,2807,1/1/2019,2019,Jan
0,3265,0,7,402,1/1/2019,2019,Jan
33,2833,0,58,2352,1/1/2019,2019,Jan
0,0,0,0,20,1/1/2019,2019,Jan
0,0,0,0,0,1/1/2019,2019,Jan
0,0,0,0,6,1/1/2019,2019,Jan
0,0,0,0,41,1/1/2019,2019,Jan
0,0,0,0,0,1/1/2019,2019,Jan
0,2455,0,12,2653,1/1/2019,2019,Jan
0,1376,0,0,32,1/1/2019,2019,Jan
0,1965,0,0,323,1/1/2019,2019,Jan
0,0,0,0,140,1/1/2019,2019,Jan
0,0,0,0,0,1/1/2019,2019,Jan
0,0,0,0,0,1/1/2019,2019,Jan
2,2552,0,395,1264,1/1/2019,2019,Jan
0,0,0,1,206,1/1/2019,2019,Jan
13,2782,0,0,52,1/1/2019,2019,Jan
0,4210,0,0,881,1/1/2019,2019,Jan
0,4561,0,0,409,1/1/2019,2019,Jan
0,0,0,0,0,1/1/2019,2019,Jan
13,2512,0,93,906,1/1/2019,2019,Jan
0,0,0,0,0,1/1/2019,2019,Jan
0,2620,0,0,795,1/1/2019,2019,Jan
0,0,0,1,0,1/1/2019,2019,Jan
0,2019,0,0,521,1/1/2019,2019,Jan
0,2311,0,0,1439,1/1/2019,2019,Jan
0,0,0,0,0,1/1/2019,2019,Jan
0,0,0,0,483,1/1/2019,2019,Jan
17,2303,0,0,909,1/1/2019,2019,Jan
0,1930,0,0,214,1/1/2019,2019,Jan
0,0,0,0,0,1/1/2019,2019,Jan
0,2387,29,4,2536,1/1/2019,2019,Jan
0,0,0,0,0,1/1/2019,2019,Jan
1,2207,0,0,793,1/1/2019,2019,Jan
3,2258,0,0,885,1/1/2019,2019,Jan
0,0,0,0,13,1/1/2019,2019,Jan
0,1783,0,0,350,1/1/2019,2019,Jan
1,2056,7,0,1564,1/1/2019,2019,Jan
1,2932,0,0,1086,1/1/2019,2019,Jan
0,0,0,0,186,1/1/2019,2019,Jan
0,0,0,0,0,1/1/2019,2019,Jan
7,2557,0,0,692,1/1/2019,2019,Jan
0,4086,0,0,1143,1/1/2019,2019,Jan
2,2024,0,0,818,1/1/2019,2019,Jan
0,3212,29,13,1990,1/1/2019,2019,Jan
0,11493,0,1570,3488,1/1/2019,2019,Jan
0,3419,9,0,927,1/1/2019,2019,Jan
0,4670,84,2,618,1/1/2019,2019,Jan
4,6007,0,114,1878,1/1/2019,2019,Jan
0,5254,10,0,3516,1/1/2019,2019,Jan
23,2242,0,60,1045,1/1/2019,2019,Jan
0,6323,0,0,2981,1/1/2019,2019,Jan
13,3228,0,0,2335,1/1/2019,2019,Jan
0,0,0,0,0,1/1/2019,2019,Jan
0,2197,0,0,807,1/1/2019,2019,Jan
0,0,0,25,0,1/1/2019,2019,Jan
0,2379,0,0,379,1/1/2019,2019,Jan
0,3129,0,0,503,1/1/2019,2019,Jan
0,2242,0,0,874,1/1/2019,2019,Jan
0,3793,0,0,1621,1/1/2019,2019,Jan
6,1259,0,0,126,1/1/2019,2019,Jan
0,0,0,0,0,1/1/2019,2019,Jan
0,1472,0,0,126,1/1/2019,2019,Jan
0,0,0,0,0,1/1/2019,2019,Jan
0,0,0,0,0,1/1/2019,2019,Jan
2,2296,0,0,2037,1/1/2019,2019,Jan
0,0,0,0,0,1/1/2019,2019,Jan
170,3182,0,0,1148,1/1/2019,2019,Jan
0,0,0,0,0,1/1/2019,2019,Jan
0,2541,0,0,277,1/1/2019,2019,Jan
1,1500,0,0,212,1/1/2019,2019,Jan
0,0,0,0,0,1/1/2019,2019,Jan
0,1664,0,0,444,1/1/2019,2019,Jan
17,3807,0,0,1624,1/1/2019,2019,Jan
0,3769,0,0,1007,7/1/2019,2019,Jul
0,1630,0,0,825,7/1/2019,2019,Jul
1,1098,282,0,0,7/1/2019,2019,Jul
4,1961,0,0,339,7/1/2019,2019,Jul
0,0,0,0,0,7/1/2019,2019,Jul
0,0,0,0,0,7/1/2019,2019,Jul
0,0,0,0,0,7/1/2019,2019,Jul
0,0,0,0,0,7/1/2019,2019,Jul
10,4555,0,0,442,7/1/2019,2019,Jul
0,2612,0,0,523,7/1/2019,2019,Jul
6,8427,0,0,1974,7/1/2019,2019,Jul
0,3148,0,0,248,7/1/2019,2019,Jul
0,0,0,0,0,7/1/2019,2019,Jul
0,2062,0,0,277,7/1/2019,2019,Jul
0,0,0,0,0,7/1/2019,2019,Jul
0,0,0,0,0,7/1/2019,2019,Jul
0,0,0,0,0,7/1/2019,2019,Jul
0,1089,0,0,228,7/1/2019,2019,Jul
13,2465,0,0,890,7/1/2019,2019,Jul
0,2245,0,27,664,7/1/2019,2019,Jul
0,0,0,0,0,7/1/2019,2019,Jul
0,2880,0,124,1642,7/1/2019,2019,Jul
0,0,0,0,0,7/1/2019,2019,Jul
0,0,0,0,0,7/1/2019,2019,Jul
0,3781,25,0,442,7/1/2019,2019,Jul
0,0,0,0,0,7/1/2019,2019,Jul
0,0,0,0,0,7/1/2019,2019,Jul
0,2992,843,0,795,7/1/2019,2019,Jul
0,3005,0,0,1472,7/1/2019,2019,Jul
0,3575,0,20,490,7/1/2019,2019,Jul
0,0,0,0,0,7/1/2019,2019,Jul
0,4421,0,0,308,7/1/2019,2019,Jul
1,2241,0,0,910,7/1/2019,2019,Jul
0,0,0,0,0,7/1/2019,2019,Jul
0,0,0,0,0,7/1/2019,2019,Jul
0,0,0,0,0,7/1/2019,2019,Jul
0,0,0,5,23,7/1/2019,2019,Jul
0,1812,0,0,863,7/1/2019,2019,Jul
0,3825,0,0,1537,7/1/2019,2019,Jul
0,0,0,9,79,7/1/2019,2019,Jul
38,1953,0,0,187,7/1/2019,2019,Jul
0,2716,0,0,309,7/1/2019,2019,Jul
0,0,0,0,0,7/1/2019,2019,Jul
0,0,0,0,0,7/1/2019,2019,Jul
0,3294,0,470,1106,7/1/2019,2019,Jul
0,1495,0,0,334,7/1/2019,2019,Jul
0,0,0,7,19,7/1/2019,2019,Jul
0,0,0,0,0,7/1/2019,2019,Jul
0,0,0,0,0,7/1/2019,2019,Jul
0,3167,0,0,986,7/1/2019,2019,Jul
0,0,0,0,0,7/1/2019,2019,Jul
0,982,0,0,318,7/1/2019,2019,Jul
0,5427,0,227,1414,7/1/2019,2019,Jul
13,3971,0,43,1554,7/1/2019,2019,Jul
0,0,0,0,0,7/1/2019,2019,Jul
0,4777,0,199,1637,7/1/2019,2019,Jul
0,3451,0,0,767,7/1/2019,2019,Jul
0,0,0,0,0,7/1/2019,2019,Jul
0,0,0,0,0,7/1/2019,2019,Jul
4,3603,14,0,180,7/1/2019,2019,Jul
0,0,0,0,0,7/1/2019,2019,Jul
0,0,0,0,0,7/1/2019,2019,Jul
0,0,0,0,0,7/1/2019,2019,Jul
0,5718,0,0,1886,7/1/2019,2019,Jul
0,0,0,0,0,7/1/2019,2019,Jul
0,1794,0,0,313,7/1/2019,2019,Jul
0,1491,66,0,0,7/1/2019,2019,Jul
0,0,0,0,33,7/1/2019,2019,Jul
0,3835,0,0,757,7/1/2019,2019,Jul
0,0,0,0,0,7/1/2019,2019,Jul
0,2311,0,0,1447,7/1/2019,2019,Jul
0,3878,0,0,835,7/1/2019,2019,Jul
6,3185,0,0,1054,7/1/2019,2019,Jul
0,0,0,0,0,7/1/2019,2019,Jul
0,1171,0,0,494,7/1/2019,2019,Jul
0,0,0,0,3,7/1/2019,2019,Jul
0,0,0,0,0,7/1/2019,2019,Jul
0,0,0,0,0,7/1/2019,2019,Jul
0,0,0,0,0,7/1/2019,2019,Jul
1,1629,0,0,224,7/1/2019,2019,Jul
0,0,0,0,0,7/1/2019,2019,Jul
0,3056,0,0,1563,7/1/2019,2019,Jul
0,0,0,0,0,7/1/2019,2019,Jul
17,3514,7,0,1352,7/1/2019,2019,Jul
4,908,0,0,291,7/1/2019,2019,Jul
1,1687,0,0,569,7/1/2019,2019,Jul
0,0,0,0,0,7/1/2019,2019,Jul
0,2557,0,0,382,7/1/2019,2019,Jul
44,4784,0,0,362,7/1/2019,2019,Jul
0,0,0,0,0,7/1/2019,2019,Jul
0,2449,0,54,503,7/1/2019,2019,Jul
37,2295,0,472,1403,7/1/2019,2019,Jul
0,0,0,0,0,7/1/2019,2019,Jul
0,4847,0,0,1625,7/1/2019,2019,Jul
36,4255,0,0,824,7/1/2019,2019,Jul
0,0,0,2,0,7/1/2019,2019,Jul
0,0,0,0,211,7/1/2019,2019,Jul
0,0,106,0,22,7/1/2019,2019,Jul
1,6513,0,0,926,7/1/2019,2019,Jul
0,0,0,0,0,7/1/2019,2019,Jul
0,3221,0,0,1034,7/1/2019,2019,Jul
0,4407,0,0,621,7/1/2019,2019,Jul
0,6764,176,164,1302,7/1/2019,2019,Jul
0,0,0,0,0,7/1/2019,2019,Jul
0,0,0,0,0,7/1/2019,2019,Jul
4,2048,0,0,1287,7/1/2019,2019,Jul
0,0,0,0,0,7/1/2019,2019,Jul
0,0,0,0,100,7/1/2019,2019,Jul
0,2472,0,0,799,7/1/2019,2019,Jul
1,2312,0,0,712,7/1/2019,2019,Jul
0,4010,0,160,1039,7/1/2019,2019,Jul
0,1767,0,0,627,7/1/2019,2019,Jul
0,0,0,0,0,7/1/2019,2019,Jul
0,0,16,0,242,7/1/2019,2019,Jul
0,0,0,0,0,7/1/2019,2019,Jul
4,3115,0,0,1988,7/1/2019,2019,Jul
0,3238,0,0,1876,7/1/2019,2019,Jul
0,2044,0,0,878,7/1/2019,2019,Jul
0,0,0,0,0,7/1/2019,2019,Jul
3,2716,0,0,335,7/1/2019,2019,Jul
0,1600,0,613,2147,7/1/2019,2019,Jul
0,3729,0,18,1691,7/1/2019,2019,Jul
0,0,0,0,0,7/1/2019,2019,Jul
0,2367,0,0,1302,7/1/2019,2019,Jul
0,1143,0,0,545,7/1/2019,2019,Jul
0,0,0,0,0,7/1/2019,2019,Jul
0,3074,0,0,578,7/1/2019,2019,Jul
0,5132,0,42,810,7/1/2019,2019,Jul
0,0,0,0,0,7/1/2019,2019,Jul
0,0,0,0,0,7/1/2019,2019,Jul
1,4496,0,0,3055,7/1/2019,2019,Jul
0,0,0,0,0,7/1/2019,2019,Jul
0,0,0,0,0,7/1/2019,2019,Jul
0,0,0,0,0,7/1/2019,2019,Jul
0,0,0,0,0,7/1/2019,2019,Jul
0,0,0,0,0,7/1/2019,2019,Jul
0,3330,85,20,3654,7/1/2019,2019,Jul
0,0,0,0,0,7/1/2019,2019,Jul
0,0,0,0,0,7/1/2019,2019,Jul
0,0,0,0,0,7/1/2019,2019,Jul
0,6739,0,173,1723,7/1/2019,2019,Jul
0,1754,0,0,1555,7/1/2019,2019,Jul
0,3435,0,0,1601,7/1/2019,2019,Jul
0,0,0,0,0,7/1/2019,2019,Jul
0,0,0,9,379,7/1/2019,2019,Jul
0,0,0,0,0,7/1/2019,2019,Jul
0,3044,0,0,622,7/1/2019,2019,Jul
0,0,0,0,306,7/1/2019,2019,Jul
21,2508,0,50,1362,7/1/2019,2019,Jul
9,1934,0,0,1469,7/1/2019,2019,Jul
11,4414,0,0,1102,7/1/2019,2019,Jul
0,2631,0,0,1499,7/1/2019,2019,Jul
0,0,0,0,30,7/1/2019,2019,Jul
0,2293,0,0,583,7/1/2019,2019,Jul
0,2440,0,10,1367,7/1/2019,2019,Jul
0,2968,0,0,334,7/1/2019,2019,Jul
0,1192,0,0,799,7/1/2019,2019,Jul
0,3633,41,0,616,7/1/2019,2019,Jul
0,719,0,0,207,7/1/2019,2019,Jul
0,3063,0,0,2880,7/1/2019,2019,Jul
0,3137,0,6,473,7/1/2019,2019,Jul
1,2638,0,38,2503,7/1/2019,2019,Jul
0,0,0,0,25,7/1/2019,2019,Jul
0,0,0,0,0,7/1/2019,2019,Jul
0,0,0,0,5,7/1/2019,2019,Jul
0,0,0,0,26,7/1/2019,2019,Jul
0,0,0,0,0,7/1/2019,2019,Jul
0,2201,0,122,2307,7/1/2019,2019,Jul
0,4375,41,0,895,7/1/2019,2019,Jul
0,1871,0,0,261,7/1/2019,2019,Jul
0,0,0,0,170,7/1/2019,2019,Jul
0,0,0,0,0,7/1/2019,2019,Jul
0,0,0,0,0,7/1/2019,2019,Jul
0,2492,0,382,1237,7/1/2019,2019,Jul
0,0,0,4,189,7/1/2019,2019,Jul
4,2678,0,0,63,7/1/2019,2019,Jul
2,4066,0,0,926,7/1/2019,2019,Jul
0,4396,0,0,413,7/1/2019,2019,Jul
0,0,0,0,0,7/1/2019,2019,Jul
15,2570,0,0,913,7/1/2019,2019,Jul
0,0,0,0,0,7/1/2019,2019,Jul
0,2736,0,0,710,7/1/2019,2019,Jul
0,0,0,2,0,7/1/2019,2019,Jul
0,1952,0,0,517,7/1/2019,2019,Jul
0,2091,0,0,1194,7/1/2019,2019,Jul
0,0,0,0,0,7/1/2019,2019,Jul
0,0,0,0,502,7/1/2019,2019,Jul
0,2639,0,0,897,7/1/2019,2019,Jul
12,1940,0,0,291,7/1/2019,2019,Jul
0,0,0,0,0,7/1/2019,2019,Jul
0,2996,23,1,2689,7/1/2019,2019,Jul
0,0,0,0,0,7/1/2019,2019,Jul
1,2659,0,0,687,7/1/2019,2019,Jul
1,2435,0,0,692,7/1/2019,2019,Jul
0,0,0,0,27,7/1/2019,2019,Jul
1,1582,0,0,362,7/1/2019,2019,Jul
0,2533,6,0,996,7/1/2019,2019,Jul
0,2976,0,0,974,7/1/2019,2019,Jul
0,0,0,0,172,7/1/2019,2019,Jul
0,0,0,0,0,7/1/2019,2019,Jul
0,2380,0,0,682,7/1/2019,2019,Jul
0,4313,0,0,1254,7/1/2019,2019,Jul
6,2218,0,0,412,7/1/2019,2019,Jul
5,3254,23,0,1938,7/1/2019,2019,Jul
8,11244,0,1448,3402,7/1/2019,2019,Jul
0,3215,13,0,850,7/1/2019,2019,Jul
0,4544,65,0,704,7/1/2019,2019,Jul
2,5664,0,111,2081,7/1/2019,2019,Jul
0,4893,6,0,3490,7/1/2019,2019,Jul
10,2221,0,69,961,7/1/2019,2019,Jul
0,5691,0,0,2890,7/1/2019,2019,Jul
2,2956,0,0,2006,7/1/2019,2019,Jul
0,0,0,0,0,7/1/2019,2019,Jul
0,2400,0,0,775,7/1/2019,2019,Jul
0,3095,0,0,409,7/1/2019,2019,Jul
0,3590,0,0,643,7/1/2019,2019,Jul
0,2021,0,0,665,7/1/2019,2019,Jul
0,3754,0,0,1379,7/1/2019,2019,Jul
18,1145,0,0,61,7/1/2019,2019,Jul
0,0,0,0,0,7/1/2019,2019,Jul
12,1295,0,0,84,7/1/2019,2019,Jul
0,0,0,0,0,7/1/2019,2019,Jul
0,0,0,0,0,7/1/2019,2019,Jul
0,2400,0,0,1829,7/1/2019,2019,Jul
0,0,0,0,0,7/1/2019,2019,Jul
61,3234,0,0,1097,7/1/2019,2019,Jul
0,0,0,0,0,7/1/2019,2019,Jul
0,2862,0,0,402,7/1/2019,2019,Jul
0,1522,0,0,212,7/1/2019,2019,Jul
0,0,0,0,0,7/1/2019,2019,Jul
0,1572,0,0,508,7/1/2019,2019,Jul
0,4248,2,0,1602,7/1/2019,2019,Jul
0,3599,0,0,912,6/1/2019,2019,Jun
0,1564,0,0,768,6/1/2019,2019,Jun
0,1094,0,0,229,6/1/2019,2019,Jun
7,1910,0,0,345,6/1/2019,2019,Jun
0,0,0,0,0,6/1/2019,2019,Jun
0,0,0,0,0,6/1/2019,2019,Jun
0,0,0,0,0,6/1/2019,2019,Jun
0,0,0,0,0,6/1/2019,2019,Jun
12,4497,0,0,501,6/1/2019,2019,Jun
0,2379,0,0,449,6/1/2019,2019,Jun
2,8133,0,0,1653,6/1/2019,2019,Jun
0,3024,0,0,239,6/1/2019,2019,Jun
0,0,0,0,0,6/1/2019,2019,Jun
0,2054,0,0,254,6/1/2019,2019,Jun
0,0,0,0,0,6/1/2019,2019,Jun
0,0,0,0,0,6/1/2019,2019,Jun
0,0,0,0,0,6/1/2019,2019,Jun
0,1147,0,0,254,6/1/2019,2019,Jun
13,2300,0,0,876,6/1/2019,2019,Jun
3,2186,0,20,654,6/1/2019,2019,Jun
0,0,0,0,0,6/1/2019,2019,Jun
0,2708,0,110,1534,6/1/2019,2019,Jun
0,0,0,0,0,6/1/2019,2019,Jun
0,0,0,0,0,6/1/2019,2019,Jun
1,3763,24,0,442,6/1/2019,2019,Jun
0,0,0,0,0,6/1/2019,2019,Jun
0,0,0,0,0,6/1/2019,2019,Jun
0,3246,953,0,697,6/1/2019,2019,Jun
0,2792,0,0,1329,6/1/2019,2019,Jun
0,3374,0,17,415,6/1/2019,2019,Jun
0,0,0,0,0,6/1/2019,2019,Jun
1,4017,0,0,273,6/1/2019,2019,Jun
0,2189,0,0,842,6/1/2019,2019,Jun
0,0,0,0,0,6/1/2019,2019,Jun
0,0,0,0,0,6/1/2019,2019,Jun
0,0,0,0,0,6/1/2019,2019,Jun
0,0,0,1,28,6/1/2019,2019,Jun
0,1698,0,0,744,6/1/2019,2019,Jun
0,3641,0,0,1443,6/1/2019,2019,Jun
0,0,0,12,66,6/1/2019,2019,Jun
0,1971,0,0,184,6/1/2019,2019,Jun
0,2563,0,0,293,6/1/2019,2019,Jun
0,0,0,0,0,6/1/2019,2019,Jun
0,0,0,0,0,6/1/2019,2019,Jun
0,3169,0,463,963,6/1/2019,2019,Jun
0,1481,0,0,324,6/1/2019,2019,Jun
0,0,0,5,13,6/1/2019,2019,Jun
0,0,0,0,0,6/1/2019,2019,Jun
0,0,0,0,0,6/1/2019,2019,Jun
0,3110,0,0,901,6/1/2019,2019,Jun
0,0,0,0,0,6/1/2019,2019,Jun
4,926,0,0,287,6/1/2019,2019,Jun
0,5075,0,234,1385,6/1/2019,2019,Jun
9,3956,0,34,1341,6/1/2019,2019,Jun
0,0,0,0,0,6/1/2019,2019,Jun
0,4426,0,112,1643,6/1/2019,2019,Jun
0,3554,0,0,706,6/1/2019,2019,Jun
0,0,0,0,0,6/1/2019,2019,Jun
0,0,0,0,0,6/1/2019,2019,Jun
3,3613,12,0,203,6/1/2019,2019,Jun
0,0,0,0,0,6/1/2019,2019,Jun
0,0,0,0,0,6/1/2019,2019,Jun
0,0,0,0,0,6/1/2019,2019,Jun
0,5734,0,0,1718,6/1/2019,2019,Jun
0,0,0,0,0,6/1/2019,2019,Jun
0,1729,0,0,286,6/1/2019,2019,Jun
6,1275,0,0,58,6/1/2019,2019,Jun
0,0,0,0,18,6/1/2019,2019,Jun
0,3647,0,0,844,6/1/2019,2019,Jun
0,0,0,0,0,6/1/2019,2019,Jun
0,2325,0,0,1202,6/1/2019,2019,Jun
0,3617,0,0,859,6/1/2019,2019,Jun
1,3102,0,0,1098,6/1/2019,2019,Jun
0,0,0,0,0,6/1/2019,2019,Jun
0,1040,0,0,463,6/1/2019,2019,Jun
0,0,0,0,1,6/1/2019,2019,Jun
0,0,0,0,0,6/1/2019,2019,Jun
0,0,0,0,0,6/1/2019,2019,Jun
0,0,0,0,0,6/1/2019,2019,Jun
0,1601,0,0,201,6/1/2019,2019,Jun
0,0,0,0,0,6/1/2019,2019,Jun
0,2981,0,0,1479,6/1/2019,2019,Jun
0,0,0,0,0,6/1/2019,2019,Jun
22,3398,13,0,1263,6/1/2019,2019,Jun
4,851,0,0,260,6/1/2019,2019,Jun
0,1461,0,0,505,6/1/2019,2019,Jun
0,0,0,0,0,6/1/2019,2019,Jun
0,2533,0,0,344,6/1/2019,2019,Jun
38,4534,0,0,351,6/1/2019,2019,Jun
0,0,0,0,0,6/1/2019,2019,Jun
0,2206,0,49,419,6/1/2019,2019,Jun
22,2218,0,465,1317,6/1/2019,2019,Jun
0,0,0,0,0,6/1/2019,2019,Jun
0,4760,0,0,1402,6/1/2019,2019,Jun
40,4428,0,0,795,6/1/2019,2019,Jun
0,0,0,2,3,6/1/2019,2019,Jun
0,0,0,0,251,6/1/2019,2019,Jun
0,0,74,0,22,6/1/2019,2019,Jun
2,6133,0,0,776,6/1/2019,2019,Jun
0,0,0,0,0,6/1/2019,2019,Jun
0,3150,0,0,954,6/1/2019,2019,Jun
0,4084,0,0,571,6/1/2019,2019,Jun
0,6380,151,145,1187,6/1/2019,2019,Jun
0,0,0,0,0,6/1/2019,2019,Jun
0,0,0,0,0,6/1/2019,2019,Jun
11,2046,0,0,1176,6/1/2019,2019,Jun
0,0,0,0,0,6/1/2019,2019,Jun
0,0,0,0,114,6/1/2019,2019,Jun
0,2392,0,0,745,6/1/2019,2019,Jun
2,2222,0,0,703,6/1/2019,2019,Jun
0,3798,0,122,979,6/1/2019,2019,Jun
0,1781,0,0,613,6/1/2019,2019,Jun
0,0,0,0,0,6/1/2019,2019,Jun
0,0,16,0,203,6/1/2019,2019,Jun
0,0,0,0,0,6/1/2019,2019,Jun
12,2987,0,0,1952,6/1/2019,2019,Jun
1,3110,0,0,1728,6/1/2019,2019,Jun
0,1979,0,0,779,6/1/2019,2019,Jun
0,0,0,0,0,6/1/2019,2019,Jun
2,2531,0,0,324,6/1/2019,2019,Jun
0,1526,0,683,2118,6/1/2019,2019,Jun
0,3489,0,0,1113,6/1/2019,2019,Jun
0,0,0,0,0,6/1/2019,2019,Jun
0,2277,0,0,1295,6/1/2019,2019,Jun
0,1139,0,0,542,6/1/2019,2019,Jun
0,0,0,0,0,6/1/2019,2019,Jun
0,2888,0,0,477,6/1/2019,2019,Jun
0,4735,0,19,791,6/1/2019,2019,Jun
0,0,0,0,0,6/1/2019,2019,Jun
0,0,0,0,0,6/1/2019,2019,Jun
2,4359,0,0,2944,6/1/2019,2019,Jun
0,0,0,0,0,6/1/2019,2019,Jun
0,0,0,0,0,6/1/2019,2019,Jun
0,0,0,0,0,6/1/2019,2019,Jun
0,0,0,0,0,6/1/2019,2019,Jun
0,0,0,0,0,6/1/2019,2019,Jun
0,3314,80,17,3271,6/1/2019,2019,Jun
0,0,0,0,0,6/1/2019,2019,Jun
0,0,0,0,0,6/1/2019,2019,Jun
0,0,0,0,0,6/1/2019,2019,Jun
2,6546,0,129,1538,6/1/2019,2019,Jun
0,0,0,0,0,6/1/2019,2019,Jun
0,1665,0,0,1313,6/1/2019,2019,Jun
0,3394,0,0,1529,6/1/2019,2019,Jun
0,0,0,0,0,6/1/2019,2019,Jun
0,0,0,21,392,6/1/2019,2019,Jun
0,0,0,0,0,6/1/2019,2019,Jun
0,2863,0,0,470,6/1/2019,2019,Jun
0,0,0,0,297,6/1/2019,2019,Jun
16,2538,0,28,1164,6/1/2019,2019,Jun
7,1936,0,0,1393,6/1/2019,2019,Jun
5,4645,0,0,1078,6/1/2019,2019,Jun
0,2390,0,0,1339,6/1/2019,2019,Jun
0,0,0,0,39,6/1/2019,2019,Jun
0,2321,0,0,504,6/1/2019,2019,Jun
0,2273,0,12,1548,6/1/2019,2019,Jun
0,2811,0,0,375,6/1/2019,2019,Jun
0,1147,0,0,758,6/1/2019,2019,Jun
0,3430,39,0,543,6/1/2019,2019,Jun
0,728,0,0,251,6/1/2019,2019,Jun
0,2967,0,0,2657,6/1/2019,2019,Jun
1,2953,0,5,423,6/1/2019,2019,Jun
0,2703,0,45,2196,6/1/2019,2019,Jun
0,0,0,0,17,6/1/2019,2019,Jun
0,0,0,0,0,6/1/2019,2019,Jun
0,0,0,0,7,6/1/2019,2019,Jun
0,0,0,0,25,6/1/2019,2019,Jun
0,0,0,0,0,6/1/2019,2019,Jun
0,2139,0,119,2208,6/1/2019,2019,Jun
0,4091,40,0,772,6/1/2019,2019,Jun
0,1839,0,0,311,6/1/2019,2019,Jun
0,0,0,0,136,6/1/2019,2019,Jun
0,0,0,0,0,6/1/2019,2019,Jun
0,0,0,0,0,6/1/2019,2019,Jun
0,2393,0,309,1134,6/1/2019,2019,Jun
0,0,0,2,186,6/1/2019,2019,Jun
4,2371,0,0,56,6/1/2019,2019,Jun
1,4047,0,0,947,6/1/2019,2019,Jun
0,4071,0,0,391,6/1/2019,2019,Jun
0,0,0,0,0,6/1/2019,2019,Jun
18,2354,0,0,875,6/1/2019,2019,Jun
0,0,0,0,0,6/1/2019,2019,Jun
0,2620,0,0,693,6/1/2019,2019,Jun
1,0,0,3,0,6/1/2019,2019,Jun
0,1738,0,0,501,6/1/2019,2019,Jun
0,2160,0,0,1211,6/1/2019,2019,Jun
0,0,0,0,0,6/1/2019,2019,Jun
0,0,0,0,476,6/1/2019,2019,Jun
0,2477,0,0,864,6/1/2019,2019,Jun
3,2034,0,0,352,6/1/2019,2019,Jun
0,0,0,0,0,6/1/2019,2019,Jun
0,2960,18,4,2599,6/1/2019,2019,Jun
0,0,0,0,0,6/1/2019,2019,Jun
0,2456,0,0,602,6/1/2019,2019,Jun
4,2344,0,0,672,6/1/2019,2019,Jun
0,0,0,0,24,6/1/2019,2019,Jun
0,1591,0,0,308,6/1/2019,2019,Jun
0,2180,4,0,1182,6/1/2019,2019,Jun
1,2990,0,0,930,6/1/2019,2019,Jun
0,0,0,0,164,6/1/2019,2019,Jun
0,0,0,0,0,6/1/2019,2019,Jun
0,2404,0,0,639,6/1/2019,2019,Jun
0,3957,0,0,1083,6/1/2019,2019,Jun
0,2254,0,0,406,6/1/2019,2019,Jun
1,3065,7,3,1825,6/1/2019,2019,Jun
0,10457,0,1344,3351,6/1/2019,2019,Jun
0,3102,17,0,865,6/1/2019,2019,Jun
0,4366,56,0,633,6/1/2019,2019,Jun
4,5316,0,97,1769,6/1/2019,2019,Jun
0,4717,16,0,3432,6/1/2019,2019,Jun
6,2075,0,60,920,6/1/2019,2019,Jun
0,5647,0,0,2840,6/1/2019,2019,Jun
9,2902,0,5,1882,6/1/2019,2019,Jun
0,0,0,0,0,6/1/2019,2019,Jun
0,2329,0,0,812,6/1/2019,2019,Jun
0,2773,0,0,338,6/1/2019,2019,Jun
0,3158,0,0,695,6/1/2019,2019,Jun
0,1993,0,0,624,6/1/2019,2019,Jun
0,3789,0,0,1404,6/1/2019,2019,Jun
15,1116,0,0,76,6/1/2019,2019,Jun
0,0,0,0,0,6/1/2019,2019,Jun
7,1362,0,0,91,6/1/2019,2019,Jun
0,0,0,0,0,6/1/2019,2019,Jun
0,0,0,0,0,6/1/2019,2019,Jun
0,2291,0,0,1740,6/1/2019,2019,Jun
0,0,0,0,0,6/1/2019,2019,Jun
134,3077,0,0,1000,6/1/2019,2019,Jun
0,0,0,0,0,6/1/2019,2019,Jun
0,2339,0,0,376,6/1/2019,2019,Jun
1,1470,0,0,204,6/1/2019,2019,Jun
0,0,0,0,0,6/1/2019,2019,Jun
0,1419,0,0,498,6/1/2019,2019,Jun
2,3984,8,0,1474,6/1/2019,2019,Jun
0,3607,0,0,955,3/1/2019,2019,Mar
0,1545,0,0,980,3/1/2019,2019,Mar
0,1127,0,0,236,3/1/2019,2019,Mar
5,2005,0,0,264,3/1/2019,2019,Mar
0,0,0,0,0,3/1/2019,2019,Mar
0,0,0,0,0,3/1/2019,2019,Mar
0,0,0,0,0,3/1/2019,2019,Mar
0,0,0,0,0,3/1/2019,2019,Mar
5,4703,0,0,469,3/1/2019,2019,Mar
1,2513,0,0,554,3/1/2019,2019,Mar
0,8808,0,0,1749,3/1/2019,2019,Mar
0,3403,0,0,278,3/1/2019,2019,Mar
0,0,0,0,0,3/1/2019,2019,Mar
0,2044,0,0,267,3/1/2019,2019,Mar
0,0,0,0,0,3/1/2019,2019,Mar
0,0,0,0,0,3/1/2019,2019,Mar
0,0,0,0,0,3/1/2019,2019,Mar
0,1194,0,0,274,3/1/2019,2019,Mar
15,2524,0,0,898,3/1/2019,2019,Mar
2,2342,0,21,875,3/1/2019,2019,Mar
0,0,0,0,0,3/1/2019,2019,Mar
0,2854,0,115,1848,3/1/2019,2019,Mar
0,0,0,0,0,3/1/2019,2019,Mar
0,0,0,0,0,3/1/2019,2019,Mar
0,3530,23,0,495,3/1/2019,2019,Mar
0,0,0,0,0,3/1/2019,2019,Mar
0,0,0,0,0,3/1/2019,2019,Mar
0,3563,1097,0,750,3/1/2019,2019,Mar
0,3068,0,0,1501,3/1/2019,2019,Mar
0,3650,0,19,475,3/1/2019,2019,Mar
0,0,0,0,0,3/1/2019,2019,Mar
2,4453,0,0,301,3/1/2019,2019,Mar
0,2220,0,0,934,3/1/2019,2019,Mar
0,2993,26,0,747,3/1/2019,2019,Mar
0,0,0,0,0,3/1/2019,2019,Mar
0,0,0,0,0,3/1/2019,2019,Mar
0,0,0,0,0,3/1/2019,2019,Mar
0,0,0,2,24,3/1/2019,2019,Mar
1,1910,0,0,826,3/1/2019,2019,Mar
0,3923,0,0,1626,3/1/2019,2019,Mar
0,0,0,14,68,3/1/2019,2019,Mar
0,1950,0,0,168,3/1/2019,2019,Mar
0,2808,0,0,280,3/1/2019,2019,Mar
0,0,0,0,0,3/1/2019,2019,Mar
0,0,0,0,0,3/1/2019,2019,Mar
0,3392,0,414,1063,3/1/2019,2019,Mar
0,1413,0,0,330,3/1/2019,2019,Mar
0,0,0,8,7,3/1/2019,2019,Mar
0,0,0,0,0,3/1/2019,2019,Mar
0,0,0,0,0,3/1/2019,2019,Mar
0,3181,0,0,968,3/1/2019,2019,Mar
0,0,0,0,0,3/1/2019,2019,Mar
0,1025,0,0,315,3/1/2019,2019,Mar
0,5138,0,191,1704,3/1/2019,2019,Mar
23,3936,0,36,1702,3/1/2019,2019,Mar
0,0,0,0,0,3/1/2019,2019,Mar
0,4747,0,152,2029,3/1/2019,2019,Mar
0,3632,0,0,783,3/1/2019,2019,Mar
0,0,0,0,0,3/1/2019,2019,Mar
0,0,0,0,0,3/1/2019,2019,Mar
1,3615,10,0,160,3/1/2019,2019,Mar
0,0,0,0,0,3/1/2019,2019,Mar
0,0,0,0,0,3/1/2019,2019,Mar
0,0,0,0,0,3/1/2019,2019,Mar
0,6284,0,0,1599,3/1/2019,2019,Mar
0,0,0,0,0,3/1/2019,2019,Mar
0,1777,0,0,258,3/1/2019,2019,Mar
7,1465,0,0,58,3/1/2019,2019,Mar
0,0,0,0,20,3/1/2019,2019,Mar
0,3942,0,0,885,3/1/2019,2019,Mar
0,0,0,0,0,3/1/2019,2019,Mar
4,2276,0,0,1436,3/1/2019,2019,Mar
0,3739,0,0,714,3/1/2019,2019,Mar
1,2921,0,0,1130,3/1/2019,2019,Mar
0,0,0,0,0,3/1/2019,2019,Mar
0,1101,0,0,526,3/1/2019,2019,Mar
0,0,0,0,1,3/1/2019,2019,Mar
0,0,0,0,0,3/1/2019,2019,Mar
0,0,0,0,0,3/1/2019,2019,Mar
0,0,0,0,0,3/1/2019,2019,Mar
0,1719,0,0,223,3/1/2019,2019,Mar
0,0,0,0,0,3/1/2019,2019,Mar
0,3207,0,0,1524,3/1/2019,2019,Mar
0,0,0,0,0,3/1/2019,2019,Mar
10,3255,12,0,1164,3/1/2019,2019,Mar
0,879,0,0,223,3/1/2019,2019,Mar
3,1514,0,0,560,3/1/2019,2019,Mar
0,0,0,0,0,3/1/2019,2019,Mar
0,2596,0,0,440,3/1/2019,2019,Mar
14,4955,0,0,610,3/1/2019,2019,Mar
0,0,0,0,0,3/1/2019,2019,Mar
0,2513,0,0,549,3/1/2019,2019,Mar
113,2505,0,439,1488,3/1/2019,2019,Mar
0,0,0,0,0,3/1/2019,2019,Mar
0,4752,0,0,1622,3/1/2019,2019,Mar
12,4727,0,0,606,3/1/2019,2019,Mar
0,0,0,2,1,3/1/2019,2019,Mar
0,0,0,0,211,3/1/2019,2019,Mar
0,0,97,0,24,3/1/2019,2019,Mar
2,6522,0,0,861,3/1/2019,2019,Mar
0,0,0,0,0,3/1/2019,2019,Mar
0,3094,0,0,1297,3/1/2019,2019,Mar
0,4397,0,0,545,3/1/2019,2019,Mar
0,7333,178,169,1298,3/1/2019,2019,Mar
0,0,0,0,0,3/1/2019,2019,Mar
0,0,0,0,0,3/1/2019,2019,Mar
1,2049,0,0,1105,3/1/2019,2019,Mar
0,0,0,0,0,3/1/2019,2019,Mar
0,0,0,0,144,3/1/2019,2019,Mar
0,2443,0,0,871,3/1/2019,2019,Mar
0,2340,0,0,845,3/1/2019,2019,Mar
0,4090,0,143,1214,3/1/2019,2019,Mar
0,1806,0,0,617,3/1/2019,2019,Mar
0,0,0,0,0,3/1/2019,2019,Mar
0,0,10,0,134,3/1/2019,2019,Mar
0,0,0,0,0,3/1/2019,2019,Mar
8,2980,0,0,2066,3/1/2019,2019,Mar
0,3061,0,0,1688,3/1/2019,2019,Mar
0,2148,0,0,801,3/1/2019,2019,Mar
0,0,0,0,0,3/1/2019,2019,Mar
0,2924,0,0,343,3/1/2019,2019,Mar
0,1608,0,644,2101,3/1/2019,2019,Mar
0,3395,0,0,1228,3/1/2019,2019,Mar
0,0,0,0,0,3/1/2019,2019,Mar
0,3107,0,0,1266,3/1/2019,2019,Mar
0,1104,0,0,543,3/1/2019,2019,Mar
0,0,0,0,0,3/1/2019,2019,Mar
0,3065,0,0,508,3/1/2019,2019,Mar
0,4820,0,22,726,3/1/2019,2019,Mar
0,0,0,0,0,3/1/2019,2019,Mar
0,0,0,0,0,3/1/2019,2019,Mar
1,3901,0,0,3466,3/1/2019,2019,Mar
0,0,0,0,0,3/1/2019,2019,Mar
0,0,0,0,0,3/1/2019,2019,Mar
0,0,0,0,0,3/1/2019,2019,Mar
0,0,0,0,0,3/1/2019,2019,Mar
0,0,0,0,0,3/1/2019,2019,Mar
0,3601,83,20,3656,3/1/2019,2019,Mar
0,0,0,0,0,3/1/2019,2019,Mar
0,0,0,0,0,3/1/2019,2019,Mar
0,0,0,0,0,3/1/2019,2019,Mar
0,6800,0,133,1701,3/1/2019,2019,Mar
0,0,0,0,0,3/1/2019,2019,Mar
0,1814,0,0,1486,3/1/2019,2019,Mar
0,3449,0,3,1465,3/1/2019,2019,Mar
0,0,0,0,0,3/1/2019,2019,Mar
0,0,0,14,382,3/1/2019,2019,Mar
0,0,0,0,0,3/1/2019,2019,Mar
0,3258,0,0,593,3/1/2019,2019,Mar
0,0,0,0,313,3/1/2019,2019,Mar
0,2611,0,39,1306,3/1/2019,2019,Mar
4,2176,0,0,1426,3/1/2019,2019,Mar
2,4486,0,0,1077,3/1/2019,2019,Mar
0,2375,0,0,1250,3/1/2019,2019,Mar
0,0,0,0,28,3/1/2019,2019,Mar
0,2489,0,0,558,3/1/2019,2019,Mar
0,2567,0,20,1462,3/1/2019,2019,Mar
0,3048,0,0,351,3/1/2019,2019,Mar
0,1249,0,0,768,3/1/2019,2019,Mar
0,3687,36,0,647,3/1/2019,2019,Mar
0,0,0,0,0,3/1/2019,2019,Mar
0,711,0,0,336,3/1/2019,2019,Mar
0,3107,0,0,2828,3/1/2019,2019,Mar
1,3033,0,5,427,3/1/2019,2019,Mar
3,2788,0,38,2265,3/1/2019,2019,Mar
0,0,0,0,14,3/1/2019,2019,Mar
0,0,0,0,0,3/1/2019,2019,Mar
0,0,0,0,12,3/1/2019,2019,Mar
0,0,0,0,37,3/1/2019,2019,Mar
0,0,0,0,0,3/1/2019,2019,Mar
0,2283,0,26,2428,3/1/2019,2019,Mar
0,1326,0,0,25,3/1/2019,2019,Mar
0,1974,0,0,340,3/1/2019,2019,Mar
0,0,0,0,136,3/1/2019,2019,Mar
0,0,0,0,0,3/1/2019,2019,Mar
0,0,0,0,0,3/1/2019,2019,Mar
1,2460,0,384,1123,3/1/2019,2019,Mar
0,0,0,1,195,3/1/2019,2019,Mar
2,2701,0,0,66,3/1/2019,2019,Mar
1,4197,0,0,852,3/1/2019,2019,Mar
0,4473,0,0,430,3/1/2019,2019,Mar
0,0,0,0,0,3/1/2019,2019,Mar
0,2653,0,0,964,3/1/2019,2019,Mar
0,0,0,0,0,3/1/2019,2019,Mar
0,2569,0,0,765,3/1/2019,2019,Mar
0,0,0,1,0,3/1/2019,2019,Mar
0,1943,0,0,542,3/1/2019,2019,Mar
0,2178,0,0,1295,3/1/2019,2019,Mar
0,0,0,0,0,3/1/2019,2019,Mar
0,0,0,0,457,3/1/2019,2019,Mar
6,2315,0,0,825,3/1/2019,2019,Mar
2,1821,0,0,201,3/1/2019,2019,Mar
0,0,0,0,0,3/1/2019,2019,Mar
0,2382,16,2,2417,3/1/2019,2019,Mar
0,0,0,0,0,3/1/2019,2019,Mar
0,2327,0,0,725,3/1/2019,2019,Mar
1,2364,0,0,785,3/1/2019,2019,Mar
0,0,0,0,19,3/1/2019,2019,Mar
0,1758,0,0,346,3/1/2019,2019,Mar
0,2101,9,0,1377,3/1/2019,2019,Mar
1,2973,0,0,1064,3/1/2019,2019,Mar
0,0,0,0,152,3/1/2019,2019,Mar
0,0,0,0,0,3/1/2019,2019,Mar
3,2488,0,0,667,3/1/2019,2019,Mar
1,4070,0,0,1108,3/1/2019,2019,Mar
1,1878,0,0,813,3/1/2019,2019,Mar
1,3193,21,15,2033,3/1/2019,2019,Mar
0,10850,0,1336,3417,3/1/2019,2019,Mar
0,3389,10,0,815,3/1/2019,2019,Mar
0,4621,86,1,575,3/1/2019,2019,Mar
1,5758,0,104,1962,3/1/2019,2019,Mar
0,5316,16,0,3467,3/1/2019,2019,Mar
22,2224,0,66,1079,3/1/2019,2019,Mar
0,5981,0,0,3008,3/1/2019,2019,Mar
1,2961,0,0,2243,3/1/2019,2019,Mar
0,0,0,0,0,3/1/2019,2019,Mar
0,2196,0,0,780,3/1/2019,2019,Mar
0,0,0,18,0,3/1/2019,2019,Mar
0,2618,0,0,405,3/1/2019,2019,Mar
0,3088,0,0,572,3/1/2019,2019,Mar
0,2188,0,0,782,3/1/2019,2019,Mar
0,3850,0,0,1440,3/1/2019,2019,Mar
2,1119,0,0,99,3/1/2019,2019,Mar
0,0,0,0,0,3/1/2019,2019,Mar
0,1494,0,0,109,3/1/2019,2019,Mar
0,0,0,0,0,3/1/2019,2019,Mar
0,0,0,0,0,3/1/2019,2019,Mar
0,2409,0,0,1942,3/1/2019,2019,Mar
0,0,0,0,0,3/1/2019,2019,Mar
16,3255,0,0,1109,3/1/2019,2019,Mar
0,0,0,0,0,3/1/2019,2019,Mar
0,2521,0,0,377,3/1/2019,2019,Mar
0,1531,0,0,216,3/1/2019,2019,Mar
0,0,0,0,0,3/1/2019,2019,Mar
0,1642,0,0,469,3/1/2019,2019,Mar
28,3800,0,0,1647,3/1/2019,2019,Mar
0,3692,0,0,963,5/1/2019,2019,May
0,1550,0,0,892,5/1/2019,2019,May
1,1049,245,0,0,5/1/2019,2019,May
1,2056,0,0,348,5/1/2019,2019,May
0,0,0,0,0,5/1/2019,2019,May
0,0,0,0,0,5/1/2019,2019,May
0,0,0,0,0,5/1/2019,2019,May
0,0,0,0,0,5/1/2019,2019,May
5,4518,0,0,525,5/1/2019,2019,May
0,2508,0,0,511,5/1/2019,2019,May
0,8609,0,0,1840,5/1/2019,2019,May
0,3006,0,0,265,5/1/2019,2019,May
0,0,0,0,0,5/1/2019,2019,May
0,2109,0,0,271,5/1/2019,2019,May
0,0,0,0,0,5/1/2019,2019,May
0,0,0,0,0,5/1/2019,2019,May
0,0,0,0,0,5/1/2019,2019,May
0,1086,0,0,293,5/1/2019,2019,May
38,2362,0,0,902,5/1/2019,2019,May
7,2264,0,28,747,5/1/2019,2019,May
0,0,0,0,0,5/1/2019,2019,May
0,2758,0,127,1731,5/1/2019,2019,May
0,0,0,0,0,5/1/2019,2019,May
0,0,0,0,0,5/1/2019,2019,May
0,3512,27,0,495,5/1/2019,2019,May
0,0,0,0,0,5/1/2019,2019,May
0,3409,1128,0,786,5/1/2019,2019,May
0,2807,0,0,1502,5/1/2019,2019,May
1,3429,0,15,377,5/1/2019,2019,May
0,0,0,0,0,5/1/2019,2019,May
5,4317,0,0,280,5/1/2019,2019,May
0,2314,0,0,868,5/1/2019,2019,May
0,0,0,0,0,5/1/2019,2019,May
0,0,0,0,0,5/1/2019,2019,May
0,0,0,0,0,5/1/2019,2019,May
0,0,0,2,13,5/1/2019,2019,May
1,1750,0,0,825,5/1/2019,2019,May
0,3777,0,0,1566,5/1/2019,2019,May
0,0,0,15,75,5/1/2019,2019,May
0,1933,0,0,154,5/1/2019,2019,May
0,2577,0,0,280,5/1/2019,2019,May
0,0,0,0,0,5/1/2019,2019,May
0,0,0,0,0,5/1/2019,2019,May
0,3392,0,372,915,5/1/2019,2019,May
0,1455,0,0,341,5/1/2019,2019,May
0,0,0,8,13,5/1/2019,2019,May
0,0,0,0,0,5/1/2019,2019,May
0,0,0,0,0,5/1/2019,2019,May
0,3323,0,0,963,5/1/2019,2019,May
0,0,0,0,0,5/1/2019,2019,May
0,1007,0,0,297,5/1/2019,2019,May
0,5362,219,0,1477,5/1/2019,2019,May
13,4072,0,27,1606,5/1/2019,2019,May
0,0,0,0,0,5/1/2019,2019,May
0,4715,0,172,1698,5/1/2019,2019,May
0,3573,0,0,854,5/1/2019,2019,May
0,0,0,0,0,5/1/2019,2019,May
0,0,0,0,0,5/1/2019,2019,May
0,3734,12,0,195,5/1/2019,2019,May
0,0,0,0,0,5/1/2019,2019,May
0,0,0,0,0,5/1/2019,2019,May
0,0,0,0,0,5/1/2019,2019,May
0,5808,0,0,1568,5/1/2019,2019,May
0,0,0,0,0,5/1/2019,2019,May
0,1785,0,0,272,5/1/2019,2019,May
15,1295,0,0,55,5/1/2019,2019,May
0,0,0,0,25,5/1/2019,2019,May
0,3936,0,0,852,5/1/2019,2019,May
0,0,0,0,0,5/1/2019,2019,May
2,2342,0,0,1274,5/1/2019,2019,May
0,3683,0,0,781,5/1/2019,2019,May
1,3182,0,0,1114,5/1/2019,2019,May
0,0,0,0,0,5/1/2019,2019,May
0,1032,0,0,495,5/1/2019,2019,May
0,0,0,0,0,5/1/2019,2019,May
0,0,0,0,0,5/1/2019,2019,May
0,0,0,0,0,5/1/2019,2019,May
0,0,0,0,0,5/1/2019,2019,May
1,1621,0,0,206,5/1/2019,2019,May
0,0,0,0,0,5/1/2019,2019,May
0,3139,0,0,1578,5/1/2019,2019,May
0,0,0,0,0,5/1/2019,2019,May
7,3627,10,0,1177,5/1/2019,2019,May
6,871,0,0,231,5/1/2019,2019,May
0,1523,0,0,534,5/1/2019,2019,May
0,0,0,0,0,5/1/2019,2019,May
0,2711,0,0,374,5/1/2019,2019,May
24,4719,0,0,374,5/1/2019,2019,May
0,0,0,0,0,5/1/2019,2019,May
0,2371,0,41,503,5/1/2019,2019,May
35,2384,0,400,1426,5/1/2019,2019,May
0,0,0,0,0,5/1/2019,2019,May
0,4893,0,0,1595,5/1/2019,2019,May
31,4399,0,0,667,5/1/2019,2019,May
0,0,0,5,2,5/1/2019,2019,May
0,0,0,0,210,5/1/2019,2019,May
0,0,85,0,17,5/1/2019,2019,May
1,6109,0,0,784,5/1/2019,2019,May
0,0,0,0,0,5/1/2019,2019,May
0,3347,0,0,920,5/1/2019,2019,May
0,4421,0,0,489,5/1/2019,2019,May
0,7022,166,159,1308,5/1/2019,2019,May
0,0,0,0,0,5/1/2019,2019,May
0,0,0,0,0,5/1/2019,2019,May
48,2059,0,0,1090,5/1/2019,2019,May
0,0,0,0,0,5/1/2019,2019,May
0,0,0,0,126,5/1/2019,2019,May
0,2392,0,0,887,5/1/2019,2019,May
0,2146,0,0,768,5/1/2019,2019,May
0,4062,0,143,1008,5/1/2019,2019,May
0,1805,0,0,623,5/1/2019,2019,May
0,0,0,0,0,5/1/2019,2019,May
0,0,13,0,263,5/1/2019,2019,May
0,0,0,0,0,5/1/2019,2019,May
2,2959,0,0,1899,5/1/2019,2019,May
0,3263,0,0,1872,5/1/2019,2019,May
0,2254,0,0,771,5/1/2019,2019,May
0,0,0,0,0,5/1/2019,2019,May
0,2740,0,0,338,5/1/2019,2019,May
0,1605,0,703,2141,5/1/2019,2019,May
0,3576,0,0,1330,5/1/2019,2019,May
0,0,0,0,0,5/1/2019,2019,May
0,2192,0,0,1307,5/1/2019,2019,May
0,1173,0,0,626,5/1/2019,2019,May
0,0,0,0,0,5/1/2019,2019,May
0,3138,0,0,463,5/1/2019,2019,May
0,5028,0,24,845,5/1/2019,2019,May
0,0,0,0,0,5/1/2019,2019,May
0,0,0,0,0,5/1/2019,2019,May
2,3922,0,0,2359,5/1/2019,2019,May
0,0,0,0,0,5/1/2019,2019,May
0,0,0,0,0,5/1/2019,2019,May
0,0,0,0,0,5/1/2019,2019,May
0,0,0,0,0,5/1/2019,2019,May
0,0,0,0,0,5/1/2019,2019,May
0,3498,70,14,3464,5/1/2019,2019,May
0,0,0,0,0,5/1/2019,2019,May
0,0,0,0,0,5/1/2019,2019,May
0,0,0,0,0,5/1/2019,2019,May
1,7005,0,118,1569,5/1/2019,2019,May
0,0,0,0,0,5/1/2019,2019,May
0,1792,0,0,1393,5/1/2019,2019,May
0,3460,0,0,1576,5/1/2019,2019,May
0,0,0,0,0,5/1/2019,2019,May
0,0,0,16,423,5/1/2019,2019,May
0,0,0,0,0,5/1/2019,2019,May
0,3144,1,0,548,5/1/2019,2019,May
0,0,0,0,345,5/1/2019,2019,May
0,2709,0,31,1117,5/1/2019,2019,May
12,1969,0,0,1501,5/1/2019,2019,May
1,4188,0,0,970,5/1/2019,2019,May
0,2463,0,0,1334,5/1/2019,2019,May
0,0,0,0,35,5/1/2019,2019,May
0,2387,0,0,566,5/1/2019,2019,May
0,2437,0,12,1481,5/1/2019,2019,May
0,2818,0,0,341,5/1/2019,2019,May
0,1225,0,0,774,5/1/2019,2019,May
0,3590,31,0,624,5/1/2019,2019,May
0,837,0,0,259,5/1/2019,2019,May
0,3013,0,0,2762,5/1/2019,2019,May
0,3111,0,12,418,5/1/2019,2019,May
0,2771,0,33,2358,5/1/2019,2019,May
0,0,0,0,19,5/1/2019,2019,May
0,0,0,0,0,5/1/2019,2019,May
0,0,0,0,11,5/1/2019,2019,May
0,0,0,0,33,5/1/2019,2019,May
0,0,0,0,0,5/1/2019,2019,May
0,2288,0,113,2408,5/1/2019,2019,May
0,4299,26,0,829,5/1/2019,2019,May
0,1824,0,0,313,5/1/2019,2019,May
0,0,0,0,152,5/1/2019,2019,May
0,0,0,0,0,5/1/2019,2019,May
0,0,0,0,0,5/1/2019,2019,May
0,2398,0,394,1309,5/1/2019,2019,May
0,0,0,4,193,5/1/2019,2019,May
12,2450,0,0,62,5/1/2019,2019,May
0,4314,0,0,920,5/1/2019,2019,May
0,4489,0,0,408,5/1/2019,2019,May
0,0,0,0,0,5/1/2019,2019,May
12,2513,0,0,856,5/1/2019,2019,May
0,0,0,0,0,5/1/2019,2019,May
0,2660,0,0,720,5/1/2019,2019,May
2,0,0,2,0,5/1/2019,2019,May
0,1914,0,0,457,5/1/2019,2019,May
0,2210,0,0,1234,5/1/2019,2019,May
0,0,0,0,0,5/1/2019,2019,May
0,0,0,0,508,5/1/2019,2019,May
0,2653,0,0,951,5/1/2019,2019,May
21,2157,0,0,498,5/1/2019,2019,May
0,0,0,0,0,5/1/2019,2019,May
0,3120,18,2,2646,5/1/2019,2019,May
0,0,0,0,0,5/1/2019,2019,May
0,2406,0,0,776,5/1/2019,2019,May
0,2388,0,0,782,5/1/2019,2019,May
0,0,0,0,22,5/1/2019,2019,May
0,1647,0,0,311,5/1/2019,2019,May
0,2001,6,0,1404,5/1/2019,2019,May
2,2922,0,0,937,5/1/2019,2019,May
0,0,0,0,176,5/1/2019,2019,May
0,0,0,0,0,5/1/2019,2019,May
0,2507,0,0,742,5/1/2019,2019,May
0,4098,0,0,1257,5/1/2019,2019,May
0,2168,0,0,387,5/1/2019,2019,May
1,3189,12,5,1863,5/1/2019,2019,May
0,11185,0,1418,3244,5/1/2019,2019,May
0,3320,12,0,943,5/1/2019,2019,May
0,4532,59,1,710,5/1/2019,2019,May
5,5529,0,135,1826,5/1/2019,2019,May
0,5192,5,0,3541,5/1/2019,2019,May
12,2193,0,80,1037,5/1/2019,2019,May
0,6060,0,0,3019,5/1/2019,2019,May
7,3031,0,0,1167,5/1/2019,2019,May
0,0,0,0,0,5/1/2019,2019,May
0,2200,0,0,831,5/1/2019,2019,May
0,2703,0,0,403,5/1/2019,2019,May
0,3055,0,0,520,5/1/2019,2019,May
0,2181,0,0,693,5/1/2019,2019,May
0,3685,0,0,1362,5/1/2019,2019,May
4,1163,0,0,99,5/1/2019,2019,May
0,0,0,0,0,5/1/2019,2019,May
0,1460,0,0,110,5/1/2019,2019,May
0,0,0,0,0,5/1/2019,2019,May
0,0,0,0,0,5/1/2019,2019,May
0,2385,0,0,1908,5/1/2019,2019,May
0,0,0,0,0,5/1/2019,2019,May
51,3184,0,0,1043,5/1/2019,2019,May
0,0,0,0,0,5/1/2019,2019,May
0,2379,0,0,403,5/1/2019,2019,May
0,1545,0,0,188,5/1/2019,2019,May
0,0,0,0,0,5/1/2019,2019,May
0,1519,0,0,517,5/1/2019,2019,May
26,3973,0,0,1520,5/1/2019,2019,May
0,1690,0,0,953,11/1/2019,2019,Nov
0,1147,249,0,0,11/1/2019,2019,Nov
1,1950,0,0,424,11/1/2019,2019,Nov
0,0,0,0,0,11/1/2019,2019,Nov
0,0,0,0,0,11/1/2019,2019,Nov
0,0,0,0,0,11/1/2019,2019,Nov
0,0,0,0,0,11/1/2019,2019,Nov
8,4547,0,0,438,11/1/2019,2019,Nov
0,2504,0,0,584,11/1/2019,2019,Nov
8,8678,0,0,1719,11/1/2019,2019,Nov
0,3295,0,0,257,11/1/2019,2019,Nov
0,0,0,0,0,11/1/2019,2019,Nov
0,2197,0,0,320,11/1/2019,2019,Nov
0,0,0,0,0,11/1/2019,2019,Nov
0,0,0,0,0,11/1/2019,2019,Nov
0,0,0,0,0,11/1/2019,2019,Nov
0,1123,0,0,226,11/1/2019,2019,Nov
25,2447,0,0,1250,11/1/2019,2019,Nov
24,2397,0,18,871,11/1/2019,2019,Nov
0,0,0,0,0,11/1/2019,2019,Nov
0,2497,0,175,1558,11/1/2019,2019,Nov
0,0,0,0,0,11/1/2019,2019,Nov
0,0,0,0,0,11/1/2019,2019,Nov
13,3674,16,0,511,11/1/2019,2019,Nov
0,0,0,0,0,11/1/2019,2019,Nov
0,0,0,0,0,11/1/2019,2019,Nov
0,3360,855,0,757,11/1/2019,2019,Nov
9,3082,0,0,1495,11/1/2019,2019,Nov
1,3264,0,27,1052,11/1/2019,2019,Nov
0,0,0,0,0,11/1/2019,2019,Nov
4,2963,0,0,762,11/1/2019,2019,Nov
5,2404,0,0,942,11/1/2019,2019,Nov
0,0,0,0,0,11/1/2019,2019,Nov
0,0,0,0,0,11/1/2019,2019,Nov
0,0,0,0,0,11/1/2019,2019,Nov
0,0,0,4,24,11/1/2019,2019,Nov
0,1952,0,0,939,11/1/2019,2019,Nov
0,3878,0,0,1286,11/1/2019,2019,Nov
0,0,0,4,64,11/1/2019,2019,Nov
14,1880,0,0,164,11/1/2019,2019,Nov
0,2840,0,0,306,11/1/2019,2019,Nov
0,0,0,0,0,11/1/2019,2019,Nov
0,0,0,0,0,11/1/2019,2019,Nov
0,3433,0,499,1029,11/1/2019,2019,Nov
1,1413,0,0,391,11/1/2019,2019,Nov
0,0,0,9,7,11/1/2019,2019,Nov
0,0,0,0,0,11/1/2019,2019,Nov
0,0,0,0,0,11/1/2019,2019,Nov
1,3528,0,0,864,11/1/2019,2019,Nov
0,0,0,0,0,11/1/2019,2019,Nov
0,968,0,0,355,11/1/2019,2019,Nov
15,5011,0,265,1495,11/1/2019,2019,Nov
10,4092,0,36,1770,11/1/2019,2019,Nov
0,0,0,0,0,11/1/2019,2019,Nov
0,4705,0,158,2152,11/1/2019,2019,Nov
0,3623,0,0,749,11/1/2019,2019,Nov
0,0,0,0,0,11/1/2019,2019,Nov
2,3263,7,0,207,11/1/2019,2019,Nov
0,0,0,0,0,11/1/2019,2019,Nov
0,0,0,0,0,11/1/2019,2019,Nov
0,0,0,0,0,11/1/2019,2019,Nov
0,6490,0,0,2117,11/1/2019,2019,Nov
0,0,0,0,0,11/1/2019,2019,Nov
0,1840,0,0,306,11/1/2019,2019,Nov
0,1272,0,0,49,11/1/2019,2019,Nov
0,0,0,0,21,11/1/2019,2019,Nov
0,3781,0,0,997,11/1/2019,2019,Nov
0,0,0,0,0,11/1/2019,2019,Nov
50,2301,0,0,1574,11/1/2019,2019,Nov
0,3925,0,0,783,11/1/2019,2019,Nov
2,3217,0,0,1298,11/1/2019,2019,Nov
0,0,0,0,0,11/1/2019,2019,Nov
0,1127,0,0,595,11/1/2019,2019,Nov
0,0,0,0,2,11/1/2019,2019,Nov
0,0,0,0,0,11/1/2019,2019,Nov
0,0,0,0,0,11/1/2019,2019,Nov
0,0,0,0,0,11/1/2019,2019,Nov
0,1760,0,0,188,11/1/2019,2019,Nov
0,0,0,0,0,11/1/2019,2019,Nov
0,3035,0,0,1580,11/1/2019,2019,Nov
0,0,0,0,0,11/1/2019,2019,Nov
6,3422,8,0,1253,11/1/2019,2019,Nov
9,852,0,0,288,11/1/2019,2019,Nov
1,1452,0,0,465,11/1/2019,2019,Nov
0,0,0,0,0,11/1/2019,2019,Nov
0,2495,0,0,390,11/1/2019,2019,Nov
28,4514,0,0,429,11/1/2019,2019,Nov
0,0,0,0,0,11/1/2019,2019,Nov
0,2942,0,56,691,11/1/2019,2019,Nov
37,2240,0,463,1534,11/1/2019,2019,Nov
0,0,0,0,0,11/1/2019,2019,Nov
0,4799,0,0,1524,11/1/2019,2019,Nov
46,4592,0,0,793,11/1/2019,2019,Nov
0,0,0,6,1,11/1/2019,2019,Nov
0,0,0,0,192,11/1/2019,2019,Nov
0,6182,0,0,2102,11/1/2019,2019,Nov
0,0,109,0,19,11/1/2019,2019,Nov
1,5787,0,0,896,11/1/2019,2019,Nov
0,0,0,0,0,11/1/2019,2019,Nov
0,3370,0,0,1115,11/1/2019,2019,Nov
0,4240,0,0,626,11/1/2019,2019,Nov
0,7039,147,158,1498,11/1/2019,2019,Nov
0,0,0,0,0,11/1/2019,2019,Nov
0,0,0,0,0,11/1/2019,2019,Nov
0,2128,0,0,1458,11/1/2019,2019,Nov
0,0,0,0,0,11/1/2019,2019,Nov
0,0,0,0,130,11/1/2019,2019,Nov
0,2451,0,0,814,11/1/2019,2019,Nov
8,2430,0,0,756,11/1/2019,2019,Nov
0,3858,0,118,1232,11/1/2019,2019,Nov
0,1714,0,0,708,11/1/2019,2019,Nov
0,0,0,0,0,11/1/2019,2019,Nov
0,0,21,0,231,11/1/2019,2019,Nov
0,0,0,0,0,11/1/2019,2019,Nov
6,3041,0,0,2002,11/1/2019,2019,Nov
9,3152,0,0,1781,11/1/2019,2019,Nov
2,2189,0,0,862,11/1/2019,2019,Nov
0,0,0,0,0,11/1/2019,2019,Nov
0,2694,0,0,400,11/1/2019,2019,Nov
0,1599,0,645,2236,11/1/2019,2019,Nov
0,3719,0,5,1984,11/1/2019,2019,Nov
0,0,0,0,0,11/1/2019,2019,Nov
0,2479,0,0,1336,11/1/2019,2019,Nov
0,1146,0,0,591,11/1/2019,2019,Nov
0,0,0,0,0,11/1/2019,2019,Nov
0,3180,0,0,587,11/1/2019,2019,Nov
0,5245,0,33,866,11/1/2019,2019,Nov
0,0,0,0,0,11/1/2019,2019,Nov
0,0,0,0,0,11/1/2019,2019,Nov
15,3913,0,0,3491,11/1/2019,2019,Nov
0,0,0,0,0,11/1/2019,2019,Nov
0,0,0,0,0,11/1/2019,2019,Nov
0,0,0,0,0,11/1/2019,2019,Nov
0,0,0,0,0,11/1/2019,2019,Nov
0,0,0,0,0,11/1/2019,2019,Nov
0,3243,89,20,3807,11/1/2019,2019,Nov
0,0,0,0,0,11/1/2019,2019,Nov
0,0,0,0,0,11/1/2019,2019,Nov
0,0,0,0,0,11/1/2019,2019,Nov
29,7309,0,172,2082,11/1/2019,2019,Nov
0,0,0,0,0,11/1/2019,2019,Nov
8,1767,0,0,1505,11/1/2019,2019,Nov
0,3483,0,0,1606,11/1/2019,2019,Nov
0,0,0,0,0,11/1/2019,2019,Nov
0,0,0,7,298,11/1/2019,2019,Nov
0,0,0,0,0,11/1/2019,2019,Nov
0,3142,0,0,533,11/1/2019,2019,Nov
0,0,0,0,345,11/1/2019,2019,Nov
8,2229,0,36,1535,11/1/2019,2019,Nov
10,2035,0,0,1369,11/1/2019,2019,Nov
35,4264,0,0,1249,11/1/2019,2019,Nov
0,0,0,0,22,11/1/2019,2019,Nov
3,2442,0,0,716,11/1/2019,2019,Nov
0,2684,0,13,1456,11/1/2019,2019,Nov
0,3094,0,0,349,11/1/2019,2019,Nov
0,1183,0,0,736,11/1/2019,2019,Nov
1,3249,32,0,695,11/1/2019,2019,Nov
0,826,0,0,431,11/1/2019,2019,Nov
0,2996,0,0,2861,11/1/2019,2019,Nov
17,3456,0,11,462,11/1/2019,2019,Nov
61,3003,0,48,3065,11/1/2019,2019,Nov
0,0,0,0,14,11/1/2019,2019,Nov
0,0,0,0,0,11/1/2019,2019,Nov
0,0,0,0,2,11/1/2019,2019,Nov
0,0,0,0,28,11/1/2019,2019,Nov
0,0,0,0,0,11/1/2019,2019,Nov
2,2181,0,148,2405,11/1/2019,2019,Nov
0,4452,21,0,804,11/1/2019,2019,Nov
0,1901,0,0,284,11/1/2019,2019,Nov
0,0,0,0,149,11/1/2019,2019,Nov
0,0,0,0,0,11/1/2019,2019,Nov
0,0,0,0,0,11/1/2019,2019,Nov
0,2505,0,362,1171,11/1/2019,2019,Nov
0,0,0,2,227,11/1/2019,2019,Nov
16,2812,0,0,96,11/1/2019,2019,Nov
9,4090,0,0,1113,11/1/2019,2019,Nov
0,4306,0,0,381,11/1/2019,2019,Nov
0,0,0,0,0,11/1/2019,2019,Nov
87,2595,0,0,1107,11/1/2019,2019,Nov
0,0,0,0,0,11/1/2019,2019,Nov
0,2664,0,0,713,11/1/2019,2019,Nov
4,0,0,0,7,11/1/2019,2019,Nov
0,1953,0,0,412,11/1/2019,2019,Nov
0,2161,0,0,1292,11/1/2019,2019,Nov
0,0,0,0,0,11/1/2019,2019,Nov
0,0,0,0,506,11/1/2019,2019,Nov
34,2500,0,0,897,11/1/2019,2019,Nov
12,1978,0,0,313,11/1/2019,2019,Nov
0,0,0,0,0,11/1/2019,2019,Nov
0,3743,18,2,2998,11/1/2019,2019,Nov
0,0,0,0,0,11/1/2019,2019,Nov
1,2623,0,0,592,11/1/2019,2019,Nov
1,2474,0,0,688,11/1/2019,2019,Nov
0,0,0,0,16,11/1/2019,2019,Nov
0,1552,0,0,216,11/1/2019,2019,Nov
0,2592,8,0,1039,11/1/2019,2019,Nov
0,3110,0,0,996,11/1/2019,2019,Nov
0,0,0,0,169,11/1/2019,2019,Nov
0,0,0,0,0,11/1/2019,2019,Nov
1,2492,0,0,722,11/1/2019,2019,Nov
11,4001,0,0,1155,11/1/2019,2019,Nov
16,2210,0,0,362,11/1/2019,2019,Nov
2,3313,23,0,1629,11/1/2019,2019,Nov
5,11026,0,1376,3541,11/1/2019,2019,Nov
0,3572,10,0,954,11/1/2019,2019,Nov
0,4563,117,1,503,11/1/2019,2019,Nov
2,5305,0,33,1865,11/1/2019,2019,Nov
2,5084,1,0,3621,11/1/2019,2019,Nov
7,2160,0,51,1021,11/1/2019,2019,Nov
0,5883,0,0,2984,11/1/2019,2019,Nov
43,2810,0,1646,0,11/1/2019,2019,Nov
0,0,0,0,0,11/1/2019,2019,Nov
1,2296,0,0,927,11/1/2019,2019,Nov
0,2785,0,0,447,11/1/2019,2019,Nov
0,3610,0,0,643,11/1/2019,2019,Nov
0,2062,0,0,701,11/1/2019,2019,Nov
0,3882,0,0,1486,11/1/2019,2019,Nov
127,1135,0,0,122,11/1/2019,2019,Nov
0,0,0,0,0,11/1/2019,2019,Nov
8,1405,0,0,101,11/1/2019,2019,Nov
0,0,0,0,0,11/1/2019,2019,Nov
0,0,0,0,0,11/1/2019,2019,Nov
33,2021,0,0,1993,11/1/2019,2019,Nov
0,0,0,0,0,11/1/2019,2019,Nov
137,2415,0,0,1146,11/1/2019,2019,Nov
0,0,0,0,0,11/1/2019,2019,Nov
6,2662,0,0,264,11/1/2019,2019,Nov
2,1528,0,0,215,11/1/2019,2019,Nov
0,0,0,0,0,11/1/2019,2019,Nov
0,1501,0,0,534,11/1/2019,2019,Nov
9,4381,5,0,1692,11/1/2019,2019,Nov
0,1694,0,0,894,10/1/2019,2019,Oct
0,1094,235,0,0,10/1/2019,2019,Oct
3,2050,0,0,382,10/1/2019,2019,Oct
0,0,0,0,0,10/1/2019,2019,Oct
0,0,0,0,0,10/1/2019,2019,Oct
0,0,0,0,0,10/1/2019,2019,Oct
0,0,0,0,0,10/1/2019,2019,Oct
10,4714,0,0,513,10/1/2019,2019,Oct
0,2613,0,0,559,10/1/2019,2019,Oct
6,8604,0,0,1814,10/1/2019,2019,Oct
0,3201,0,0,260,10/1/2019,2019,Oct
0,0,0,0,0,10/1/2019,2019,Oct
0,2148,0,0,270,10/1/2019,2019,Oct
0,0,0,0,0,10/1/2019,2019,Oct
0,0,0,0,0,10/1/2019,2019,Oct
0,0,0,0,0,10/1/2019,2019,Oct
0,1110,0,0,234,10/1/2019,2019,Oct
41,2494,0,0,1006,10/1/2019,2019,Oct
7,2296,0,26,805,10/1/2019,2019,Oct
0,0,0,0,0,10/1/2019,2019,Oct
0,2743,0,172,1636,10/1/2019,2019,Oct
0,0,0,0,0,10/1/2019,2019,Oct
0,0,0,0,0,10/1/2019,2019,Oct
3,4288,15,0,511,10/1/2019,2019,Oct
0,0,0,0,0,10/1/2019,2019,Oct
0,0,0,0,0,10/1/2019,2019,Oct
0,3460,896,0,805,10/1/2019,2019,Oct
0,2950,0,0,1480,10/1/2019,2019,Oct
1,2820,0,32,504,10/1/2019,2019,Oct
0,0,0,0,0,10/1/2019,2019,Oct
8,3090,0,0,319,10/1/2019,2019,Oct
0,2435,0,0,882,10/1/2019,2019,Oct
0,0,0,0,0,10/1/2019,2019,Oct
0,0,0,0,0,10/1/2019,2019,Oct
0,0,0,0,0,10/1/2019,2019,Oct
0,0,0,2,15,10/1/2019,2019,Oct
0,1966,0,0,1032,10/1/2019,2019,Oct
0,3838,0,0,1368,10/1/2019,2019,Oct
0,0,0,12,70,10/1/2019,2019,Oct
13,1894,0,0,168,10/1/2019,2019,Oct
0,2890,0,0,322,10/1/2019,2019,Oct
0,0,0,0,0,10/1/2019,2019,Oct
0,0,0,0,0,10/1/2019,2019,Oct
0,3437,0,459,991,10/1/2019,2019,Oct
0,1488,0,0,373,10/1/2019,2019,Oct
0,0,0,3,16,10/1/2019,2019,Oct
0,0,0,0,0,10/1/2019,2019,Oct
0,0,0,0,0,10/1/2019,2019,Oct
0,3550,0,0,974,10/1/2019,2019,Oct
0,0,0,0,0,10/1/2019,2019,Oct
0,978,0,0,369,10/1/2019,2019,Oct
8,5135,0,276,1490,10/1/2019,2019,Oct
13,3902,0,15,1612,10/1/2019,2019,Oct
0,0,0,0,0,10/1/2019,2019,Oct
0,4918,0,223,2043,10/1/2019,2019,Oct
0,3699,0,0,825,10/1/2019,2019,Oct
0,0,0,0,0,10/1/2019,2019,Oct
0,0,0,0,0,10/1/2019,2019,Oct
3,3253,7,0,196,10/1/2019,2019,Oct
0,0,0,0,0,10/1/2019,2019,Oct
0,0,0,0,0,10/1/2019,2019,Oct
0,0,0,0,0,10/1/2019,2019,Oct
0,5514,0,0,1967,10/1/2019,2019,Oct
0,0,0,0,0,10/1/2019,2019,Oct
1,1812,0,0,306,10/1/2019,2019,Oct
0,1252,0,0,60,10/1/2019,2019,Oct
0,0,0,0,36,10/1/2019,2019,Oct
0,4002,0,0,996,10/1/2019,2019,Oct
0,0,0,0,0,10/1/2019,2019,Oct
27,2306,0,0,1498,10/1/2019,2019,Oct
0,3987,0,0,811,10/1/2019,2019,Oct
7,3362,0,0,1341,10/1/2019,2019,Oct
0,0,0,0,0,10/1/2019,2019,Oct
0,1099,0,0,561,10/1/2019,2019,Oct
0,0,0,0,2,10/1/2019,2019,Oct
0,0,0,0,0,10/1/2019,2019,Oct
0,0,0,0,0,10/1/2019,2019,Oct
0,0,0,0,0,10/1/2019,2019,Oct
2,1784,0,0,182,10/1/2019,2019,Oct
0,0,0,0,0,10/1/2019,2019,Oct
0,3085,0,0,1599,10/1/2019,2019,Oct
0,0,0,0,0,10/1/2019,2019,Oct
8,3534,5,0,1344,10/1/2019,2019,Oct
26,874,0,0,288,10/1/2019,2019,Oct
2,1575,0,0,530,10/1/2019,2019,Oct
0,0,0,0,0,10/1/2019,2019,Oct
0,2502,0,0,412,10/1/2019,2019,Oct
40,4602,0,0,413,10/1/2019,2019,Oct
0,0,0,0,0,10/1/2019,2019,Oct
0,2711,0,69,564,10/1/2019,2019,Oct
23,2326,0,514,1369,10/1/2019,2019,Oct
0,0,0,0,0,10/1/2019,2019,Oct
0,4889,0,0,1646,10/1/2019,2019,Oct
52,4438,0,0,855,10/1/2019,2019,Oct
0,0,0,3,1,10/1/2019,2019,Oct
0,0,0,0,165,10/1/2019,2019,Oct
0,6347,0,0,2504,10/1/2019,2019,Oct
0,0,116,0,17,10/1/2019,2019,Oct
3,6089,0,0,937,10/1/2019,2019,Oct
0,0,0,0,0,10/1/2019,2019,Oct
0,3329,0,0,1115,10/1/2019,2019,Oct
0,4204,0,0,607,10/1/2019,2019,Oct
0,7071,169,157,1511,10/1/2019,2019,Oct
0,0,0,0,0,10/1/2019,2019,Oct
0,0,0,0,0,10/1/2019,2019,Oct
0,1847,0,0,1607,10/1/2019,2019,Oct
0,0,0,0,0,10/1/2019,2019,Oct
0,0,0,0,117,10/1/2019,2019,Oct
0,2284,0,0,1117,10/1/2019,2019,Oct
1,2508,0,0,751,10/1/2019,2019,Oct
0,4122,0,143,1173,10/1/2019,2019,Oct
0,1778,0,0,640,10/1/2019,2019,Oct
0,0,0,0,0,10/1/2019,2019,Oct
0,0,12,0,215,10/1/2019,2019,Oct
0,0,0,0,0,10/1/2019,2019,Oct
5,3163,0,0,2026,10/1/2019,2019,Oct
4,3334,0,0,1830,10/1/2019,2019,Oct
0,2199,0,0,761,10/1/2019,2019,Oct
0,0,0,0,0,10/1/2019,2019,Oct
0,2684,0,0,373,10/1/2019,2019,Oct
0,1633,0,669,2282,10/1/2019,2019,Oct
0,3980,0,5,1873,10/1/2019,2019,Oct
0,0,0,0,0,10/1/2019,2019,Oct
0,2561,0,0,1310,10/1/2019,2019,Oct
0,1144,0,0,562,10/1/2019,2019,Oct
0,0,0,0,0,10/1/2019,2019,Oct
0,3207,0,0,613,10/1/2019,2019,Oct
0,5436,0,28,756,10/1/2019,2019,Oct
0,0,0,0,0,10/1/2019,2019,Oct
0,0,0,0,0,10/1/2019,2019,Oct
2,3808,0,0,3705,10/1/2019,2019,Oct
0,0,0,0,0,10/1/2019,2019,Oct
0,0,0,0,0,10/1/2019,2019,Oct
0,0,0,0,0,10/1/2019,2019,Oct
0,0,0,0,0,10/1/2019,2019,Oct
0,0,0,0,0,10/1/2019,2019,Oct
2,3298,102,25,3744,10/1/2019,2019,Oct
0,0,0,0,0,10/1/2019,2019,Oct
0,0,0,0,0,10/1/2019,2019,Oct
0,0,0,0,0,10/1/2019,2019,Oct
7,7368,0,152,1890,10/1/2019,2019,Oct
0,0,0,0,0,10/1/2019,2019,Oct
2,1822,0,0,1567,10/1/2019,2019,Oct
0,3469,0,0,1609,10/1/2019,2019,Oct
0,0,0,0,0,10/1/2019,2019,Oct
0,0,0,21,376,10/1/2019,2019,Oct
0,0,0,0,0,10/1/2019,2019,Oct
0,3249,2,0,610,10/1/2019,2019,Oct
0,0,0,0,337,10/1/2019,2019,Oct
59,2306,0,46,1363,10/1/2019,2019,Oct
13,2039,0,0,1455,10/1/2019,2019,Oct
14,4312,0,0,1242,10/1/2019,2019,Oct
0,0,0,0,26,10/1/2019,2019,Oct
1,2304,0,0,666,10/1/2019,2019,Oct
0,2557,0,8,1499,10/1/2019,2019,Oct
0,3236,0,0,296,10/1/2019,2019,Oct
0,1271,0,0,849,10/1/2019,2019,Oct
2,3384,33,0,601,10/1/2019,2019,Oct
0,748,0,0,361,10/1/2019,2019,Oct
0,2981,0,0,2833,10/1/2019,2019,Oct
0,3327,0,12,422,10/1/2019,2019,Oct
44,2701,0,51,2553,10/1/2019,2019,Oct
0,0,0,0,19,10/1/2019,2019,Oct
0,0,0,0,0,10/1/2019,2019,Oct
0,0,0,0,7,10/1/2019,2019,Oct
0,0,0,0,29,10/1/2019,2019,Oct
0,0,0,0,0,10/1/2019,2019,Oct
3,2042,0,120,2236,10/1/2019,2019,Oct
0,4327,46,0,863,10/1/2019,2019,Oct
0,1984,0,0,287,10/1/2019,2019,Oct
0,0,0,0,155,10/1/2019,2019,Oct
0,0,0,0,0,10/1/2019,2019,Oct
0,0,0,0,0,10/1/2019,2019,Oct
0,2449,0,332,1159,10/1/2019,2019,Oct
0,0,0,4,200,10/1/2019,2019,Oct
27,2761,0,0,75,10/1/2019,2019,Oct
4,4109,0,0,1025,10/1/2019,2019,Oct
0,4596,0,0,447,10/1/2019,2019,Oct
0,0,0,0,0,10/1/2019,2019,Oct
63,2704,0,0,1018,10/1/2019,2019,Oct
0,0,0,0,0,10/1/2019,2019,Oct
0,2624,0,0,796,10/1/2019,2019,Oct
1,0,0,0,3,10/1/2019,2019,Oct
0,1934,0,0,435,10/1/2019,2019,Oct
0,2190,0,0,1258,10/1/2019,2019,Oct
0,0,0,0,0,10/1/2019,2019,Oct
0,0,0,0,496,10/1/2019,2019,Oct
12,2552,0,0,923,10/1/2019,2019,Oct
4,1992,0,0,300,10/1/2019,2019,Oct
0,0,0,0,0,10/1/2019,2019,Oct
0,3266,17,2,3014,10/1/2019,2019,Oct
0,0,0,0,0,10/1/2019,2019,Oct
0,2595,0,0,581,10/1/2019,2019,Oct
1,2505,0,0,686,10/1/2019,2019,Oct
0,0,0,0,28,10/1/2019,2019,Oct
0,1604,0,0,199,10/1/2019,2019,Oct
0,2647,7,0,985,10/1/2019,2019,Oct
1,3229,0,0,980,10/1/2019,2019,Oct
0,0,0,0,169,10/1/2019,2019,Oct
0,0,0,0,0,10/1/2019,2019,Oct
0,2455,0,0,789,10/1/2019,2019,Oct
0,4287,0,0,1310,10/1/2019,2019,Oct
10,2113,0,0,364,10/1/2019,2019,Oct
7,3597,12,0,1634,10/1/2019,2019,Oct
1,11177,0,1318,3605,10/1/2019,2019,Oct
0,3479,7,0,920,10/1/2019,2019,Oct
0,4633,104,0,659,10/1/2019,2019,Oct
6,5282,0,27,1882,10/1/2019,2019,Oct
1,5088,16,0,3579,10/1/2019,2019,Oct
7,2209,0,63,1036,10/1/2019,2019,Oct
0,6005,0,0,2989,10/1/2019,2019,Oct
32,2892,0,1658,0,10/1/2019,2019,Oct
0,0,0,0,0,10/1/2019,2019,Oct
0,2300,0,0,832,10/1/2019,2019,Oct
0,2930,0,0,458,10/1/2019,2019,Oct
0,3705,0,0,786,10/1/2019,2019,Oct
0,2133,0,0,728,10/1/2019,2019,Oct
0,3947,0,0,1474,10/1/2019,2019,Oct
21,1201,0,0,92,10/1/2019,2019,Oct
0,0,0,0,0,10/1/2019,2019,Oct
10,1405,0,0,85,10/1/2019,2019,Oct
0,0,0,0,0,10/1/2019,2019,Oct
0,0,0,0,0,10/1/2019,2019,Oct
1,2165,0,0,2035,10/1/2019,2019,Oct
0,0,0,0,0,10/1/2019,2019,Oct
31,3425,0,0,1221,10/1/2019,2019,Oct
0,0,0,0,0,10/1/2019,2019,Oct
2,2925,0,0,328,10/1/2019,2019,Oct
1,1672,0,0,190,10/1/2019,2019,Oct
0,0,0,0,0,10/1/2019,2019,Oct
0,1640,0,0,569,10/1/2019,2019,Oct
16,4368,9,0,1704,10/1/2019,2019,Oct
0,3810,0,0,920,9/1/2019,2019,Sep
0,1495,0,0,869,9/1/2019,2019,Sep
0,1054,0,0,245,9/1/2019,2019,Sep
2,1971,0,0,374,9/1/2019,2019,Sep
0,0,0,0,0,9/1/2019,2019,Sep
0,0,0,0,0,9/1/2019,2019,Sep
0,0,0,0,0,9/1/2019,2019,Sep
0,0,0,0,0,9/1/2019,2019,Sep
7,4501,0,0,403,9/1/2019,2019,Sep
0,2427,0,0,532,9/1/2019,2019,Sep
2,8223,0,0,1612,9/1/2019,2019,Sep
0,2996,0,0,244,9/1/2019,2019,Sep
0,0,0,0,0,9/1/2019,2019,Sep
0,2043,0,0,278,9/1/2019,2019,Sep
0,0,0,0,0,9/1/2019,2019,Sep
0,0,0,0,0,9/1/2019,2019,Sep
0,0,0,0,0,9/1/2019,2019,Sep
0,1071,0,0,228,9/1/2019,2019,Sep
18,2438,0,0,992,9/1/2019,2019,Sep
1,2204,0,18,671,9/1/2019,2019,Sep
0,0,0,0,0,9/1/2019,2019,Sep
0,2729,0,134,1401,9/1/2019,2019,Sep
0,0,0,0,0,9/1/2019,2019,Sep
0,0,0,0,0,9/1/2019,2019,Sep
4,3888,32,0,423,9/1/2019,2019,Sep
0,0,0,0,0,9/1/2019,2019,Sep
0,0,0,0,0,9/1/2019,2019,Sep
0,3084,786,0,751,9/1/2019,2019,Sep
0,2857,0,0,1339,9/1/2019,2019,Sep
0,3117,0,22,603,9/1/2019,2019,Sep
0,0,0,0,0,9/1/2019,2019,Sep
5,2911,0,0,251,9/1/2019,2019,Sep
0,2293,0,0,810,9/1/2019,2019,Sep
0,0,0,0,0,9/1/2019,2019,Sep
0,0,0,0,0,9/1/2019,2019,Sep
0,0,0,0,0,9/1/2019,2019,Sep
0,0,0,1,26,9/1/2019,2019,Sep
0,1795,0,0,912,9/1/2019,2019,Sep
0,3787,0,0,1281,9/1/2019,2019,Sep
0,0,0,13,68,9/1/2019,2019,Sep
16,1929,0,0,167,9/1/2019,2019,Sep
1,2450,0,0,220,9/1/2019,2019,Sep
0,0,0,0,0,9/1/2019,2019,Sep
0,0,0,0,0,9/1/2019,2019,Sep
0,3183,0,481,1016,9/1/2019,2019,Sep
0,1419,0,0,338,9/1/2019,2019,Sep
0,0,0,4,21,9/1/2019,2019,Sep
0,0,0,0,0,9/1/2019,2019,Sep
0,0,0,0,0,9/1/2019,2019,Sep
0,3331,0,0,867,9/1/2019,2019,Sep
0,0,0,0,0,9/1/2019,2019,Sep
0,941,0,0,320,9/1/2019,2019,Sep
1,4762,0,259,1347,9/1/2019,2019,Sep
6,3606,0,19,1474,9/1/2019,2019,Sep
0,0,0,0,0,9/1/2019,2019,Sep
0,4541,0,80,1864,9/1/2019,2019,Sep
0,3383,0,0,746,9/1/2019,2019,Sep
0,0,0,0,0,9/1/2019,2019,Sep
0,0,0,0,0,9/1/2019,2019,Sep
2,3143,6,0,177,9/1/2019,2019,Sep
0,0,0,0,0,9/1/2019,2019,Sep
0,0,0,0,0,9/1/2019,2019,Sep
0,0,0,0,0,9/1/2019,2019,Sep
0,5116,0,0,1840,9/1/2019,2019,Sep
0,0,0,0,0,9/1/2019,2019,Sep
0,1781,0,0,279,9/1/2019,2019,Sep
2,1220,0,0,57,9/1/2019,2019,Sep
0,0,0,0,38,9/1/2019,2019,Sep
0,3923,0,0,805,9/1/2019,2019,Sep
0,0,0,0,0,9/1/2019,2019,Sep
2,2203,0,0,1375,9/1/2019,2019,Sep
0,3673,0,805,0,9/1/2019,2019,Sep
1,3104,0,0,1153,9/1/2019,2019,Sep
0,0,0,0,0,9/1/2019,2019,Sep
0,1097,0,0,501,9/1/2019,2019,Sep
0,0,0,0,1,9/1/2019,2019,Sep
0,0,0,0,0,9/1/2019,2019,Sep
0,0,0,0,0,9/1/2019,2019,Sep
0,0,0,0,0,9/1/2019,2019,Sep
0,1627,0,0,194,9/1/2019,2019,Sep
0,0,0,0,0,9/1/2019,2019,Sep
0,2887,0,0,1509,9/1/2019,2019,Sep
0,0,0,0,0,9/1/2019,2019,Sep
7,3470,7,0,1295,9/1/2019,2019,Sep
15,898,0,0,253,9/1/2019,2019,Sep
0,1510,0,0,508,9/1/2019,2019,Sep
0,0,0,0,0,9/1/2019,2019,Sep
0,2432,0,0,382,9/1/2019,2019,Sep
24,4400,0,0,351,9/1/2019,2019,Sep
0,0,0,0,0,9/1/2019,2019,Sep
0,2381,0,48,503,9/1/2019,2019,Sep
12,2295,0,431,1238,9/1/2019,2019,Sep
0,0,0,0,0,9/1/2019,2019,Sep
0,4689,0,0,1496,9/1/2019,2019,Sep
72,4434,0,0,866,9/1/2019,2019,Sep
0,0,0,0,0,9/1/2019,2019,Sep
0,0,0,0,199,9/1/2019,2019,Sep
0,0,85,0,26,9/1/2019,2019,Sep
0,6066,0,0,924,9/1/2019,2019,Sep
0,0,0,0,0,9/1/2019,2019,Sep
0,3222,0,0,918,9/1/2019,2019,Sep
0,4155,0,0,603,9/1/2019,2019,Sep
0,6687,129,167,1377,9/1/2019,2019,Sep
0,0,0,0,0,9/1/2019,2019,Sep
0,0,0,0,0,9/1/2019,2019,Sep
2,1957,0,0,1439,9/1/2019,2019,Sep
0,0,0,0,0,9/1/2019,2019,Sep
0,0,0,0,128,9/1/2019,2019,Sep
0,2164,0,0,1024,9/1/2019,2019,Sep
1,2422,0,0,724,9/1/2019,2019,Sep
0,3886,0,124,1005,9/1/2019,2019,Sep
0,1783,0,0,582,9/1/2019,2019,Sep
0,0,0,0,0,9/1/2019,2019,Sep
0,0,26,0,224,9/1/2019,2019,Sep
0,0,0,0,0,9/1/2019,2019,Sep
5,2976,0,0,1882,9/1/2019,2019,Sep
0,3161,0,0,1805,9/1/2019,2019,Sep
0,2081,0,0,696,9/1/2019,2019,Sep
0,0,0,0,0,9/1/2019,2019,Sep
2,2673,0,0,346,9/1/2019,2019,Sep
0,1522,0,591,1959,9/1/2019,2019,Sep
0,3701,0,4,1777,9/1/2019,2019,Sep
0,0,0,0,0,9/1/2019,2019,Sep
0,2465,0,0,1246,9/1/2019,2019,Sep
0,1118,0,0,561,9/1/2019,2019,Sep
0,0,0,0,0,9/1/2019,2019,Sep
0,2858,0,0,564,9/1/2019,2019,Sep
0,5015,0,41,665,9/1/2019,2019,Sep
0,0,0,0,0,9/1/2019,2019,Sep
0,0,0,0,0,9/1/2019,2019,Sep
0,3758,0,0,3327,9/1/2019,2019,Sep
0,0,0,0,0,9/1/2019,2019,Sep
0,0,0,0,0,9/1/2019,2019,Sep
0,0,0,0,0,9/1/2019,2019,Sep
0,0,0,0,0,9/1/2019,2019,Sep
0,0,0,0,0,9/1/2019,2019,Sep
0,3269,78,18,3422,9/1/2019,2019,Sep
0,0,0,0,0,9/1/2019,2019,Sep
0,0,0,0,0,9/1/2019,2019,Sep
0,0,0,0,0,9/1/2019,2019,Sep
1,6675,0,131,1692,9/1/2019,2019,Sep
0,0,0,0,0,9/1/2019,2019,Sep
1,1703,0,0,1406,9/1/2019,2019,Sep
0,3210,0,0,1502,9/1/2019,2019,Sep
0,0,0,0,0,9/1/2019,2019,Sep
0,0,0,11,378,9/1/2019,2019,Sep
0,0,0,0,0,9/1/2019,2019,Sep
0,3002,0,0,538,9/1/2019,2019,Sep
0,0,0,0,279,9/1/2019,2019,Sep
8,2242,0,56,1331,9/1/2019,2019,Sep
11,2001,0,0,1338,9/1/2019,2019,Sep
12,4143,0,0,1239,9/1/2019,2019,Sep
0,2502,0,0,1379,9/1/2019,2019,Sep
0,0,0,0,26,9/1/2019,2019,Sep
0,2181,0,0,547,9/1/2019,2019,Sep
0,2398,0,3,1234,9/1/2019,2019,Sep
0,2848,0,0,323,9/1/2019,2019,Sep
0,1188,0,0,786,9/1/2019,2019,Sep
2,3115,24,0,529,9/1/2019,2019,Sep
0,694,0,0,268,9/1/2019,2019,Sep
0,2813,0,0,2643,9/1/2019,2019,Sep
1,3062,0,12,468,9/1/2019,2019,Sep
1,2518,0,48,2466,9/1/2019,2019,Sep
0,0,0,0,10,9/1/2019,2019,Sep
0,0,0,0,0,9/1/2019,2019,Sep
0,0,0,0,8,9/1/2019,2019,Sep
0,0,0,0,25,9/1/2019,2019,Sep
0,0,0,0,0,9/1/2019,2019,Sep
0,2041,0,121,2236,9/1/2019,2019,Sep
0,4183,31,0,747,9/1/2019,2019,Sep
0,1787,0,0,241,9/1/2019,2019,Sep
0,0,0,0,133,9/1/2019,2019,Sep
0,0,0,0,0,9/1/2019,2019,Sep
0,0,0,0,0,9/1/2019,2019,Sep
0,2292,0,306,1038,9/1/2019,2019,Sep
0,0,0,7,172,9/1/2019,2019,Sep
5,2576,0,0,81,9/1/2019,2019,Sep
1,3843,0,0,851,9/1/2019,2019,Sep
0,4535,0,0,393,9/1/2019,2019,Sep
0,0,0,0,0,9/1/2019,2019,Sep
18,2401,0,0,948,9/1/2019,2019,Sep
0,0,0,0,0,9/1/2019,2019,Sep
0,2547,0,0,793,9/1/2019,2019,Sep
3,0,0,0,4,9/1/2019,2019,Sep
0,1802,0,0,361,9/1/2019,2019,Sep
0,2020,0,0,1124,9/1/2019,2019,Sep
0,0,0,0,0,9/1/2019,2019,Sep
0,0,0,0,422,9/1/2019,2019,Sep
5,2416,0,0,878,9/1/2019,2019,Sep
9,1897,0,0,282,9/1/2019,2019,Sep
0,0,0,0,0,9/1/2019,2019,Sep
0,2976,16,1,2607,9/1/2019,2019,Sep
0,0,0,0,0,9/1/2019,2019,Sep
1,2479,0,0,633,9/1/2019,2019,Sep
1,2209,0,0,650,9/1/2019,2019,Sep
0,0,0,0,21,9/1/2019,2019,Sep
2,1619,0,0,221,9/1/2019,2019,Sep
0,2470,2,0,884,9/1/2019,2019,Sep
1,2871,0,0,925,9/1/2019,2019,Sep
0,0,0,0,165,9/1/2019,2019,Sep
0,0,0,0,0,9/1/2019,2019,Sep
0,2389,0,0,629,9/1/2019,2019,Sep
0,3913,0,0,1209,9/1/2019,2019,Sep
8,1980,0,0,384,9/1/2019,2019,Sep
2,3413,34,0,1608,9/1/2019,2019,Sep
0,10584,0,1278,3375,9/1/2019,2019,Sep
0,3127,15,0,807,9/1/2019,2019,Sep
0,4366,80,2,651,9/1/2019,2019,Sep
3,5564,0,101,1961,9/1/2019,2019,Sep
0,4855,7,0,3406,9/1/2019,2019,Sep
7,2077,0,49,909,9/1/2019,2019,Sep
0,5578,0,0,2904,9/1/2019,2019,Sep
19,2855,0,1747,0,9/1/2019,2019,Sep
0,0,0,0,0,9/1/2019,2019,Sep
0,2128,0,0,728,9/1/2019,2019,Sep
0,3082,0,0,385,9/1/2019,2019,Sep
0,3477,0,0,660,9/1/2019,2019,Sep
0,2002,0,0,632,9/1/2019,2019,Sep
0,3826,0,0,1250,9/1/2019,2019,Sep
39,1101,0,0,67,9/1/2019,2019,Sep
0,0,0,0,0,9/1/2019,2019,Sep
8,1245,0,0,101,9/1/2019,2019,Sep
0,0,0,0,0,9/1/2019,2019,Sep
0,0,0,0,0,9/1/2019,2019,Sep
0,2093,0,0,1804,9/1/2019,2019,Sep
0,0,0,0,0,9/1/2019,2019,Sep
47,3156,0,0,1093,9/1/2019,2019,Sep
0,0,0,0,0,9/1/2019,2019,Sep
0,2893,0,0,292,9/1/2019,2019,Sep
0,1535,0,0,222,9/1/2019,2019,Sep
0,0,0,0,0,9/1/2019,2019,Sep
0,1436,0,0,524,9/1/2019,2019,Sep
32,3833,5,0,1496,9/1/2019,2019,Sep
0,1006,0,0,287,4/1/2020,2020,Apr
0,293,185,0,0,4/1/2020,2020,Apr
1,1454,0,0,203,4/1/2020,2020,Apr
0,0,0,0,0,4/1/2020,2020,Apr
0,0,0,0,0,4/1/2020,2020,Apr
0,0,0,0,0,4/1/2020,2020,Apr
0,0,0,0,0,4/1/2020,2020,Apr
1,2931,0,0,246,4/1/2020,2020,Apr
0,1343,0,0,238,4/1/2020,2020,Apr
7,4456,0,0,966,4/1/2020,2020,Apr
0,0,0,0,0,4/1/2020,2020,Apr
0,3205,0,0,608,4/1/2020,2020,Apr
0,0,0,0,0,4/1/2020,2020,Apr
0,0,0,0,0,4/1/2020,2020,Apr
0,530,0,0,107,4/1/2020,2020,Apr
2,1620,0,0,456,4/1/2020,2020,Apr
3,1602,0,0,406,4/1/2020,2020,Apr
0,0,0,0,0,4/1/2020,2020,Apr
0,2025,0,0,791,4/1/2020,2020,Apr
0,0,0,0,0,4/1/2020,2020,Apr
0,0,0,0,0,4/1/2020,2020,Apr
0,2287,13,0,265,4/1/2020,2020,Apr
0,0,0,0,0,4/1/2020,2020,Apr
0,1937,463,0,500,4/1/2020,2020,Apr
0,1939,0,0,633,4/1/2020,2020,Apr
0,1896,0,30,494,4/1/2020,2020,Apr
0,0,0,0,0,4/1/2020,2020,Apr
0,1703,0,0,148,4/1/2020,2020,Apr
0,1661,0,0,327,4/1/2020,2020,Apr
0,0,0,0,0,4/1/2020,2020,Apr
0,0,0,0,0,4/1/2020,2020,Apr
0,0,0,7,79,4/1/2020,2020,Apr
0,1041,0,0,501,4/1/2020,2020,Apr
0,2410,0,0,541,4/1/2020,2020,Apr
0,0,0,5,59,4/1/2020,2020,Apr
0,1206,0,0,88,4/1/2020,2020,Apr
0,2007,0,0,140,4/1/2020,2020,Apr
0,0,0,0,0,4/1/2020,2020,Apr
0,0,0,0,0,4/1/2020,2020,Apr
0,1922,0,97,460,4/1/2020,2020,Apr
0,719,0,212,0,4/1/2020,2020,Apr
0,0,0,2,6,4/1/2020,2020,Apr
0,1787,0,0,188,4/1/2020,2020,Apr
0,0,0,0,0,4/1/2020,2020,Apr
0,750,0,0,112,4/1/2020,2020,Apr
0,3187,0,297,753,4/1/2020,2020,Apr
0,2952,0,2,521,4/1/2020,2020,Apr
0,0,0,0,0,4/1/2020,2020,Apr
1,3106,0,142,758,4/1/2020,2020,Apr
0,2246,0,0,400,4/1/2020,2020,Apr
0,0,0,0,0,4/1/2020,2020,Apr
2,1597,1,0,134,4/1/2020,2020,Apr
0,0,0,0,0,4/1/2020,2020,Apr
0,0,0,0,0,4/1/2020,2020,Apr
0,0,0,0,0,4/1/2020,2020,Apr
0,2950,0,0,661,4/1/2020,2020,Apr
0,0,0,0,0,4/1/2020,2020,Apr
0,1210,0,0,230,4/1/2020,2020,Apr
0,1070,0,0,35,4/1/2020,2020,Apr
0,0,0,1,13,4/1/2020,2020,Apr
0,3678,0,0,953,4/1/2020,2020,Apr
0,0,0,0,0,4/1/2020,2020,Apr
0,1600,0,0,428,4/1/2020,2020,Apr
0,1595,0,0,501,4/1/2020,2020,Apr
2,2077,0,0,494,4/1/2020,2020,Apr
0,0,0,0,0,4/1/2020,2020,Apr
0,670,0,0,254,4/1/2020,2020,Apr
0,0,0,1,4,4/1/2020,2020,Apr
0,0,0,0,0,4/1/2020,2020,Apr
0,0,0,0,0,4/1/2020,2020,Apr
0,0,0,0,0,4/1/2020,2020,Apr
0,0,0,0,0,4/1/2020,2020,Apr
1,924,0,0,120,4/1/2020,2020,Apr
0,0,0,0,0,4/1/2020,2020,Apr
0,1836,0,0,801,4/1/2020,2020,Apr
0,0,0,0,0,4/1/2020,2020,Apr
39,1827,0,0,588,4/1/2020,2020,Apr
0,645,0,0,184,4/1/2020,2020,Apr
0,817,0,0,154,4/1/2020,2020,Apr
0,0,0,0,0,4/1/2020,2020,Apr
0,1307,0,0,145,4/1/2020,2020,Apr
13,3114,0,0,252,4/1/2020,2020,Apr
0,0,0,0,0,4/1/2020,2020,Apr
0,1730,0,128,123,4/1/2020,2020,Apr
0,1746,0,27,799,4/1/2020,2020,Apr
0,0,0,0,0,4/1/2020,2020,Apr
0,2895,0,0,712,4/1/2020,2020,Apr
11,3154,0,0,479,4/1/2020,2020,Apr
0,0,0,1,1,4/1/2020,2020,Apr
0,0,0,0,221,4/1/2020,2020,Apr
0,5627,0,0,662,4/1/2020,2020,Apr
0,0,34,0,20,4/1/2020,2020,Apr
0,0,0,0,0,4/1/2020,2020,Apr
0,0,0,0,0,4/1/2020,2020,Apr
14,3001,0,0,428,4/1/2020,2020,Apr
0,0,0,0,0,4/1/2020,2020,Apr
0,2379,0,0,304,4/1/2020,2020,Apr
0,3830,75,38,449,4/1/2020,2020,Apr
0,0,0,0,0,4/1/2020,2020,Apr
0,0,0,0,0,4/1/2020,2020,Apr
0,1683,0,0,617,4/1/2020,2020,Apr
0,0,0,0,0,4/1/2020,2020,Apr
0,0,0,0,92,4/1/2020,2020,Apr
1,5341,0,77,750,4/1/2020,2020,Apr
0,2215,0,0,388,4/1/2020,2020,Apr
0,2420,0,51,454,4/1/2020,2020,Apr
0,1118,0,0,465,4/1/2020,2020,Apr
0,0,0,0,0,4/1/2020,2020,Apr
0,0,11,0,137,4/1/2020,2020,Apr
2,2318,0,0,777,4/1/2020,2020,Apr
0,2306,0,0,735,4/1/2020,2020,Apr
0,1309,0,0,495,4/1/2020,2020,Apr
0,0,0,0,0,4/1/2020,2020,Apr
2,1616,0,0,89,4/1/2020,2020,Apr
0,943,0,194,854,4/1/2020,2020,Apr
0,2671,0,1007,0,4/1/2020,2020,Apr
0,0,0,0,0,4/1/2020,2020,Apr
0,1694,0,0,913,4/1/2020,2020,Apr
0,781,0,0,202,4/1/2020,2020,Apr
0,2074,0,0,294,4/1/2020,2020,Apr
0,3117,0,216,579,4/1/2020,2020,Apr
0,0,0,0,0,4/1/2020,2020,Apr
0,0,0,0,0,4/1/2020,2020,Apr
0,3078,0,0,1530,4/1/2020,2020,Apr
0,0,0,0,0,4/1/2020,2020,Apr
0,0,0,0,0,4/1/2020,2020,Apr
0,0,0,0,0,4/1/2020,2020,Apr
0,0,0,0,0,4/1/2020,2020,Apr
0,0,0,0,0,4/1/2020,2020,Apr
0,1906,59,0,1855,4/1/2020,2020,Apr
0,0,0,0,0,4/1/2020,2020,Apr
0,0,0,0,0,4/1/2020,2020,Apr
1,4077,0,20,672,4/1/2020,2020,Apr
0,0,0,0,0,4/1/2020,2020,Apr
0,1070,0,0,826,4/1/2020,2020,Apr
0,2369,0,0,1135,4/1/2020,2020,Apr
0,0,0,0,0,4/1/2020,2020,Apr
0,0,0,6,297,4/1/2020,2020,Apr
0,0,0,0,0,4/1/2020,2020,Apr
0,2047,1,348,0,4/1/2020,2020,Apr
0,0,0,0,251,4/1/2020,2020,Apr
0,1218,0,20,955,4/1/2020,2020,Apr
0,1423,0,0,1305,4/1/2020,2020,Apr
139,2448,0,0,662,4/1/2020,2020,Apr
0,0,0,0,230,4/1/2020,2020,Apr
1,1243,0,0,117,4/1/2020,2020,Apr
0,1354,0,33,1011,4/1/2020,2020,Apr
0,1678,0,0,169,4/1/2020,2020,Apr
0,862,0,0,485,4/1/2020,2020,Apr
1,2130,11,0,298,4/1/2020,2020,Apr
0,276,0,0,139,4/1/2020,2020,Apr
0,2107,0,0,1793,4/1/2020,2020,Apr
0,1810,0,1,222,4/1/2020,2020,Apr
0,1750,0,6,767,4/1/2020,2020,Apr
0,0,0,0,17,4/1/2020,2020,Apr
0,0,0,0,0,4/1/2020,2020,Apr
0,0,0,0,0,4/1/2020,2020,Apr
0,0,0,0,1,4/1/2020,2020,Apr
0,1341,0,9,679,4/1/2020,2020,Apr
0,0,0,0,0,4/1/2020,2020,Apr
0,1381,0,35,1209,4/1/2020,2020,Apr
0,3324,22,0,536,4/1/2020,2020,Apr
0,954,0,0,301,4/1/2020,2020,Apr
0,0,0,0,133,4/1/2020,2020,Apr
0,0,0,0,0,4/1/2020,2020,Apr
0,0,0,0,142,4/1/2020,2020,Apr
0,1511,0,0,61,4/1/2020,2020,Apr
0,1741,0,0,511,4/1/2020,2020,Apr
0,2553,0,0,187,4/1/2020,2020,Apr
0,0,0,0,0,4/1/2020,2020,Apr
0,0,0,0,0,4/1/2020,2020,Apr
0,1893,0,0,496,4/1/2020,2020,Apr
0,0,0,0,0,4/1/2020,2020,Apr
0,1835,0,0,200,4/1/2020,2020,Apr
0,0,0,0,1,4/1/2020,2020,Apr
0,1506,0,0,96,4/1/2020,2020,Apr
0,0,0,0,0,4/1/2020,2020,Apr
0,0,0,0,446,4/1/2020,2020,Apr
0,1686,0,0,426,4/1/2020,2020,Apr
2,1028,0,0,169,4/1/2020,2020,Apr
0,0,0,0,0,4/1/2020,2020,Apr
0,1871,7,0,1653,4/1/2020,2020,Apr
0,0,0,0,0,4/1/2020,2020,Apr
0,1567,0,0,299,4/1/2020,2020,Apr
0,1478,0,0,259,4/1/2020,2020,Apr
0,0,0,0,136,4/1/2020,2020,Apr
0,1279,0,0,118,4/1/2020,2020,Apr
0,1462,4,0,520,4/1/2020,2020,Apr
0,1619,0,0,416,4/1/2020,2020,Apr
0,0,0,0,143,4/1/2020,2020,Apr
0,0,0,0,0,4/1/2020,2020,Apr
0,1387,0,0,225,4/1/2020,2020,Apr
0,2590,0,0,684,4/1/2020,2020,Apr
1,799,0,0,305,4/1/2020,2020,Apr
0,2194,9,0,960,4/1/2020,2020,Apr
3,6011,0,709,1380,4/1/2020,2020,Apr
0,2539,5,0,562,4/1/2020,2020,Apr
0,1806,55,32,1450,4/1/2020,2020,Apr
0,3583,0,26,801,4/1/2020,2020,Apr
0,3014,0,0,2936,4/1/2020,2020,Apr
0,1506,0,14,625,4/1/2020,2020,Apr
0,3467,0,0,1561,4/1/2020,2020,Apr
1,2199,0,494,0,4/1/2020,2020,Apr
0,0,0,0,0,4/1/2020,2020,Apr
0,1403,0,0,365,4/1/2020,2020,Apr
0,1753,0,0,111,4/1/2020,2020,Apr
0,2158,0,0,186,4/1/2020,2020,Apr
0,1059,0,0,269,4/1/2020,2020,Apr
0,2636,0,0,650,4/1/2020,2020,Apr
0,0,0,0,0,4/1/2020,2020,Apr
0,678,0,0,42,4/1/2020,2020,Apr
0,0,0,0,0,4/1/2020,2020,Apr
0,0,0,0,0,4/1/2020,2020,Apr
0,1656,0,0,795,4/1/2020,2020,Apr
0,0,0,0,0,4/1/2020,2020,Apr
0,2217,0,0,405,4/1/2020,2020,Apr
0,0,0,0,0,4/1/2020,2020,Apr
0,2768,0,0,60,4/1/2020,2020,Apr
0,902,0,0,81,4/1/2020,2020,Apr
0,0,0,0,0,4/1/2020,2020,Apr
0,951,0,0,254,4/1/2020,2020,Apr
0,2423,5,0,801,4/1/2020,2020,Apr
0,1266,0,0,357,8/1/2020,2020,Aug
0,602,0,0,197,8/1/2020,2020,Aug
10,1770,0,0,281,8/1/2020,2020,Aug
0,0,0,0,0,8/1/2020,2020,Aug
0,0,0,0,0,8/1/2020,2020,Aug
0,0,0,0,0,8/1/2020,2020,Aug
0,0,0,0,0,8/1/2020,2020,Aug
18,4066,0,0,706,8/1/2020,2020,Aug
0,2080,0,0,334,8/1/2020,2020,Aug
8,7320,0,0,1410,8/1/2020,2020,Aug
0,0,0,0,0,8/1/2020,2020,Aug
0,4615,0,0,1206,8/1/2020,2020,Aug
0,0,0,42,0,8/1/2020,2020,Aug
0,0,0,0,0,8/1/2020,2020,Aug
0,776,0,0,167,8/1/2020,2020,Aug
4,2180,0,0,725,8/1/2020,2020,Aug
5,2096,0,21,520,8/1/2020,2020,Aug
0,0,0,0,0,8/1/2020,2020,Aug
0,2547,0,0,1112,8/1/2020,2020,Aug
0,0,0,0,0,8/1/2020,2020,Aug
0,0,0,0,0,8/1/2020,2020,Aug
0,3545,26,0,358,8/1/2020,2020,Aug
0,0,0,0,0,8/1/2020,2020,Aug
0,2838,736,0,750,8/1/2020,2020,Aug
0,2560,0,0,761,8/1/2020,2020,Aug
27,1884,0,35,463,8/1/2020,2020,Aug
0,0,0,0,0,8/1/2020,2020,Aug
0,2457,0,0,334,8/1/2020,2020,Aug
0,2344,0,0,585,8/1/2020,2020,Aug
0,0,0,0,0,8/1/2020,2020,Aug
0,0,0,0,0,8/1/2020,2020,Aug
0,0,0,21,72,8/1/2020,2020,Aug
0,1563,0,0,663,8/1/2020,2020,Aug
0,3524,0,0,757,8/1/2020,2020,Aug
0,0,0,8,62,8/1/2020,2020,Aug
22,1483,0,0,209,8/1/2020,2020,Aug
0,2763,0,0,202,8/1/2020,2020,Aug
0,0,0,0,0,8/1/2020,2020,Aug
0,0,0,0,0,8/1/2020,2020,Aug
0,3168,0,230,246,8/1/2020,2020,Aug
0,1363,0,0,174,8/1/2020,2020,Aug
0,0,0,2,7,8/1/2020,2020,Aug
0,3131,0,0,332,8/1/2020,2020,Aug
0,0,0,0,0,8/1/2020,2020,Aug
0,890,0,0,140,8/1/2020,2020,Aug
0,4618,0,363,1089,8/1/2020,2020,Aug
3,3715,0,7,813,8/1/2020,2020,Aug
0,0,0,0,0,8/1/2020,2020,Aug
0,4589,0,216,1508,8/1/2020,2020,Aug
0,3496,0,0,541,8/1/2020,2020,Aug
0,0,0,0,0,8/1/2020,2020,Aug
3,2487,9,0,154,8/1/2020,2020,Aug
0,0,0,0,0,8/1/2020,2020,Aug
0,0,0,0,0,8/1/2020,2020,Aug
0,0,0,0,0,8/1/2020,2020,Aug
0,4192,0,0,911,8/1/2020,2020,Aug
0,0,0,0,0,8/1/2020,2020,Aug
0,1741,0,0,241,8/1/2020,2020,Aug
0,1352,0,0,43,8/1/2020,2020,Aug
0,0,0,0,10,8/1/2020,2020,Aug
1,4025,0,0,601,8/1/2020,2020,Aug
0,0,0,0,0,8/1/2020,2020,Aug
0,1892,0,0,1174,8/1/2020,2020,Aug
0,3029,0,0,699,8/1/2020,2020,Aug
2,3261,0,0,791,8/1/2020,2020,Aug
0,1005,0,0,353,8/1/2020,2020,Aug
0,0,0,0,1,8/1/2020,2020,Aug
0,0,0,0,0,8/1/2020,2020,Aug
0,0,0,0,0,8/1/2020,2020,Aug
0,0,0,0,0,8/1/2020,2020,Aug
0,0,0,0,0,8/1/2020,2020,Aug
0,1283,0,0,140,8/1/2020,2020,Aug
0,0,0,0,0,8/1/2020,2020,Aug
0,2710,0,0,1205,8/1/2020,2020,Aug
0,0,0,0,0,8/1/2020,2020,Aug
7,2357,0,0,805,8/1/2020,2020,Aug
0,1039,0,0,202,8/1/2020,2020,Aug
1,1564,0,0,392,8/1/2020,2020,Aug
0,0,0,0,0,8/1/2020,2020,Aug
0,1885,0,0,246,8/1/2020,2020,Aug
45,4050,0,0,459,8/1/2020,2020,Aug
0,1950,0,189,420,8/1/2020,2020,Aug
0,1929,0,229,888,8/1/2020,2020,Aug
0,0,0,0,0,8/1/2020,2020,Aug
0,4086,0,0,935,8/1/2020,2020,Aug
48,4160,0,0,901,8/1/2020,2020,Aug
0,0,0,0,7,8/1/2020,2020,Aug
0,0,0,0,214,8/1/2020,2020,Aug
0,6870,0,0,1525,8/1/2020,2020,Aug
0,0,63,0,19,8/1/2020,2020,Aug
0,0,0,0,0,8/1/2020,2020,Aug
0,0,0,0,0,8/1/2020,2020,Aug
0,5369,0,0,1162,8/1/2020,2020,Aug
0,0,0,0,0,8/1/2020,2020,Aug
0,4388,0,0,378,8/1/2020,2020,Aug
0,5747,120,87,705,8/1/2020,2020,Aug
0,0,0,0,0,8/1/2020,2020,Aug
0,0,0,0,0,8/1/2020,2020,Aug
0,2256,0,0,1088,8/1/2020,2020,Aug
0,0,0,0,0,8/1/2020,2020,Aug
0,0,0,0,125,8/1/2020,2020,Aug
1,8707,0,421,1371,8/1/2020,2020,Aug
0,2473,0,0,547,8/1/2020,2020,Aug
0,3358,0,140,581,8/1/2020,2020,Aug
0,1482,0,0,450,8/1/2020,2020,Aug
0,0,0,0,0,8/1/2020,2020,Aug
0,0,16,0,116,8/1/2020,2020,Aug
2,3071,0,0,1232,8/1/2020,2020,Aug
0,3044,0,0,1466,8/1/2020,2020,Aug
2,1983,0,0,552,8/1/2020,2020,Aug
0,0,0,0,0,8/1/2020,2020,Aug
10,1957,0,0,170,8/1/2020,2020,Aug
0,1281,0,281,1432,8/1/2020,2020,Aug
0,3880,0,0,1260,8/1/2020,2020,Aug
0,0,0,0,0,8/1/2020,2020,Aug
0,1968,0,0,982,8/1/2020,2020,Aug
0,1153,0,0,351,8/1/2020,2020,Aug
0,3021,0,0,335,8/1/2020,2020,Aug
0,4775,0,18,726,8/1/2020,2020,Aug
0,0,0,0,0,8/1/2020,2020,Aug
0,4521,0,0,2403,8/1/2020,2020,Aug
0,0,0,0,0,8/1/2020,2020,Aug
0,0,0,0,0,8/1/2020,2020,Aug
0,0,0,0,0,8/1/2020,2020,Aug
0,0,0,0,0,8/1/2020,2020,Aug
0,0,0,0,0,8/1/2020,2020,Aug
0,3171,82,17,3165,8/1/2020,2020,Aug
0,0,0,0,0,8/1/2020,2020,Aug
0,0,0,0,0,8/1/2020,2020,Aug
0,5819,0,132,940,8/1/2020,2020,Aug
0,0,0,0,0,8/1/2020,2020,Aug
0,1632,0,0,1151,8/1/2020,2020,Aug
0,3402,0,24,1824,8/1/2020,2020,Aug
0,0,0,0,0,8/1/2020,2020,Aug
0,0,0,6,577,8/1/2020,2020,Aug
0,0,0,0,0,8/1/2020,2020,Aug
0,2726,0,0,544,8/1/2020,2020,Aug
0,0,0,0,197,8/1/2020,2020,Aug
0,2040,0,34,935,8/1/2020,2020,Aug
0,2190,0,0,1492,8/1/2020,2020,Aug
14,3830,0,0,841,8/1/2020,2020,Aug
0,0,0,0,16,8/1/2020,2020,Aug
0,2199,0,0,373,8/1/2020,2020,Aug
0,2416,0,10,1123,8/1/2020,2020,Aug
0,2440,0,0,270,8/1/2020,2020,Aug
0,1332,0,0,685,8/1/2020,2020,Aug
0,2753,34,0,444,8/1/2020,2020,Aug
0,436,0,0,183,8/1/2020,2020,Aug
0,2752,0,0,2397,8/1/2020,2020,Aug
0,2870,0,7,327,8/1/2020,2020,Aug
0,2640,0,1,1337,8/1/2020,2020,Aug
0,0,0,0,18,8/1/2020,2020,Aug
0,0,0,0,0,8/1/2020,2020,Aug
0,0,0,0,0,8/1/2020,2020,Aug
0,0,0,0,4,8/1/2020,2020,Aug
0,1836,0,0,967,8/1/2020,2020,Aug
0,0,0,0,0,8/1/2020,2020,Aug
0,1992,0,73,1550,8/1/2020,2020,Aug
0,3955,18,0,1090,8/1/2020,2020,Aug
0,1556,0,0,407,8/1/2020,2020,Aug
0,0,0,0,150,8/1/2020,2020,Aug
0,0,0,0,0,8/1/2020,2020,Aug
0,0,0,0,0,8/1/2020,2020,Aug
0,0,0,3,171,8/1/2020,2020,Aug
1,1925,0,0,89,8/1/2020,2020,Aug
3,3111,0,0,831,8/1/2020,2020,Aug
0,3944,0,0,306,8/1/2020,2020,Aug
0,0,0,0,0,8/1/2020,2020,Aug
0,0,0,0,0,8/1/2020,2020,Aug
0,2147,0,0,568,8/1/2020,2020,Aug
0,0,0,0,0,8/1/2020,2020,Aug
0,2556,0,0,434,8/1/2020,2020,Aug
0,0,0,1,0,8/1/2020,2020,Aug
0,2273,0,0,304,8/1/2020,2020,Aug
0,0,0,0,0,8/1/2020,2020,Aug
0,0,0,0,444,8/1/2020,2020,Aug
0,2486,0,0,811,8/1/2020,2020,Aug
1,1261,0,0,363,8/1/2020,2020,Aug
0,3198,8,4,2091,8/1/2020,2020,Aug
0,0,0,0,0,8/1/2020,2020,Aug
1,2340,0,0,600,8/1/2020,2020,Aug
2,2280,0,0,484,8/1/2020,2020,Aug
0,0,0,0,159,8/1/2020,2020,Aug
0,2609,0,0,366,8/1/2020,2020,Aug
0,2521,0,0,724,8/1/2020,2020,Aug
2,2444,0,0,732,8/1/2020,2020,Aug
0,0,0,0,165,8/1/2020,2020,Aug
0,0,0,0,0,8/1/2020,2020,Aug
0,2431,0,0,845,8/1/2020,2020,Aug
0,3561,0,0,885,8/1/2020,2020,Aug
3,1408,0,0,461,8/1/2020,2020,Aug
0,3412,22,0,1333,8/1/2020,2020,Aug
2,10344,0,0,2984,8/1/2020,2020,Aug
68,3843,4,0,797,8/1/2020,2020,Aug
0,2335,72,4,2808,8/1/2020,2020,Aug
2,4478,0,59,1204,8/1/2020,2020,Aug
0,4014,4,0,2807,8/1/2020,2020,Aug
1,2149,0,40,684,8/1/2020,2020,Aug
0,5034,0,0,1997,8/1/2020,2020,Aug
7,2907,0,763,0,8/1/2020,2020,Aug
0,0,0,0,0,8/1/2020,2020,Aug
0,2212,0,0,727,8/1/2020,2020,Aug
0,2191,0,0,139,8/1/2020,2020,Aug
0,2762,0,0,577,8/1/2020,2020,Aug
0,1767,0,0,479,8/1/2020,2020,Aug
8,4021,0,0,956,8/1/2020,2020,Aug
0,0,0,0,0,8/1/2020,2020,Aug
0,1206,0,0,78,8/1/2020,2020,Aug
0,0,0,0,0,8/1/2020,2020,Aug
0,0,0,0,0,8/1/2020,2020,Aug
0,2644,0,0,1200,8/1/2020,2020,Aug
0,0,0,0,0,8/1/2020,2020,Aug
0,3334,0,0,634,8/1/2020,2020,Aug
0,0,0,0,0,8/1/2020,2020,Aug
0,3012,0,0,161,8/1/2020,2020,Aug
1,1401,0,0,228,8/1/2020,2020,Aug
0,1478,0,0,386,8/1/2020,2020,Aug
0,3927,3,0,1149,8/1/2020,2020,Aug
0,1296,0,0,413,12/1/2020,2020,Dec
0,672,0,0,203,12/1/2020,2020,Dec
3,1723,0,0,312,12/1/2020,2020,Dec
0,0,0,0,0,12/1/2020,2020,Dec
0,0,0,0,0,12/1/2020,2020,Dec
0,0,0,0,0,12/1/2020,2020,Dec
0,0,0,0,0,12/1/2020,2020,Dec
611,3955,0,0,682,12/1/2020,2020,Dec
1,2106,0,0,377,12/1/2020,2020,Dec
316,6712,0,0,1508,12/1/2020,2020,Dec
0,0,0,0,0,12/1/2020,2020,Dec
0,4086,0,0,1196,12/1/2020,2020,Dec
0,0,0,30,0,12/1/2020,2020,Dec
0,0,0,0,0,12/1/2020,2020,Dec
0,697,0,0,147,12/1/2020,2020,Dec
53,2227,0,0,649,12/1/2020,2020,Dec
30,1912,0,22,552,12/1/2020,2020,Dec
0,0,0,0,0,12/1/2020,2020,Dec
0,2597,0,0,1086,12/1/2020,2020,Dec
0,0,0,0,0,12/1/2020,2020,Dec
0,0,0,0,0,12/1/2020,2020,Dec
4,3054,24,0,288,12/1/2020,2020,Dec
0,0,0,0,0,12/1/2020,2020,Dec
38,3022,723,0,649,12/1/2020,2020,Dec
0,2732,0,0,848,12/1/2020,2020,Dec
178,2011,0,25,486,12/1/2020,2020,Dec
0,0,0,0,0,12/1/2020,2020,Dec
9,2739,0,0,374,12/1/2020,2020,Dec
0,2525,0,0,621,12/1/2020,2020,Dec
1,0,0,0,0,12/1/2020,2020,Dec
0,0,0,0,0,12/1/2020,2020,Dec
0,0,0,33,94,12/1/2020,2020,Dec
0,1617,0,0,602,12/1/2020,2020,Dec
0,3829,0,0,712,12/1/2020,2020,Dec
0,0,0,6,69,12/1/2020,2020,Dec
38,1468,0,0,227,12/1/2020,2020,Dec
0,2540,0,0,275,12/1/2020,2020,Dec
0,0,0,0,0,12/1/2020,2020,Dec
0,0,0,0,0,12/1/2020,2020,Dec
0,2569,0,265,689,12/1/2020,2020,Dec
0,1298,0,0,233,12/1/2020,2020,Dec
0,0,0,3,2,12/1/2020,2020,Dec
2,2717,0,0,335,12/1/2020,2020,Dec
0,0,0,0,0,12/1/2020,2020,Dec
23,952,0,0,141,12/1/2020,2020,Dec
186,3898,0,403,974,12/1/2020,2020,Dec
14,3909,0,23,734,12/1/2020,2020,Dec
0,0,0,0,0,12/1/2020,2020,Dec
0,4327,0,162,1335,12/1/2020,2020,Dec
0,2955,0,0,585,12/1/2020,2020,Dec
0,0,0,0,0,12/1/2020,2020,Dec
17,2470,13,0,110,12/1/2020,2020,Dec
0,0,0,0,0,12/1/2020,2020,Dec
0,0,0,0,0,12/1/2020,2020,Dec
0,0,0,0,0,12/1/2020,2020,Dec
0,4573,0,0,932,12/1/2020,2020,Dec
0,0,0,0,0,12/1/2020,2020,Dec
0,1678,0,0,191,12/1/2020,2020,Dec
2,1134,0,0,195,12/1/2020,2020,Dec
0,0,0,0,6,12/1/2020,2020,Dec
37,3742,0,0,654,12/1/2020,2020,Dec
0,0,0,0,0,12/1/2020,2020,Dec
1,1936,0,0,1271,12/1/2020,2020,Dec
0,3258,0,0,613,12/1/2020,2020,Dec
0,3392,0,0,810,12/1/2020,2020,Dec
0,1085,0,0,327,12/1/2020,2020,Dec
0,0,0,0,0,12/1/2020,2020,Dec
0,0,0,0,0,12/1/2020,2020,Dec
0,0,0,0,0,12/1/2020,2020,Dec
0,0,0,0,0,12/1/2020,2020,Dec
0,0,0,0,0,12/1/2020,2020,Dec
11,1668,0,0,145,12/1/2020,2020,Dec
0,0,0,0,0,12/1/2020,2020,Dec
0,2408,0,0,1085,12/1/2020,2020,Dec
0,0,0,0,0,12/1/2020,2020,Dec
61,2728,1,0,869,12/1/2020,2020,Dec
1,1088,0,0,179,12/1/2020,2020,Dec
33,1378,0,0,362,12/1/2020,2020,Dec
0,0,0,0,0,12/1/2020,2020,Dec
0,1784,0,0,287,12/1/2020,2020,Dec
249,3741,0,0,512,12/1/2020,2020,Dec
0,2287,0,123,377,12/1/2020,2020,Dec
63,1879,0,437,958,12/1/2020,2020,Dec
0,0,0,0,0,12/1/2020,2020,Dec
0,4064,0,0,925,12/1/2020,2020,Dec
169,4076,0,0,782,12/1/2020,2020,Dec
0,0,0,0,0,12/1/2020,2020,Dec
0,0,0,0,196,12/1/2020,2020,Dec
0,5433,0,0,1531,12/1/2020,2020,Dec
0,0,94,0,12,12/1/2020,2020,Dec
0,0,0,0,0,12/1/2020,2020,Dec
0,0,0,0,0,12/1/2020,2020,Dec
27,5765,0,0,1168,12/1/2020,2020,Dec
0,0,0,0,0,12/1/2020,2020,Dec
5,3739,0,0,404,12/1/2020,2020,Dec
0,5427,43,6,819,12/1/2020,2020,Dec
0,0,0,0,0,12/1/2020,2020,Dec
0,0,0,0,0,12/1/2020,2020,Dec
0,2010,0,0,917,12/1/2020,2020,Dec
0,0,0,0,0,12/1/2020,2020,Dec
0,0,0,0,116,12/1/2020,2020,Dec
3,8459,0,310,1244,12/1/2020,2020,Dec
0,2440,0,0,662,12/1/2020,2020,Dec
1,3309,0,85,543,12/1/2020,2020,Dec
0,1618,0,0,433,12/1/2020,2020,Dec
0,0,0,0,0,12/1/2020,2020,Dec
0,0,1,0,50,12/1/2020,2020,Dec
12,2919,0,0,1415,12/1/2020,2020,Dec
52,2984,0,0,1550,12/1/2020,2020,Dec
26,2078,0,0,566,12/1/2020,2020,Dec
0,0,0,0,0,12/1/2020,2020,Dec
96,2085,0,0,145,12/1/2020,2020,Dec
0,1308,0,335,1539,12/1/2020,2020,Dec
24,3179,0,0,1144,12/1/2020,2020,Dec
0,0,0,0,0,12/1/2020,2020,Dec
1,1854,0,0,1067,12/1/2020,2020,Dec
0,963,0,0,383,12/1/2020,2020,Dec
27,2936,0,0,304,12/1/2020,2020,Dec
0,4456,0,25,718,12/1/2020,2020,Dec
0,0,0,0,0,12/1/2020,2020,Dec
0,4417,0,0,2785,12/1/2020,2020,Dec
0,0,0,0,0,12/1/2020,2020,Dec
0,0,0,0,0,12/1/2020,2020,Dec
0,0,0,0,0,12/1/2020,2020,Dec
0,0,0,0,0,12/1/2020,2020,Dec
0,0,0,0,0,12/1/2020,2020,Dec
1,3011,91,17,3750,12/1/2020,2020,Dec
0,0,0,0,0,12/1/2020,2020,Dec
199,5374,0,105,1044,12/1/2020,2020,Dec
0,0,0,0,0,12/1/2020,2020,Dec
0,3300,0,27,1353,12/1/2020,2020,Dec
0,0,0,0,0,12/1/2020,2020,Dec
0,0,0,0,0,12/1/2020,2020,Dec
0,0,0,0,0,12/1/2020,2020,Dec
0,0,0,6,453,12/1/2020,2020,Dec
0,0,0,0,0,12/1/2020,2020,Dec
0,2664,0,0,608,12/1/2020,2020,Dec
0,0,0,0,238,12/1/2020,2020,Dec
65,1993,0,12,983,12/1/2020,2020,Dec
2,1911,0,1,1364,12/1/2020,2020,Dec
47,3708,0,0,416,12/1/2020,2020,Dec
0,0,0,0,33,12/1/2020,2020,Dec
0,2169,0,0,391,12/1/2020,2020,Dec
0,2282,0,7,1044,12/1/2020,2020,Dec
0,2334,0,0,321,12/1/2020,2020,Dec
0,1151,0,0,683,12/1/2020,2020,Dec
3,2977,0,0,424,12/1/2020,2020,Dec
0,497,0,0,226,12/1/2020,2020,Dec
1,2731,0,0,2182,12/1/2020,2020,Dec
7,2991,0,5,363,12/1/2020,2020,Dec
0,0,0,0,8,12/1/2020,2020,Dec
0,0,0,0,0,12/1/2020,2020,Dec
0,0,0,0,0,12/1/2020,2020,Dec
0,0,0,0,2,12/1/2020,2020,Dec
0,1775,0,0,1025,12/1/2020,2020,Dec
0,0,0,0,0,12/1/2020,2020,Dec
5,1802,0,63,1636,12/1/2020,2020,Dec
0,3664,22,0,1105,12/1/2020,2020,Dec
3,1637,0,0,563,12/1/2020,2020,Dec
0,0,0,0,139,12/1/2020,2020,Dec
0,0,0,0,0,12/1/2020,2020,Dec
0,0,0,4,172,12/1/2020,2020,Dec
23,1829,0,0,93,12/1/2020,2020,Dec
4,2849,0,0,802,12/1/2020,2020,Dec
0,4149,0,0,265,12/1/2020,2020,Dec
0,0,0,0,0,12/1/2020,2020,Dec
10,2193,0,0,519,12/1/2020,2020,Dec
0,0,0,0,0,12/1/2020,2020,Dec
0,2578,0,0,369,12/1/2020,2020,Dec
0,0,0,1,0,12/1/2020,2020,Dec
0,1920,0,0,277,12/1/2020,2020,Dec
0,0,0,0,0,12/1/2020,2020,Dec
0,0,0,0,505,12/1/2020,2020,Dec
20,2130,0,0,853,12/1/2020,2020,Dec
8,1703,0,0,380,12/1/2020,2020,Dec
0,3101,10,5,2047,12/1/2020,2020,Dec
0,0,0,0,0,12/1/2020,2020,Dec
31,2254,0,0,616,12/1/2020,2020,Dec
32,2084,0,0,432,12/1/2020,2020,Dec
0,0,0,0,23,12/1/2020,2020,Dec
0,2164,0,0,326,12/1/2020,2020,Dec
108,2692,0,0,723,12/1/2020,2020,Dec
77,2739,0,14,1182,12/1/2020,2020,Dec
0,0,0,0,167,12/1/2020,2020,Dec
0,0,0,0,0,12/1/2020,2020,Dec
1,2079,0,0,818,12/1/2020,2020,Dec
39,3046,0,0,907,12/1/2020,2020,Dec
0,1397,0,0,466,12/1/2020,2020,Dec
0,3368,11,0,1268,12/1/2020,2020,Dec
7,8890,0,0,3098,12/1/2020,2020,Dec
247,3533,9,0,773,12/1/2020,2020,Dec
0,2431,86,68,2444,12/1/2020,2020,Dec
8,3965,12,0,1695,12/1/2020,2020,Dec
12,4137,0,26,1373,12/1/2020,2020,Dec
7,4244,3,0,2989,12/1/2020,2020,Dec
75,1925,0,19,766,12/1/2020,2020,Dec
64,4852,0,0,1647,12/1/2020,2020,Dec
23,2665,0,862,0,12/1/2020,2020,Dec
0,0,0,0,0,12/1/2020,2020,Dec
0,2675,0,0,539,12/1/2020,2020,Dec
0,1852,0,0,169,12/1/2020,2020,Dec
21,2877,0,0,406,12/1/2020,2020,Dec
0,1536,0,0,436,12/1/2020,2020,Dec
10,3676,0,0,978,12/1/2020,2020,Dec
0,0,0,0,0,12/1/2020,2020,Dec
5,1531,0,0,73,12/1/2020,2020,Dec
0,0,0,0,0,12/1/2020,2020,Dec
0,0,0,0,0,12/1/2020,2020,Dec
0,2440,0,0,1200,12/1/2020,2020,Dec
0,0,0,0,0,12/1/2020,2020,Dec
32,3092,0,0,985,12/1/2020,2020,Dec
0,0,0,0,0,12/1/2020,2020,Dec
102,2662,0,0,148,12/1/2020,2020,Dec
7,1539,0,0,261,12/1/2020,2020,Dec
0,1443,0,0,376,12/1/2020,2020,Dec
14,3720,3,0,1136,12/1/2020,2020,Dec
0,1435,0,0,772,2/1/2020,2020,Feb
0,961,200,0,0,2/1/2020,2020,Feb
4,1616,0,0,333,2/1/2020,2020,Feb
0,0,0,0,0,2/1/2020,2020,Feb
0,0,0,0,0,2/1/2020,2020,Feb
0,0,0,0,0,2/1/2020,2020,Feb
0,0,0,0,0,2/1/2020,2020,Feb
13,4146,0,0,531,2/1/2020,2020,Feb
0,2172,0,0,549,2/1/2020,2020,Feb
4,8066,0,0,1501,2/1/2020,2020,Feb
0,3165,0,0,217,2/1/2020,2020,Feb
0,0,0,0,0,2/1/2020,2020,Feb
0,2045,0,267,0,2/1/2020,2020,Feb
0,0,0,0,0,2/1/2020,2020,Feb
0,0,0,0,0,2/1/2020,2020,Feb
0,959,0,0,190,2/1/2020,2020,Feb
14,2232,0,0,890,2/1/2020,2020,Feb
13,2126,0,37,687,2/1/2020,2020,Feb
0,0,0,0,0,2/1/2020,2020,Feb
0,2467,0,135,1375,2/1/2020,2020,Feb
0,0,0,0,0,2/1/2020,2020,Feb
0,0,0,0,0,2/1/2020,2020,Feb
1,3162,18,0,343,2/1/2020,2020,Feb
0,0,0,0,0,2/1/2020,2020,Feb
0,0,0,0,0,2/1/2020,2020,Feb
0,2936,846,0,713,2/1/2020,2020,Feb
0,2799,0,0,1313,2/1/2020,2020,Feb
7,2234,0,28,415,2/1/2020,2020,Feb
0,0,0,0,0,2/1/2020,2020,Feb
0,2611,0,0,625,2/1/2020,2020,Feb
1,2159,0,0,848,2/1/2020,2020,Feb
0,0,0,0,0,2/1/2020,2020,Feb
0,0,0,0,0,2/1/2020,2020,Feb
0,0,0,0,0,2/1/2020,2020,Feb
0,0,0,0,15,2/1/2020,2020,Feb
0,1582,0,0,837,2/1/2020,2020,Feb
1,3478,0,0,1228,2/1/2020,2020,Feb
0,0,0,12,48,2/1/2020,2020,Feb
12,1617,0,0,173,2/1/2020,2020,Feb
0,2918,0,0,289,2/1/2020,2020,Feb
0,0,0,0,0,2/1/2020,2020,Feb
0,0,0,0,0,2/1/2020,2020,Feb
0,3242,0,479,1017,2/1/2020,2020,Feb
1,1363,0,0,344,2/1/2020,2020,Feb
0,0,0,9,11,2/1/2020,2020,Feb
0,3078,0,0,910,2/1/2020,2020,Feb
0,0,0,0,0,2/1/2020,2020,Feb
3,847,0,0,314,2/1/2020,2020,Feb
6,4783,0,247,1294,2/1/2020,2020,Feb
15,3841,0,19,1389,2/1/2020,2020,Feb
0,0,0,0,0,2/1/2020,2020,Feb
1,4385,0,155,1954,2/1/2020,2020,Feb
0,3404,0,0,743,2/1/2020,2020,Feb
0,0,0,0,0,2/1/2020,2020,Feb
4,3146,3,0,195,2/1/2020,2020,Feb
0,0,0,0,0,2/1/2020,2020,Feb
0,0,0,0,0,2/1/2020,2020,Feb
0,0,0,0,0,2/1/2020,2020,Feb
0,4776,0,0,1762,2/1/2020,2020,Feb
0,0,0,0,0,2/1/2020,2020,Feb
0,1616,0,0,306,2/1/2020,2020,Feb
21,1105,0,0,64,2/1/2020,2020,Feb
0,0,0,0,14,2/1/2020,2020,Feb
0,3358,0,0,928,2/1/2020,2020,Feb
0,0,0,0,0,2/1/2020,2020,Feb
42,2064,0,0,1407,2/1/2020,2020,Feb
0,3364,0,0,746,2/1/2020,2020,Feb
6,2880,0,0,1070,2/1/2020,2020,Feb
0,0,0,0,0,2/1/2020,2020,Feb
0,1004,0,0,523,2/1/2020,2020,Feb
0,0,0,0,1,2/1/2020,2020,Feb
0,0,0,0,0,2/1/2020,2020,Feb
0,0,0,0,0,2/1/2020,2020,Feb
0,0,0,0,0,2/1/2020,2020,Feb
0,0,0,0,0,2/1/2020,2020,Feb
0,1512,0,0,183,2/1/2020,2020,Feb
0,0,0,0,0,2/1/2020,2020,Feb
0,2764,0,0,1460,2/1/2020,2020,Feb
0,0,0,0,0,2/1/2020,2020,Feb
21,3072,12,0,1138,2/1/2020,2020,Feb
2,814,0,0,176,2/1/2020,2020,Feb
0,1387,0,0,498,2/1/2020,2020,Feb
0,0,0,0,0,2/1/2020,2020,Feb
0,2290,0,0,415,2/1/2020,2020,Feb
76,4004,0,0,393,2/1/2020,2020,Feb
0,0,0,0,0,2/1/2020,2020,Feb
0,2573,0,91,494,2/1/2020,2020,Feb
172,2289,0,64,1313,2/1/2020,2020,Feb
0,0,0,0,0,2/1/2020,2020,Feb
0,4586,0,0,1305,2/1/2020,2020,Feb
58,4345,0,0,680,2/1/2020,2020,Feb
0,4,1,0,0,2/1/2020,2020,Feb
0,0,0,0,189,2/1/2020,2020,Feb
0,5683,0,0,2228,2/1/2020,2020,Feb
0,0,94,0,13,2/1/2020,2020,Feb
0,0,0,0,0,2/1/2020,2020,Feb
0,0,0,0,0,2/1/2020,2020,Feb
1,5632,0,0,1515,2/1/2020,2020,Feb
0,0,0,0,0,2/1/2020,2020,Feb
0,2906,0,0,1069,2/1/2020,2020,Feb
0,4108,0,0,425,2/1/2020,2020,Feb
0,5795,151,142,1410,2/1/2020,2020,Feb
0,0,0,0,0,2/1/2020,2020,Feb
0,0,0,0,0,2/1/2020,2020,Feb
81,2121,0,0,1418,2/1/2020,2020,Feb
0,0,0,0,0,2/1/2020,2020,Feb
0,0,0,0,111,2/1/2020,2020,Feb
0,2256,0,0,876,2/1/2020,2020,Feb
2,2440,0,0,702,2/1/2020,2020,Feb
0,3753,0,146,1039,2/1/2020,2020,Feb
0,1620,0,0,628,2/1/2020,2020,Feb
0,0,0,0,0,2/1/2020,2020,Feb
0,0,20,0,168,2/1/2020,2020,Feb
0,0,0,0,0,2/1/2020,2020,Feb
28,2450,0,0,1887,2/1/2020,2020,Feb
48,3122,0,0,1650,2/1/2020,2020,Feb
15,2033,0,0,732,2/1/2020,2020,Feb
0,0,0,0,0,2/1/2020,2020,Feb
2,2667,0,0,400,2/1/2020,2020,Feb
0,1296,0,549,1935,2/1/2020,2020,Feb
0,3435,0,0,1664,2/1/2020,2020,Feb
0,0,0,0,0,2/1/2020,2020,Feb
0,2327,0,0,1113,2/1/2020,2020,Feb
1,1049,0,0,511,2/1/2020,2020,Feb
0,3023,0,0,409,2/1/2020,2020,Feb
0,4840,0,25,797,2/1/2020,2020,Feb
0,0,0,0,0,2/1/2020,2020,Feb
0,0,0,0,0,2/1/2020,2020,Feb
78,4063,0,0,2766,2/1/2020,2020,Feb
0,0,0,0,0,2/1/2020,2020,Feb
0,0,0,0,0,2/1/2020,2020,Feb
0,0,0,0,0,2/1/2020,2020,Feb
0,0,0,0,0,2/1/2020,2020,Feb
0,0,0,0,0,2/1/2020,2020,Feb
0,3169,89,16,3533,2/1/2020,2020,Feb
0,0,0,0,0,2/1/2020,2020,Feb
0,0,0,0,0,2/1/2020,2020,Feb
0,0,0,0,0,2/1/2020,2020,Feb
39,6165,0,119,1771,2/1/2020,2020,Feb
0,0,0,0,0,2/1/2020,2020,Feb
1,1615,0,0,1356,2/1/2020,2020,Feb
0,3299,0,0,1688,2/1/2020,2020,Feb
0,0,0,0,0,2/1/2020,2020,Feb
0,0,0,8,319,2/1/2020,2020,Feb
0,0,0,0,0,2/1/2020,2020,Feb
0,2942,1,0,525,2/1/2020,2020,Feb
0,0,0,0,296,2/1/2020,2020,Feb
16,2133,0,33,1324,2/1/2020,2020,Feb
9,1860,0,0,1884,2/1/2020,2020,Feb
59,4047,0,0,1034,2/1/2020,2020,Feb
0,0,0,0,24,2/1/2020,2020,Feb
5,2293,0,0,613,2/1/2020,2020,Feb
0,2392,0,9,1310,2/1/2020,2020,Feb
0,2576,0,0,343,2/1/2020,2020,Feb
0,1143,0,0,917,2/1/2020,2020,Feb
0,2998,25,0,571,2/1/2020,2020,Feb
0,725,0,0,265,2/1/2020,2020,Feb
0,2882,0,0,2626,2/1/2020,2020,Feb
1,3144,0,14,393,2/1/2020,2020,Feb
187,2281,0,54,2064,2/1/2020,2020,Feb
0,0,0,0,22,2/1/2020,2020,Feb
0,0,0,0,0,2/1/2020,2020,Feb
0,0,0,0,8,2/1/2020,2020,Feb
0,0,0,0,30,2/1/2020,2020,Feb
0,0,0,0,0,2/1/2020,2020,Feb
5,1918,0,119,2214,2/1/2020,2020,Feb
0,4230,21,0,870,2/1/2020,2020,Feb
0,1633,0,0,297,2/1/2020,2020,Feb
0,0,0,0,140,2/1/2020,2020,Feb
0,0,0,0,0,2/1/2020,2020,Feb
0,0,0,0,0,2/1/2020,2020,Feb
0,2415,0,296,936,2/1/2020,2020,Feb
0,0,0,2,177,2/1/2020,2020,Feb
9,2536,0,0,92,2/1/2020,2020,Feb
23,3249,0,0,929,2/1/2020,2020,Feb
0,4096,0,0,366,2/1/2020,2020,Feb
0,0,0,0,0,2/1/2020,2020,Feb
0,0,0,0,0,2/1/2020,2020,Feb
85,2347,0,0,962,2/1/2020,2020,Feb
0,0,0,0,0,2/1/2020,2020,Feb
0,2408,0,0,607,2/1/2020,2020,Feb
1,0,0,0,3,2/1/2020,2020,Feb
0,1813,0,0,297,2/1/2020,2020,Feb
0,2220,0,0,1302,2/1/2020,2020,Feb
0,0,0,0,0,2/1/2020,2020,Feb
0,0,0,0,436,2/1/2020,2020,Feb
5,2335,0,0,969,2/1/2020,2020,Feb
10,1690,0,0,374,2/1/2020,2020,Feb
0,0,0,0,0,2/1/2020,2020,Feb
0,3290,26,2,2680,2/1/2020,2020,Feb
0,0,0,0,0,2/1/2020,2020,Feb
0,2333,0,1,535,2/1/2020,2020,Feb
6,2168,0,0,840,2/1/2020,2020,Feb
0,0,0,0,23,2/1/2020,2020,Feb
0,1509,0,0,164,2/1/2020,2020,Feb
1,2396,4,0,910,2/1/2020,2020,Feb
1,2749,0,0,1047,2/1/2020,2020,Feb
0,0,0,0,148,2/1/2020,2020,Feb
0,0,0,0,0,2/1/2020,2020,Feb
3,2325,0,0,713,2/1/2020,2020,Feb
1,3829,0,0,1045,2/1/2020,2020,Feb
8,2095,0,0,349,2/1/2020,2020,Feb
0,3347,14,0,1568,2/1/2020,2020,Feb
7,10238,0,1230,3199,2/1/2020,2020,Feb
1,3148,13,0,922,2/1/2020,2020,Feb
0,4142,111,0,543,2/1/2020,2020,Feb
3,4789,0,86,1778,2/1/2020,2020,Feb
9,4721,5,0,3216,2/1/2020,2020,Feb
17,2010,0,40,916,2/1/2020,2020,Feb
0,5553,0,0,2524,2/1/2020,2020,Feb
87,2625,1567,0,13,2/1/2020,2020,Feb
0,0,0,0,0,2/1/2020,2020,Feb
0,2358,0,0,760,2/1/2020,2020,Feb
0,2916,0,0,264,2/1/2020,2020,Feb
0,3469,0,0,579,2/1/2020,2020,Feb
0,1753,0,0,632,2/1/2020,2020,Feb
0,3980,0,0,1243,2/1/2020,2020,Feb
134,1023,0,0,102,2/1/2020,2020,Feb
0,0,0,0,0,2/1/2020,2020,Feb
11,1154,0,0,94,2/1/2020,2020,Feb
0,0,0,0,0,2/1/2020,2020,Feb
0,0,0,0,0,2/1/2020,2020,Feb
24,1897,0,0,1764,2/1/2020,2020,Feb
0,0,0,0,0,2/1/2020,2020,Feb
63,3216,0,0,1138,2/1/2020,2020,Feb
0,0,0,0,0,2/1/2020,2020,Feb
30,2201,0,0,241,2/1/2020,2020,Feb
2,1471,0,0,237,2/1/2020,2020,Feb
0,0,0,0,0,2/1/2020,2020,Feb
0,1658,0,0,373,2/1/2020,2020,Feb
4,4294,10,0,1493,2/1/2020,2020,Feb
0,1625,0,0,853,1/1/2020,2020,Jan
0,1021,218,0,0,1/1/2020,2020,Jan
9,1897,0,0,359,1/1/2020,2020,Jan
0,0,0,0,0,1/1/2020,2020,Jan
0,0,0,0,0,1/1/2020,2020,Jan
0,0,0,0,0,1/1/2020,2020,Jan
0,0,0,0,0,1/1/2020,2020,Jan
14,4539,0,0,588,1/1/2020,2020,Jan
0,2464,0,0,575,1/1/2020,2020,Jan
12,8799,0,0,1770,1/1/2020,2020,Jan
0,3306,0,0,255,1/1/2020,2020,Jan
0,0,0,0,0,1/1/2020,2020,Jan
0,2130,0,0,332,1/1/2020,2020,Jan
0,0,0,0,0,1/1/2020,2020,Jan
0,0,0,0,0,1/1/2020,2020,Jan
0,0,0,0,0,1/1/2020,2020,Jan
0,1042,0,0,224,1/1/2020,2020,Jan
37,2321,0,0,1012,1/1/2020,2020,Jan
23,2370,0,36,829,1/1/2020,2020,Jan
0,0,0,0,0,1/1/2020,2020,Jan
0,2622,0,160,1585,1/1/2020,2020,Jan
0,0,0,0,0,1/1/2020,2020,Jan
0,0,0,0,0,1/1/2020,2020,Jan
21,3624,27,0,436,1/1/2020,2020,Jan
0,0,0,0,0,1/1/2020,2020,Jan
0,0,0,0,0,1/1/2020,2020,Jan
0,3275,875,0,770,1/1/2020,2020,Jan
0,3291,0,0,1557,1/1/2020,2020,Jan
47,3175,0,37,629,1/1/2020,2020,Jan
0,0,0,0,0,1/1/2020,2020,Jan
2,3063,0,0,693,1/1/2020,2020,Jan
0,2238,0,0,1104,1/1/2020,2020,Jan
0,0,0,0,0,1/1/2020,2020,Jan
0,0,0,0,0,1/1/2020,2020,Jan
0,0,0,0,0,1/1/2020,2020,Jan
0,0,0,0,24,1/1/2020,2020,Jan
0,1550,0,0,1131,1/1/2020,2020,Jan
0,3780,0,0,1266,1/1/2020,2020,Jan
0,0,0,11,54,1/1/2020,2020,Jan
23,1666,0,0,177,1/1/2020,2020,Jan
0,2868,0,0,300,1/1/2020,2020,Jan
0,0,0,0,0,1/1/2020,2020,Jan
0,0,0,0,0,1/1/2020,2020,Jan
0,3438,0,566,1119,1/1/2020,2020,Jan
1,1606,0,0,380,1/1/2020,2020,Jan
0,0,0,2,10,1/1/2020,2020,Jan
0,0,0,0,0,1/1/2020,2020,Jan
0,0,0,0,0,1/1/2020,2020,Jan
1,3457,0,0,925,1/1/2020,2020,Jan
0,0,0,0,0,1/1/2020,2020,Jan
6,906,0,0,330,1/1/2020,2020,Jan
0,5357,0,250,1390,1/1/2020,2020,Jan
12,4311,0,24,1601,1/1/2020,2020,Jan
0,0,0,0,0,1/1/2020,2020,Jan
1,4852,0,242,2071,1/1/2020,2020,Jan
0,3562,0,0,798,1/1/2020,2020,Jan
0,0,0,0,0,1/1/2020,2020,Jan
8,3368,10,0,220,1/1/2020,2020,Jan
0,0,0,0,0,1/1/2020,2020,Jan
0,0,0,0,0,1/1/2020,2020,Jan
0,0,0,0,0,1/1/2020,2020,Jan
2,5270,0,0,2070,1/1/2020,2020,Jan
0,0,0,0,0,1/1/2020,2020,Jan
0,1872,0,0,320,1/1/2020,2020,Jan
0,1328,0,0,53,1/1/2020,2020,Jan
0,0,0,0,15,1/1/2020,2020,Jan
0,3656,0,0,937,1/1/2020,2020,Jan
0,0,0,0,0,1/1/2020,2020,Jan
107,2235,0,0,1619,1/1/2020,2020,Jan
0,3924,0,0,778,1/1/2020,2020,Jan
5,3373,0,0,1253,1/1/2020,2020,Jan
0,0,0,0,0,1/1/2020,2020,Jan
0,1074,0,0,572,1/1/2020,2020,Jan
0,0,0,0,1,1/1/2020,2020,Jan
0,0,0,0,0,1/1/2020,2020,Jan
0,0,0,0,0,1/1/2020,2020,Jan
0,0,0,0,0,1/1/2020,2020,Jan
2,1872,0,0,188,1/1/2020,2020,Jan
0,0,0,0,0,1/1/2020,2020,Jan
0,3027,0,0,1600,1/1/2020,2020,Jan
0,0,0,0,0,1/1/2020,2020,Jan
16,3490,7,0,1285,1/1/2020,2020,Jan
16,825,0,0,170,1/1/2020,2020,Jan
0,1457,0,0,429,1/1/2020,2020,Jan
0,0,0,0,0,1/1/2020,2020,Jan
0,2218,0,0,420,1/1/2020,2020,Jan
166,4279,0,0,464,1/1/2020,2020,Jan
0,0,0,0,0,1/1/2020,2020,Jan
0,2877,0,80,578,1/1/2020,2020,Jan
120,2463,0,90,1350,1/1/2020,2020,Jan
0,0,0,0,0,1/1/2020,2020,Jan
0,4797,0,0,1486,1/1/2020,2020,Jan
53,4420,0,0,763,1/1/2020,2020,Jan
0,0,0,3,6,1/1/2020,2020,Jan
0,0,0,0,190,1/1/2020,2020,Jan
0,6190,0,0,2561,1/1/2020,2020,Jan
0,0,99,0,21,1/1/2020,2020,Jan
0,0,0,0,0,1/1/2020,2020,Jan
1,6320,0,0,1165,1/1/2020,2020,Jan
0,0,0,0,0,1/1/2020,2020,Jan
0,3349,0,0,1058,1/1/2020,2020,Jan
0,4528,0,0,533,1/1/2020,2020,Jan
0,6594,161,177,1512,1/1/2020,2020,Jan
0,0,0,0,0,1/1/2020,2020,Jan
0,0,0,0,0,1/1/2020,2020,Jan
34,2430,0,0,1562,1/1/2020,2020,Jan
0,0,0,0,0,1/1/2020,2020,Jan
0,0,0,0,131,1/1/2020,2020,Jan
0,2207,0,0,1074,1/1/2020,2020,Jan
0,2704,0,0,700,1/1/2020,2020,Jan
0,3980,0,118,1090,1/1/2020,2020,Jan
0,1796,0,0,630,1/1/2020,2020,Jan
0,0,0,0,0,1/1/2020,2020,Jan
0,0,14,0,206,1/1/2020,2020,Jan
0,0,0,0,0,1/1/2020,2020,Jan
4,2793,0,0,2135,1/1/2020,2020,Jan
38,3387,0,0,1928,1/1/2020,2020,Jan
18,2148,0,0,741,1/1/2020,2020,Jan
0,0,0,0,0,1/1/2020,2020,Jan
5,2512,0,0,344,1/1/2020,2020,Jan
0,1470,0,548,2274,1/1/2020,2020,Jan
0,3801,0,2,1896,1/1/2020,2020,Jan
0,0,0,0,0,1/1/2020,2020,Jan
0,2574,0,0,1181,1/1/2020,2020,Jan
0,1178,0,0,580,1/1/2020,2020,Jan
1,3333,0,0,487,1/1/2020,2020,Jan
0,5298,0,30,862,1/1/2020,2020,Jan
0,0,0,0,0,1/1/2020,2020,Jan
0,0,0,0,0,1/1/2020,2020,Jan
92,3788,0,0,3705,1/1/2020,2020,Jan
0,0,0,0,0,1/1/2020,2020,Jan
0,0,0,0,0,1/1/2020,2020,Jan
0,0,0,0,0,1/1/2020,2020,Jan
0,0,0,0,0,1/1/2020,2020,Jan
0,0,0,0,0,1/1/2020,2020,Jan
0,3286,82,20,3969,1/1/2020,2020,Jan
0,0,0,0,0,1/1/2020,2020,Jan
0,0,0,0,0,1/1/2020,2020,Jan
0,0,0,0,0,1/1/2020,2020,Jan
54,6871,0,137,1882,1/1/2020,2020,Jan
0,0,0,0,0,1/1/2020,2020,Jan
8,1711,0,0,1626,1/1/2020,2020,Jan
0,3612,0,0,1749,1/1/2020,2020,Jan
0,0,0,0,0,1/1/2020,2020,Jan
0,0,0,11,283,1/1/2020,2020,Jan
0,0,0,0,0,1/1/2020,2020,Jan
0,3129,0,0,529,1/1/2020,2020,Jan
0,0,0,0,326,1/1/2020,2020,Jan
51,2298,0,37,1379,1/1/2020,2020,Jan
6,1976,0,0,2109,1/1/2020,2020,Jan
55,4533,0,0,1045,1/1/2020,2020,Jan
0,0,0,0,26,1/1/2020,2020,Jan
0,2362,0,0,700,1/1/2020,2020,Jan
0,2563,0,10,1409,1/1/2020,2020,Jan
0,2831,0,0,402,1/1/2020,2020,Jan
0,1255,0,0,1110,1/1/2020,2020,Jan
0,3352,34,0,629,1/1/2020,2020,Jan
0,732,0,0,307,1/1/2020,2020,Jan
1,3192,0,0,2978,1/1/2020,2020,Jan
22,3451,0,14,469,1/1/2020,2020,Jan
411,2550,0,53,2353,1/1/2020,2020,Jan
0,0,0,0,22,1/1/2020,2020,Jan
0,0,0,0,0,1/1/2020,2020,Jan
0,0,0,0,6,1/1/2020,2020,Jan
0,0,0,0,37,1/1/2020,2020,Jan
0,0,0,0,0,1/1/2020,2020,Jan
8,2102,0,118,2598,1/1/2020,2020,Jan
0,4438,37,0,951,1/1/2020,2020,Jan
0,1916,0,0,229,1/1/2020,2020,Jan
0,0,0,0,150,1/1/2020,2020,Jan
0,0,0,0,0,1/1/2020,2020,Jan
0,0,0,0,0,1/1/2020,2020,Jan
1,2627,0,327,923,1/1/2020,2020,Jan
0,0,0,6,221,1/1/2020,2020,Jan
12,2743,0,0,92,1/1/2020,2020,Jan
18,3506,0,0,936,1/1/2020,2020,Jan
0,4503,0,0,390,1/1/2020,2020,Jan
0,0,0,0,0,1/1/2020,2020,Jan
174,2551,0,0,1014,1/1/2020,2020,Jan
0,0,0,0,0,1/1/2020,2020,Jan
0,2619,0,0,667,1/1/2020,2020,Jan
0,0,0,0,1,1/1/2020,2020,Jan
0,2029,0,0,370,1/1/2020,2020,Jan
0,2219,0,0,1309,1/1/2020,2020,Jan
0,0,0,0,0,1/1/2020,2020,Jan
0,0,0,0,449,1/1/2020,2020,Jan
108,2522,0,0,999,1/1/2020,2020,Jan
6,2066,0,0,344,1/1/2020,2020,Jan
0,0,0,0,0,1/1/2020,2020,Jan
0,3493,12,2,2938,1/1/2020,2020,Jan
0,0,0,0,0,1/1/2020,2020,Jan
2,2468,0,0,775,1/1/2020,2020,Jan
1,2544,0,0,753,1/1/2020,2020,Jan
0,0,0,0,15,1/1/2020,2020,Jan
0,1687,0,0,186,1/1/2020,2020,Jan
0,2655,7,0,1063,1/1/2020,2020,Jan
14,2968,0,0,1091,1/1/2020,2020,Jan
0,0,0,0,157,1/1/2020,2020,Jan
0,0,0,0,0,1/1/2020,2020,Jan
1,2611,0,0,736,1/1/2020,2020,Jan
0,4048,0,0,1193,1/1/2020,2020,Jan
11,2221,0,0,352,1/1/2020,2020,Jan
0,3418,32,0,1687,1/1/2020,2020,Jan
6,11345,0,1322,3573,1/1/2020,2020,Jan
11,3380,10,0,962,1/1/2020,2020,Jan
0,4570,96,0,616,1/1/2020,2020,Jan
14,5259,0,96,2030,1/1/2020,2020,Jan
18,5418,6,0,3659,1/1/2020,2020,Jan
25,2105,0,50,851,1/1/2020,2020,Jan
246,6040,0,0,2637,1/1/2020,2020,Jan
82,2857,0,1732,0,1/1/2020,2020,Jan
0,0,0,0,0,1/1/2020,2020,Jan
0,2650,0,0,920,1/1/2020,2020,Jan
0,2971,0,0,278,1/1/2020,2020,Jan
0,3747,0,0,621,1/1/2020,2020,Jan
0,2000,0,0,757,1/1/2020,2020,Jan
0,4168,0,0,1458,1/1/2020,2020,Jan
257,1215,0,0,85,1/1/2020,2020,Jan
0,0,0,0,0,1/1/2020,2020,Jan
10,1189,0,0,110,1/1/2020,2020,Jan
0,0,0,0,0,1/1/2020,2020,Jan
0,0,0,0,0,1/1/2020,2020,Jan
40,2073,0,0,1941,1/1/2020,2020,Jan
0,0,0,0,0,1/1/2020,2020,Jan
167,3293,0,0,1200,1/1/2020,2020,Jan
0,0,0,0,0,1/1/2020,2020,Jan
78,2507,0,0,259,1/1/2020,2020,Jan
4,1627,0,0,211,1/1/2020,2020,Jan
0,0,0,0,0,1/1/2020,2020,Jan
0,1685,0,0,522,1/1/2020,2020,Jan
28,4384,2,0,1603,1/1/2020,2020,Jan
0,1164,0,0,378,7/1/2020,2020,Jul
0,648,173,0,0,7/1/2020,2020,Jul
5,1745,0,0,269,7/1/2020,2020,Jul
0,0,0,0,0,7/1/2020,2020,Jul
0,0,0,0,0,7/1/2020,2020,Jul
0,0,0,0,0,7/1/2020,2020,Jul
0,0,0,0,0,7/1/2020,2020,Jul
4,3901,0,0,898,7/1/2020,2020,Jul
0,1961,0,0,316,7/1/2020,2020,Jul
3,7496,0,0,1466,7/1/2020,2020,Jul
0,0,0,0,0,7/1/2020,2020,Jul
0,4403,0,0,1025,7/1/2020,2020,Jul
0,0,0,0,0,7/1/2020,2020,Jul
0,0,0,0,0,7/1/2020,2020,Jul
0,824,0,0,163,7/1/2020,2020,Jul
3,2254,0,0,652,7/1/2020,2020,Jul
0,1967,0,40,577,7/1/2020,2020,Jul
0,0,0,0,0,7/1/2020,2020,Jul
0,2433,0,0,1104,7/1/2020,2020,Jul
0,0,0,0,0,7/1/2020,2020,Jul
0,0,0,0,0,7/1/2020,2020,Jul
0,3229,27,0,372,7/1/2020,2020,Jul
0,0,0,0,0,7/1/2020,2020,Jul
0,3071,712,0,709,7/1/2020,2020,Jul
0,2609,0,0,908,7/1/2020,2020,Jul
0,2297,0,32,494,7/1/2020,2020,Jul
0,0,0,0,0,7/1/2020,2020,Jul
0,2392,0,0,305,7/1/2020,2020,Jul
0,2220,0,0,586,7/1/2020,2020,Jul
0,0,0,0,0,7/1/2020,2020,Jul
0,0,0,0,0,7/1/2020,2020,Jul
0,0,0,27,88,7/1/2020,2020,Jul
0,1484,0,0,642,7/1/2020,2020,Jul
0,3153,0,0,867,7/1/2020,2020,Jul
0,0,0,9,69,7/1/2020,2020,Jul
46,1451,0,0,186,7/1/2020,2020,Jul
0,2654,0,0,216,7/1/2020,2020,Jul
0,0,0,0,0,7/1/2020,2020,Jul
0,0,0,0,0,7/1/2020,2020,Jul
0,3106,0,230,731,7/1/2020,2020,Jul
0,1240,0,0,309,7/1/2020,2020,Jul
0,0,0,0,9,7/1/2020,2020,Jul
0,3058,0,0,311,7/1/2020,2020,Jul
0,0,0,0,0,7/1/2020,2020,Jul
0,894,0,0,148,7/1/2020,2020,Jul
0,4591,0,352,1061,7/1/2020,2020,Jul
12,3826,0,10,801,7/1/2020,2020,Jul
0,0,0,0,0,7/1/2020,2020,Jul
0,4447,0,233,1386,7/1/2020,2020,Jul
0,3524,0,0,574,7/1/2020,2020,Jul
0,0,0,0,0,7/1/2020,2020,Jul
3,2331,2,0,174,7/1/2020,2020,Jul
0,0,0,0,0,7/1/2020,2020,Jul
0,0,0,0,0,7/1/2020,2020,Jul
0,0,0,0,0,7/1/2020,2020,Jul
0,4103,0,0,949,7/1/2020,2020,Jul
0,0,0,0,0,7/1/2020,2020,Jul
0,1592,0,0,274,7/1/2020,2020,Jul
0,1287,0,0,33,7/1/2020,2020,Jul
0,0,0,0,10,7/1/2020,2020,Jul
0,3790,0,0,606,7/1/2020,2020,Jul
0,0,0,0,0,7/1/2020,2020,Jul
0,1973,0,0,1173,7/1/2020,2020,Jul
0,2543,0,0,597,7/1/2020,2020,Jul
1,3012,0,0,883,7/1/2020,2020,Jul
0,907,0,0,427,7/1/2020,2020,Jul
0,0,0,0,1,7/1/2020,2020,Jul
0,0,0,0,0,7/1/2020,2020,Jul
0,0,0,0,0,7/1/2020,2020,Jul
0,0,0,0,0,7/1/2020,2020,Jul
0,0,0,0,0,7/1/2020,2020,Jul
1,1267,0,0,146,7/1/2020,2020,Jul
0,0,0,0,0,7/1/2020,2020,Jul
0,2668,0,0,1158,7/1/2020,2020,Jul
0,0,0,0,0,7/1/2020,2020,Jul
13,2372,0,0,872,7/1/2020,2020,Jul
0,1055,0,0,264,7/1/2020,2020,Jul
0,1486,0,0,432,7/1/2020,2020,Jul
0,0,0,0,0,7/1/2020,2020,Jul
2,1818,0,0,263,7/1/2020,2020,Jul
37,3905,0,0,494,7/1/2020,2020,Jul
0,2142,0,104,345,7/1/2020,2020,Jul
0,1996,0,174,976,7/1/2020,2020,Jul
0,0,0,0,0,7/1/2020,2020,Jul
0,4057,0,0,1083,7/1/2020,2020,Jul
33,3977,0,0,978,7/1/2020,2020,Jul
0,0,0,2,5,7/1/2020,2020,Jul
0,0,0,0,194,7/1/2020,2020,Jul
0,6881,0,0,1489,7/1/2020,2020,Jul
0,0,69,0,22,7/1/2020,2020,Jul
0,0,0,0,0,7/1/2020,2020,Jul
0,0,0,0,0,7/1/2020,2020,Jul
10,5330,0,0,1283,7/1/2020,2020,Jul
0,0,0,0,0,7/1/2020,2020,Jul
0,4082,0,0,375,7/1/2020,2020,Jul
0,5436,120,90,745,7/1/2020,2020,Jul
0,0,0,0,0,7/1/2020,2020,Jul
0,0,0,0,0,7/1/2020,2020,Jul
0,2011,0,0,1246,7/1/2020,2020,Jul
0,0,0,0,0,7/1/2020,2020,Jul
0,0,0,0,98,7/1/2020,2020,Jul
0,8561,0,381,1423,7/1/2020,2020,Jul
0,2468,0,0,608,7/1/2020,2020,Jul
1,3412,0,119,547,7/1/2020,2020,Jul
0,1423,0,0,460,7/1/2020,2020,Jul
0,0,0,0,0,7/1/2020,2020,Jul
0,0,15,0,181,7/1/2020,2020,Jul
3,3126,0,0,1256,7/1/2020,2020,Jul
0,3219,0,0,1500,7/1/2020,2020,Jul
0,1963,0,0,568,7/1/2020,2020,Jul
0,0,0,0,0,7/1/2020,2020,Jul
5,2005,0,0,248,7/1/2020,2020,Jul
0,1171,0,303,1589,7/1/2020,2020,Jul
0,3860,0,0,1318,7/1/2020,2020,Jul
0,0,0,0,0,7/1/2020,2020,Jul
0,1985,0,0,1072,7/1/2020,2020,Jul
0,1169,0,0,340,7/1/2020,2020,Jul
0,3030,0,0,408,7/1/2020,2020,Jul
0,4605,0,64,763,7/1/2020,2020,Jul
0,0,0,0,0,7/1/2020,2020,Jul
0,4536,0,0,3865,7/1/2020,2020,Jul
0,0,0,0,0,7/1/2020,2020,Jul
0,0,0,0,0,7/1/2020,2020,Jul
0,0,0,0,0,7/1/2020,2020,Jul
0,0,0,0,0,7/1/2020,2020,Jul
0,0,0,0,0,7/1/2020,2020,Jul
0,3145,88,24,3346,7/1/2020,2020,Jul
0,0,0,0,0,7/1/2020,2020,Jul
0,0,0,0,0,7/1/2020,2020,Jul
0,5801,0,102,1031,7/1/2020,2020,Jul
0,0,0,0,0,7/1/2020,2020,Jul
0,1621,0,0,1214,7/1/2020,2020,Jul
0,3268,1,0,1994,7/1/2020,2020,Jul
0,0,0,0,0,7/1/2020,2020,Jul
0,0,0,3,441,7/1/2020,2020,Jul
0,0,0,0,0,7/1/2020,2020,Jul
0,2693,0,0,585,7/1/2020,2020,Jul
0,0,0,0,189,7/1/2020,2020,Jul
0,1971,0,37,1373,7/1/2020,2020,Jul
2,1936,0,0,1731,7/1/2020,2020,Jul
13,4018,0,0,1061,7/1/2020,2020,Jul
0,0,0,0,32,7/1/2020,2020,Jul
0,2185,0,0,454,7/1/2020,2020,Jul
0,2227,0,13,1217,7/1/2020,2020,Jul
0,2610,0,0,238,7/1/2020,2020,Jul
0,1285,0,0,720,7/1/2020,2020,Jul
0,2602,20,0,435,7/1/2020,2020,Jul
0,392,0,0,148,7/1/2020,2020,Jul
0,2810,0,0,2499,7/1/2020,2020,Jul
0,2776,0,0,322,7/1/2020,2020,Jul
1,2392,0,1,1385,7/1/2020,2020,Jul
0,0,0,0,9,7/1/2020,2020,Jul
0,0,0,0,0,7/1/2020,2020,Jul
0,0,0,0,0,7/1/2020,2020,Jul
0,0,0,0,0,7/1/2020,2020,Jul
0,1758,0,0,984,7/1/2020,2020,Jul
0,0,0,0,0,7/1/2020,2020,Jul
0,1954,0,58,1685,7/1/2020,2020,Jul
0,3949,19,0,938,7/1/2020,2020,Jul
0,1552,0,0,443,7/1/2020,2020,Jul
0,0,0,0,144,7/1/2020,2020,Jul
0,0,0,0,0,7/1/2020,2020,Jul
0,0,0,0,166,7/1/2020,2020,Jul
0,2082,0,0,80,7/1/2020,2020,Jul
2,3049,0,0,897,7/1/2020,2020,Jul
0,4106,0,0,330,7/1/2020,2020,Jul
0,0,0,0,0,7/1/2020,2020,Jul
0,0,0,0,0,7/1/2020,2020,Jul
1,2338,0,0,624,7/1/2020,2020,Jul
0,0,0,0,0,7/1/2020,2020,Jul
0,2341,0,0,472,7/1/2020,2020,Jul
0,0,0,0,0,7/1/2020,2020,Jul
0,2258,0,0,257,7/1/2020,2020,Jul
0,0,0,0,0,7/1/2020,2020,Jul
0,0,0,0,475,7/1/2020,2020,Jul
0,2547,0,0,931,7/1/2020,2020,Jul
2,842,0,0,282,7/1/2020,2020,Jul
0,2938,15,1,2177,7/1/2020,2020,Jul
0,0,0,0,0,7/1/2020,2020,Jul
0,2356,0,0,716,7/1/2020,2020,Jul
0,2343,0,0,558,7/1/2020,2020,Jul
0,0,0,0,241,7/1/2020,2020,Jul
0,2791,0,0,373,7/1/2020,2020,Jul
0,2407,6,0,763,7/1/2020,2020,Jul
0,2620,0,0,766,7/1/2020,2020,Jul
0,0,0,0,209,7/1/2020,2020,Jul
0,0,0,0,0,7/1/2020,2020,Jul
0,2182,0,0,783,7/1/2020,2020,Jul
0,3578,0,0,953,7/1/2020,2020,Jul
0,1263,0,0,486,7/1/2020,2020,Jul
0,3204,11,0,1326,7/1/2020,2020,Jul
4,10491,0,0,3031,7/1/2020,2020,Jul
58,3777,4,0,819,7/1/2020,2020,Jul
0,2202,45,29,2277,7/1/2020,2020,Jul
0,4547,0,55,1262,7/1/2020,2020,Jul
0,3953,10,0,2808,7/1/2020,2020,Jul
3,2069,0,32,913,7/1/2020,2020,Jul
0,5043,0,0,2002,7/1/2020,2020,Jul
1,2899,0,847,0,7/1/2020,2020,Jul
0,0,0,0,0,7/1/2020,2020,Jul
0,2168,0,0,730,7/1/2020,2020,Jul
0,2211,0,0,168,7/1/2020,2020,Jul
0,2858,0,0,496,7/1/2020,2020,Jul
0,1663,0,0,527,7/1/2020,2020,Jul
2,3747,0,0,1002,7/1/2020,2020,Jul
0,0,0,0,0,7/1/2020,2020,Jul
0,1267,0,0,89,7/1/2020,2020,Jul
0,0,0,0,0,7/1/2020,2020,Jul
0,0,0,0,0,7/1/2020,2020,Jul
0,2478,0,0,1212,7/1/2020,2020,Jul
0,0,0,0,0,7/1/2020,2020,Jul
0,3015,0,0,825,7/1/2020,2020,Jul
0,0,0,0,0,7/1/2020,2020,Jul
0,2895,0,0,168,7/1/2020,2020,Jul
0,1373,0,0,157,7/1/2020,2020,Jul
0,1452,0,0,376,7/1/2020,2020,Jul
0,3777,3,0,1137,7/1/2020,2020,Jul
0,1314,0,0,467,6/1/2020,2020,Jun
0,555,189,0,0,6/1/2020,2020,Jun
14,1721,0,0,235,6/1/2020,2020,Jun
0,0,0,0,0,6/1/2020,2020,Jun
0,0,0,0,0,6/1/2020,2020,Jun
0,0,0,0,0,6/1/2020,2020,Jun
0,0,0,0,0,6/1/2020,2020,Jun
3,3649,0,0,975,6/1/2020,2020,Jun
0,1805,0,0,281,6/1/2020,2020,Jun
2,6973,0,0,1397,6/1/2020,2020,Jun
0,0,0,0,0,6/1/2020,2020,Jun
0,4045,0,0,830,6/1/2020,2020,Jun
0,0,0,0,0,6/1/2020,2020,Jun
0,773,0,0,147,6/1/2020,2020,Jun
7,1991,0,0,583,6/1/2020,2020,Jun
0,1800,0,47,504,6/1/2020,2020,Jun
0,0,0,0,0,6/1/2020,2020,Jun
0,2304,0,0,949,6/1/2020,2020,Jun
0,0,0,0,0,6/1/2020,2020,Jun
0,0,0,0,0,6/1/2020,2020,Jun
0,3171,22,0,383,6/1/2020,2020,Jun
0,0,0,0,0,6/1/2020,2020,Jun
0,2737,791,0,682,6/1/2020,2020,Jun
0,2354,0,0,944,6/1/2020,2020,Jun
0,2394,0,33,592,6/1/2020,2020,Jun
0,0,0,0,0,6/1/2020,2020,Jun
1,2292,0,0,294,6/1/2020,2020,Jun
0,2094,0,0,570,6/1/2020,2020,Jun
0,0,0,0,0,6/1/2020,2020,Jun
0,0,0,0,0,6/1/2020,2020,Jun
0,0,0,20,82,6/1/2020,2020,Jun
0,1426,0,0,589,6/1/2020,2020,Jun
0,2938,0,0,857,6/1/2020,2020,Jun
0,0,0,7,90,6/1/2020,2020,Jun
19,1482,0,0,135,6/1/2020,2020,Jun
0,2532,0,0,200,6/1/2020,2020,Jun
0,0,0,0,0,6/1/2020,2020,Jun
0,0,0,0,0,6/1/2020,2020,Jun
0,3012,0,187,666,6/1/2020,2020,Jun
0,1057,0,0,295,6/1/2020,2020,Jun
0,0,0,1,5,6/1/2020,2020,Jun
0,2629,0,0,238,6/1/2020,2020,Jun
0,0,0,0,0,6/1/2020,2020,Jun
0,899,0,0,139,6/1/2020,2020,Jun
0,4251,0,321,1057,6/1/2020,2020,Jun
3,3683,0,7,723,6/1/2020,2020,Jun
0,0,0,0,0,6/1/2020,2020,Jun
0,4216,0,225,1249,6/1/2020,2020,Jun
0,3213,0,0,504,6/1/2020,2020,Jun
0,0,0,0,0,6/1/2020,2020,Jun
1,2357,3,0,169,6/1/2020,2020,Jun
0,0,0,0,0,6/1/2020,2020,Jun
0,0,0,0,0,6/1/2020,2020,Jun
0,0,0,0,0,6/1/2020,2020,Jun
0,3700,0,0,813,6/1/2020,2020,Jun
0,0,0,0,0,6/1/2020,2020,Jun
0,1592,0,0,255,6/1/2020,2020,Jun
0,1193,0,0,35,6/1/2020,2020,Jun
0,0,0,0,15,6/1/2020,2020,Jun
0,3496,0,0,555,6/1/2020,2020,Jun
0,0,0,0,0,6/1/2020,2020,Jun
0,2051,0,0,1042,6/1/2020,2020,Jun
0,2543,0,0,597,6/1/2020,2020,Jun
0,2773,0,0,764,6/1/2020,2020,Jun
0,0,0,0,0,6/1/2020,2020,Jun
0,867,0,0,323,6/1/2020,2020,Jun
0,1,0,0,1,6/1/2020,2020,Jun
0,0,0,0,0,6/1/2020,2020,Jun
0,0,0,0,0,6/1/2020,2020,Jun
0,0,0,0,0,6/1/2020,2020,Jun
0,0,0,0,0,6/1/2020,2020,Jun
1,1112,0,0,160,6/1/2020,2020,Jun
0,0,0,0,0,6/1/2020,2020,Jun
0,2439,0,0,1043,6/1/2020,2020,Jun
0,0,0,0,0,6/1/2020,2020,Jun
7,2167,2,0,705,6/1/2020,2020,Jun
0,907,0,0,272,6/1/2020,2020,Jun
1,1165,0,0,207,6/1/2020,2020,Jun
0,0,0,0,0,6/1/2020,2020,Jun
0,1728,0,0,200,6/1/2020,2020,Jun
28,3670,0,0,430,6/1/2020,2020,Jun
0,1855,0,358,324,6/1/2020,2020,Jun
1,1827,0,156,1011,6/1/2020,2020,Jun
0,0,0,0,0,6/1/2020,2020,Jun
0,3743,0,0,920,6/1/2020,2020,Jun
18,4003,0,0,814,6/1/2020,2020,Jun
0,0,0,1,2,6/1/2020,2020,Jun
0,0,0,0,207,6/1/2020,2020,Jun
0,6509,0,0,1183,6/1/2020,2020,Jun
0,0,35,0,18,6/1/2020,2020,Jun
0,0,0,0,0,6/1/2020,2020,Jun
0,0,0,0,0,6/1/2020,2020,Jun
0,4660,0,0,1016,6/1/2020,2020,Jun
0,0,0,0,0,6/1/2020,2020,Jun
0,3532,0,0,441,6/1/2020,2020,Jun
0,5065,76,70,680,6/1/2020,2020,Jun
0,0,0,0,0,6/1/2020,2020,Jun
0,0,0,0,0,6/1/2020,2020,Jun
0,1960,0,0,1002,6/1/2020,2020,Jun
0,0,0,0,0,6/1/2020,2020,Jun
0,0,0,0,121,6/1/2020,2020,Jun
0,7758,0,239,1327,6/1/2020,2020,Jun
0,2301,0,0,564,6/1/2020,2020,Jun
0,3221,0,97,558,6/1/2020,2020,Jun
0,1348,0,0,388,6/1/2020,2020,Jun
0,0,0,0,0,6/1/2020,2020,Jun
0,0,11,0,165,6/1/2020,2020,Jun
1,3073,0,0,1129,6/1/2020,2020,Jun
0,3077,0,0,1455,6/1/2020,2020,Jun
0,1893,0,0,594,6/1/2020,2020,Jun
0,0,0,0,0,6/1/2020,2020,Jun
11,1844,0,0,241,6/1/2020,2020,Jun
0,1089,0,363,1409,6/1/2020,2020,Jun
0,3460,0,0,1226,6/1/2020,2020,Jun
0,1878,0,0,1064,6/1/2020,2020,Jun
0,1057,0,0,329,6/1/2020,2020,Jun
0,2707,0,0,413,6/1/2020,2020,Jun
0,4120,0,195,615,6/1/2020,2020,Jun
0,0,0,0,0,6/1/2020,2020,Jun
0,4144,0,0,2413,6/1/2020,2020,Jun
0,0,0,0,0,6/1/2020,2020,Jun
0,0,0,0,0,6/1/2020,2020,Jun
0,0,0,0,0,6/1/2020,2020,Jun
0,0,0,0,0,6/1/2020,2020,Jun
0,0,0,0,0,6/1/2020,2020,Jun
0,3016,69,16,2914,6/1/2020,2020,Jun
0,0,0,0,0,6/1/2020,2020,Jun
0,0,0,0,0,6/1/2020,2020,Jun
0,5392,0,95,1066,6/1/2020,2020,Jun
0,0,0,0,0,6/1/2020,2020,Jun
0,1417,0,0,1166,6/1/2020,2020,Jun
0,3133,0,0,1764,6/1/2020,2020,Jun
0,0,0,0,0,6/1/2020,2020,Jun
0,0,0,5,329,6/1/2020,2020,Jun
0,0,0,0,0,6/1/2020,2020,Jun
0,2486,0,0,543,6/1/2020,2020,Jun
0,0,0,0,213,6/1/2020,2020,Jun
1,1712,0,48,1347,6/1/2020,2020,Jun
1,1873,0,0,1640,6/1/2020,2020,Jun
19,3536,0,0,875,6/1/2020,2020,Jun
0,0,0,0,37,6/1/2020,2020,Jun
0,1934,0,0,438,6/1/2020,2020,Jun
0,2138,0,9,1184,6/1/2020,2020,Jun
0,2421,0,0,199,6/1/2020,2020,Jun
0,1139,0,0,670,6/1/2020,2020,Jun
0,2440,6,0,475,6/1/2020,2020,Jun
0,401,0,0,156,6/1/2020,2020,Jun
0,2529,0,0,2265,6/1/2020,2020,Jun
0,2638,0,1,259,6/1/2020,2020,Jun
3,2332,0,0,1485,6/1/2020,2020,Jun
0,0,0,0,13,6/1/2020,2020,Jun
0,0,0,0,0,6/1/2020,2020,Jun
0,0,0,0,0,6/1/2020,2020,Jun
0,0,0,0,2,6/1/2020,2020,Jun
0,1729,0,0,917,6/1/2020,2020,Jun
0,0,0,0,0,6/1/2020,2020,Jun
0,1782,0,62,1507,6/1/2020,2020,Jun
0,3964,17,0,966,6/1/2020,2020,Jun
0,1329,0,0,433,6/1/2020,2020,Jun
0,0,0,0,173,6/1/2020,2020,Jun
0,0,0,0,0,6/1/2020,2020,Jun
0,0,0,2,156,6/1/2020,2020,Jun
0,2022,0,0,91,6/1/2020,2020,Jun
0,2828,0,0,745,6/1/2020,2020,Jun
0,3918,0,0,312,6/1/2020,2020,Jun
0,0,0,0,0,6/1/2020,2020,Jun
0,0,0,0,0,6/1/2020,2020,Jun
0,2370,0,0,598,6/1/2020,2020,Jun
0,0,0,0,0,6/1/2020,2020,Jun
0,2378,0,0,427,6/1/2020,2020,Jun
0,0,0,0,1,6/1/2020,2020,Jun
0,1873,0,0,220,6/1/2020,2020,Jun
0,0,0,0,0,6/1/2020,2020,Jun
0,0,0,0,492,6/1/2020,2020,Jun
0,2273,0,0,855,6/1/2020,2020,Jun
2,1236,0,0,337,6/1/2020,2020,Jun
0,2790,10,0,2115,6/1/2020,2020,Jun
0,0,0,0,0,6/1/2020,2020,Jun
0,2126,0,0,651,6/1/2020,2020,Jun
0,2018,0,0,477,6/1/2020,2020,Jun
0,0,0,0,193,6/1/2020,2020,Jun
0,2774,0,0,320,6/1/2020,2020,Jun
0,2344,4,0,721,6/1/2020,2020,Jun
0,2430,0,0,659,6/1/2020,2020,Jun
0,0,0,0,184,6/1/2020,2020,Jun
0,0,0,0,0,6/1/2020,2020,Jun
0,1995,0,0,732,6/1/2020,2020,Jun
0,3336,0,0,969,6/1/2020,2020,Jun
1,1052,0,0,395,6/1/2020,2020,Jun
0,2989,7,0,1191,6/1/2020,2020,Jun
1,8734,0,0,2767,6/1/2020,2020,Jun
7,3189,12,0,818,6/1/2020,2020,Jun
0,1944,84,35,2194,6/1/2020,2020,Jun
0,4052,0,37,1160,6/1/2020,2020,Jun
0,3579,2,0,2705,6/1/2020,2020,Jun
1,2066,0,30,845,6/1/2020,2020,Jun
0,4324,0,0,1908,6/1/2020,2020,Jun
4,2773,0,788,0,6/1/2020,2020,Jun
0,0,0,0,0,6/1/2020,2020,Jun
0,2015,0,0,670,6/1/2020,2020,Jun
0,2319,0,0,126,6/1/2020,2020,Jun
0,2752,0,0,311,6/1/2020,2020,Jun
0,1619,0,0,422,6/1/2020,2020,Jun
0,3490,0,0,864,6/1/2020,2020,Jun
0,0,0,0,0,6/1/2020,2020,Jun
0,1051,0,0,84,6/1/2020,2020,Jun
0,0,0,0,0,6/1/2020,2020,Jun
0,0,0,0,0,6/1/2020,2020,Jun
0,2334,0,0,1004,6/1/2020,2020,Jun
0,0,0,0,0,6/1/2020,2020,Jun
1,2790,0,0,617,6/1/2020,2020,Jun
0,0,0,0,0,6/1/2020,2020,Jun
0,2647,0,0,148,6/1/2020,2020,Jun
0,1291,0,0,157,6/1/2020,2020,Jun
0,1387,0,0,275,6/1/2020,2020,Jun
0,3266,4,0,1063,6/1/2020,2020,Jun
0,1285,0,0,612,3/1/2020,2020,Mar
0,693,174,0,0,3/1/2020,2020,Mar
4,1524,0,0,301,3/1/2020,2020,Mar
0,0,0,0,0,3/1/2020,2020,Mar
0,0,0,0,0,3/1/2020,2020,Mar
0,0,0,0,0,3/1/2020,2020,Mar
0,0,0,0,0,3/1/2020,2020,Mar
12,3725,0,0,398,3/1/2020,2020,Mar
0,1932,0,0,376,3/1/2020,2020,Mar
3,6121,0,0,1366,3/1/2020,2020,Mar
0,2652,0,0,178,3/1/2020,2020,Mar
0,0,0,0,0,3/1/2020,2020,Mar
0,1671,0,0,235,3/1/2020,2020,Mar
0,0,0,0,0,3/1/2020,2020,Mar
0,0,0,0,0,3/1/2020,2020,Mar
0,735,0,0,162,3/1/2020,2020,Mar
28,2052,0,0,738,3/1/2020,2020,Mar
11,1733,0,32,550,3/1/2020,2020,Mar
0,0,0,0,0,3/1/2020,2020,Mar
0,2157,0,68,1165,3/1/2020,2020,Mar
0,0,0,0,0,3/1/2020,2020,Mar
0,0,0,0,0,3/1/2020,2020,Mar
0,2776,22,0,308,3/1/2020,2020,Mar
0,0,0,0,0,3/1/2020,2020,Mar
0,0,0,0,0,3/1/2020,2020,Mar
0,2543,691,0,577,3/1/2020,2020,Mar
0,2489,0,0,1019,3/1/2020,2020,Mar
0,2225,0,46,463,3/1/2020,2020,Mar
0,0,0,0,0,3/1/2020,2020,Mar
0,2280,0,0,450,3/1/2020,2020,Mar
0,1984,0,0,606,3/1/2020,2020,Mar
0,0,0,0,0,3/1/2020,2020,Mar
0,0,0,0,0,3/1/2020,2020,Mar
0,0,0,2,26,3/1/2020,2020,Mar
0,1402,0,0,732,3/1/2020,2020,Mar
0,3038,0,0,988,3/1/2020,2020,Mar
0,0,0,5,82,3/1/2020,2020,Mar
0,1504,0,0,152,3/1/2020,2020,Mar
1,2421,0,0,211,3/1/2020,2020,Mar
0,0,0,0,0,3/1/2020,2020,Mar
0,0,0,0,0,3/1/2020,2020,Mar
0,2640,0,192,765,3/1/2020,2020,Mar
0,1141,0,0,285,3/1/2020,2020,Mar
0,0,0,1,1,3/1/2020,2020,Mar
1,2513,0,0,633,3/1/2020,2020,Mar
0,0,0,0,0,3/1/2020,2020,Mar
0,811,0,0,251,3/1/2020,2020,Mar
0,4102,0,237,1100,3/1/2020,2020,Mar
14,3230,0,26,952,3/1/2020,2020,Mar
0,0,0,0,0,3/1/2020,2020,Mar
0,3822,0,227,1459,3/1/2020,2020,Mar
0,2842,0,0,586,3/1/2020,2020,Mar
0,0,0,0,0,3/1/2020,2020,Mar
3,2425,1,0,173,3/1/2020,2020,Mar
0,0,0,0,0,3/1/2020,2020,Mar
0,0,0,0,0,3/1/2020,2020,Mar
0,0,0,0,0,3/1/2020,2020,Mar
0,3894,0,0,1392,3/1/2020,2020,Mar
0,0,0,0,0,3/1/2020,2020,Mar
0,1436,0,0,225,3/1/2020,2020,Mar
0,1130,0,0,79,3/1/2020,2020,Mar
0,0,0,0,24,3/1/2020,2020,Mar
0,2835,0,0,762,3/1/2020,2020,Mar
0,0,0,0,0,3/1/2020,2020,Mar
80,1847,0,0,1010,3/1/2020,2020,Mar
0,2710,0,0,605,3/1/2020,2020,Mar
2,2521,0,0,839,3/1/2020,2020,Mar
0,0,0,0,0,3/1/2020,2020,Mar
0,914,0,0,392,3/1/2020,2020,Mar
0,0,0,0,1,3/1/2020,2020,Mar
0,0,0,0,0,3/1/2020,2020,Mar
0,0,0,0,0,3/1/2020,2020,Mar
0,0,0,0,0,3/1/2020,2020,Mar
0,0,0,0,0,3/1/2020,2020,Mar
1,1338,0,0,173,3/1/2020,2020,Mar
0,0,0,0,0,3/1/2020,2020,Mar
0,2318,0,0,1250,3/1/2020,2020,Mar
0,0,0,0,0,3/1/2020,2020,Mar
135,2529,6,0,969,3/1/2020,2020,Mar
1,714,0,0,129,3/1/2020,2020,Mar
3,1209,0,0,286,3/1/2020,2020,Mar
0,0,0,0,0,3/1/2020,2020,Mar
0,1754,0,0,450,3/1/2020,2020,Mar
43,3663,0,0,323,3/1/2020,2020,Mar
0,0,0,0,0,3/1/2020,2020,Mar
0,1855,0,358,324,3/1/2020,2020,Mar
21,2122,0,46,1059,3/1/2020,2020,Mar
0,0,0,0,0,3/1/2020,2020,Mar
0,3802,0,0,1093,3/1/2020,2020,Mar
38,3424,0,0,551,3/1/2020,2020,Mar
0,0,0,0,3,3/1/2020,2020,Mar
0,0,0,0,175,3/1/2020,2020,Mar
0,5316,0,0,1450,3/1/2020,2020,Mar
0,0,67,0,17,3/1/2020,2020,Mar
0,0,0,0,0,3/1/2020,2020,Mar
0,0,0,0,0,3/1/2020,2020,Mar
27,4270,0,0,1138,3/1/2020,2020,Mar
0,0,0,0,0,3/1/2020,2020,Mar
0,2448,0,0,862,3/1/2020,2020,Mar
0,3295,0,0,406,3/1/2020,2020,Mar
0,4991,139,91,1036,3/1/2020,2020,Mar
0,0,0,0,0,3/1/2020,2020,Mar
103,1752,0,0,1043,3/1/2020,2020,Mar
0,0,0,0,0,3/1/2020,2020,Mar
0,0,0,0,121,3/1/2020,2020,Mar
0,2151,0,0,768,3/1/2020,2020,Mar
2,2162,0,0,618,3/1/2020,2020,Mar
0,3286,0,115,770,3/1/2020,2020,Mar
0,1213,0,0,432,3/1/2020,2020,Mar
0,0,0,0,0,3/1/2020,2020,Mar
0,0,13,0,151,3/1/2020,2020,Mar
0,0,0,0,0,3/1/2020,2020,Mar
32,2308,0,0,1526,3/1/2020,2020,Mar
2,2649,0,0,1273,3/1/2020,2020,Mar
23,1786,0,0,614,3/1/2020,2020,Mar
0,0,0,0,0,3/1/2020,2020,Mar
6,1834,0,0,206,3/1/2020,2020,Mar
0,1239,0,342,1416,3/1/2020,2020,Mar
0,3228,0,0,1438,3/1/2020,2020,Mar
0,0,0,0,0,3/1/2020,2020,Mar
0,2016,0,0,864,3/1/2020,2020,Mar
0,918,0,0,387,3/1/2020,2020,Mar
1,2647,0,0,387,3/1/2020,2020,Mar
0,4374,0,60,659,3/1/2020,2020,Mar
0,0,0,0,0,3/1/2020,2020,Mar
0,0,0,0,0,3/1/2020,2020,Mar
48,3587,0,0,2244,3/1/2020,2020,Mar
0,0,0,0,0,3/1/2020,2020,Mar
0,0,0,0,0,3/1/2020,2020,Mar
0,0,0,0,0,3/1/2020,2020,Mar
0,0,0,0,0,3/1/2020,2020,Mar
0,0,0,0,0,3/1/2020,2020,Mar
0,2793,91,15,2830,3/1/2020,2020,Mar
0,0,0,0,0,3/1/2020,2020,Mar
0,0,0,0,0,3/1/2020,2020,Mar
0,0,0,0,0,3/1/2020,2020,Mar
4,5187,0,85,1205,3/1/2020,2020,Mar
0,0,0,0,0,3/1/2020,2020,Mar
0,1448,0,0,1037,3/1/2020,2020,Mar
0,2802,0,0,1325,3/1/2020,2020,Mar
0,0,0,0,0,3/1/2020,2020,Mar
0,0,0,4,282,3/1/2020,2020,Mar
0,0,0,0,0,3/1/2020,2020,Mar
0,2514,0,0,403,3/1/2020,2020,Mar
0,0,0,0,253,3/1/2020,2020,Mar
0,1798,0,30,941,3/1/2020,2020,Mar
7,1600,0,0,1560,3/1/2020,2020,Mar
139,3462,0,0,813,3/1/2020,2020,Mar
0,0,0,0,78,3/1/2020,2020,Mar
1,1689,0,0,379,3/1/2020,2020,Mar
0,1894,0,13,1195,3/1/2020,2020,Mar
0,2216,0,0,243,3/1/2020,2020,Mar
0,1010,0,0,741,3/1/2020,2020,Mar
0,2684,17,0,410,3/1/2020,2020,Mar
0,538,0,0,173,3/1/2020,2020,Mar
0,2407,0,0,2319,3/1/2020,2020,Mar
0,2576,0,9,351,3/1/2020,2020,Mar
94,1997,0,44,1613,3/1/2020,2020,Mar
0,0,0,0,16,3/1/2020,2020,Mar
0,0,0,0,0,3/1/2020,2020,Mar
0,0,0,0,4,3/1/2020,2020,Mar
0,0,0,0,21,3/1/2020,2020,Mar
0,0,0,0,0,3/1/2020,2020,Mar
3,1702,0,79,1699,3/1/2020,2020,Mar
0,3471,32,0,740,3/1/2020,2020,Mar
0,1452,0,0,221,3/1/2020,2020,Mar
0,0,0,0,131,3/1/2020,2020,Mar
0,0,0,0,0,3/1/2020,2020,Mar
0,0,0,0,0,3/1/2020,2020,Mar
0,2055,0,215,602,3/1/2020,2020,Mar
0,0,0,4,191,3/1/2020,2020,Mar
10,2047,0,0,105,3/1/2020,2020,Mar
3,2408,0,0,647,3/1/2020,2020,Mar
0,3592,0,0,295,3/1/2020,2020,Mar
0,0,0,0,0,3/1/2020,2020,Mar
0,0,0,0,0,3/1/2020,2020,Mar
17,2089,0,0,758,3/1/2020,2020,Mar
0,0,0,0,0,3/1/2020,2020,Mar
0,2156,0,0,464,3/1/2020,2020,Mar
1,0,0,0,5,3/1/2020,2020,Mar
0,1548,0,0,249,3/1/2020,2020,Mar
0,1700,0,0,948,3/1/2020,2020,Mar
0,0,0,0,0,3/1/2020,2020,Mar
0,0,0,0,552,3/1/2020,2020,Mar
8,2180,0,0,707,3/1/2020,2020,Mar
11,1421,0,0,291,3/1/2020,2020,Mar
0,0,0,0,0,3/1/2020,2020,Mar
0,2702,18,6,2131,3/1/2020,2020,Mar
0,0,0,0,0,3/1/2020,2020,Mar
14,1855,0,10,462,3/1/2020,2020,Mar
1,1956,0,0,525,3/1/2020,2020,Mar
0,0,0,0,44,3/1/2020,2020,Mar
0,1316,0,0,116,3/1/2020,2020,Mar
0,2107,8,0,637,3/1/2020,2020,Mar
15,2197,0,0,731,3/1/2020,2020,Mar
0,0,0,0,135,3/1/2020,2020,Mar
0,0,0,0,0,3/1/2020,2020,Mar
1,1923,0,0,481,3/1/2020,2020,Mar
0,3319,0,0,840,3/1/2020,2020,Mar
2,1446,0,0,280,3/1/2020,2020,Mar
0,2862,29,0,1290,3/1/2020,2020,Mar
1,8573,0,965,2429,3/1/2020,2020,Mar
5,2435,9,0,744,3/1/2020,2020,Mar
0,3457,68,7,623,3/1/2020,2020,Mar
0,4332,0,62,1373,3/1/2020,2020,Mar
5,3979,2,0,2748,3/1/2020,2020,Mar
14,1800,0,33,847,3/1/2020,2020,Mar
34,5656,0,0,2524,3/1/2020,2020,Mar
36,2391,0,1618,0,3/1/2020,2020,Mar
0,0,0,0,0,3/1/2020,2020,Mar
1,2113,0,0,601,3/1/2020,2020,Mar
0,2415,0,0,212,3/1/2020,2020,Mar
0,2913,0,0,384,3/1/2020,2020,Mar
0,1424,0,0,475,3/1/2020,2020,Mar
0,3363,0,0,944,3/1/2020,2020,Mar
41,963,0,0,72,3/1/2020,2020,Mar
0,0,0,0,0,3/1/2020,2020,Mar
6,1040,0,0,73,3/1/2020,2020,Mar
0,0,0,0,0,3/1/2020,2020,Mar
0,0,0,0,0,3/1/2020,2020,Mar
21,1645,0,0,1177,3/1/2020,2020,Mar
0,0,0,0,0,3/1/2020,2020,Mar
26,2963,0,0,746,3/1/2020,2020,Mar
0,0,0,0,0,3/1/2020,2020,Mar
8,2072,0,0,115,3/1/2020,2020,Mar
0,1211,0,0,164,3/1/2020,2020,Mar
0,0,0,0,0,3/1/2020,2020,Mar
0,1239,0,0,365,3/1/2020,2020,Mar
0,3336,7,0,1210,3/1/2020,2020,Mar
0,1190,0,0,404,5/1/2020,2020,May
0,499,175,0,0,5/1/2020,2020,May
5,1670,0,0,244,5/1/2020,2020,May
0,0,0,0,0,5/1/2020,2020,May
0,0,0,0,0,5/1/2020,2020,May
0,0,0,0,0,5/1/2020,2020,May
0,0,0,0,0,5/1/2020,2020,May
2,3237,0,0,414,5/1/2020,2020,May
0,1587,0,0,242,5/1/2020,2020,May
0,6135,0,0,1155,5/1/2020,2020,May
0,0,0,0,0,5/1/2020,2020,May
0,3778,0,0,792,5/1/2020,2020,May
0,0,0,0,0,5/1/2020,2020,May
0,0,0,0,0,5/1/2020,2020,May
0,712,0,0,150,5/1/2020,2020,May
0,1857,0,0,580,5/1/2020,2020,May
0,1788,0,0,482,5/1/2020,2020,May
0,0,0,0,0,5/1/2020,2020,May
0,2166,0,0,869,5/1/2020,2020,May
0,0,0,0,0,5/1/2020,2020,May
0,0,0,0,0,5/1/2020,2020,May
0,3058,13,0,314,5/1/2020,2020,May
0,0,0,0,0,5/1/2020,2020,May
0,2583,651,0,545,5/1/2020,2020,May
0,2387,0,0,792,5/1/2020,2020,May
0,1980,0,20,471,5/1/2020,2020,May
0,0,0,0,0,5/1/2020,2020,May
0,1935,0,0,196,5/1/2020,2020,May
0,1928,0,0,459,5/1/2020,2020,May
0,0,0,0,0,5/1/2020,2020,May
0,0,0,0,0,5/1/2020,2020,May
0,0,0,10,105,5/1/2020,2020,May
0,1251,0,0,677,5/1/2020,2020,May
0,2938,0,0,690,5/1/2020,2020,May
0,0,0,8,91,5/1/2020,2020,May
1,1312,0,0,132,5/1/2020,2020,May
0,2332,0,0,155,5/1/2020,2020,May
0,0,0,0,0,5/1/2020,2020,May
0,0,0,0,0,5/1/2020,2020,May
0,2814,0,151,428,5/1/2020,2020,May
0,1074,0,0,270,5/1/2020,2020,May
0,0,0,4,6,5/1/2020,2020,May
0,2172,0,0,205,5/1/2020,2020,May
0,0,0,0,0,5/1/2020,2020,May
0,907,0,0,106,5/1/2020,2020,May
0,3949,0,290,905,5/1/2020,2020,May
2,3265,0,14,637,5/1/2020,2020,May
0,0,0,0,0,5/1/2020,2020,May
0,3814,0,187,1016,5/1/2020,2020,May
0,2880,0,0,481,5/1/2020,2020,May
0,0,0,0,0,5/1/2020,2020,May
1,2359,6,0,208,5/1/2020,2020,May
0,0,0,0,0,5/1/2020,2020,May
0,0,0,0,0,5/1/2020,2020,May
0,0,0,0,0,5/1/2020,2020,May
0,3302,0,0,735,5/1/2020,2020,May
0,0,0,0,0,5/1/2020,2020,May
0,1388,0,0,239,5/1/2020,2020,May
0,1338,0,0,20,5/1/2020,2020,May
0,0,0,0,9,5/1/2020,2020,May
0,3285,0,0,408,5/1/2020,2020,May
0,0,0,0,0,5/1/2020,2020,May
0,2054,0,0,586,5/1/2020,2020,May
0,1891,0,0,521,5/1/2020,2020,May
0,2749,0,0,588,5/1/2020,2020,May
0,0,0,0,0,5/1/2020,2020,May
0,809,0,0,351,5/1/2020,2020,May
0,0,0,0,2,5/1/2020,2020,May
0,0,0,0,0,5/1/2020,2020,May
0,0,0,0,0,5/1/2020,2020,May
0,0,0,0,0,5/1/2020,2020,May
0,0,0,0,0,5/1/2020,2020,May
1,1082,0,0,136,5/1/2020,2020,May
0,0,0,0,0,5/1/2020,2020,May
0,2283,0,0,896,5/1/2020,2020,May
0,0,0,0,0,5/1/2020,2020,May
5,1777,0,0,612,5/1/2020,2020,May
0,716,0,0,238,5/1/2020,2020,May
0,1125,0,0,205,5/1/2020,2020,May
0,0,0,0,0,5/1/2020,2020,May
0,1597,0,0,160,5/1/2020,2020,May
12,3410,0,0,320,5/1/2020,2020,May
0,0,0,0,0,5/1/2020,2020,May
0,2027,0,139,184,5/1/2020,2020,May
1,2058,0,58,1059,5/1/2020,2020,May
0,0,0,0,0,5/1/2020,2020,May
0,3392,0,0,925,5/1/2020,2020,May
29,3871,0,0,719,5/1/2020,2020,May
0,0,0,1,4,5/1/2020,2020,May
0,0,0,0,178,5/1/2020,2020,May
0,6136,0,0,874,5/1/2020,2020,May
0,0,22,0,25,5/1/2020,2020,May
0,0,0,0,0,5/1/2020,2020,May
0,0,0,0,0,5/1/2020,2020,May
1,3913,0,0,715,5/1/2020,2020,May
0,0,0,0,0,5/1/2020,2020,May
0,3309,0,0,444,5/1/2020,2020,May
0,4513,85,49,481,5/1/2020,2020,May
0,0,0,0,0,5/1/2020,2020,May
0,0,0,0,0,5/1/2020,2020,May
0,2107,0,0,728,5/1/2020,2020,May
0,0,0,0,0,5/1/2020,2020,May
0,0,0,0,105,5/1/2020,2020,May
0,6560,0,132,1001,5/1/2020,2020,May
0,2491,0,0,457,5/1/2020,2020,May
1,3027,0,91,491,5/1/2020,2020,May
0,1400,0,0,365,5/1/2020,2020,May
0,0,0,0,0,5/1/2020,2020,May
0,0,10,0,124,5/1/2020,2020,May
2,3033,0,0,903,5/1/2020,2020,May
0,2901,0,0,1183,5/1/2020,2020,May
0,1731,0,0,525,5/1/2020,2020,May
0,0,0,0,0,5/1/2020,2020,May
5,1640,0,0,68,5/1/2020,2020,May
0,813,0,335,1160,5/1/2020,2020,May
0,3526,0,0,1034,5/1/2020,2020,May
0,0,0,0,0,5/1/2020,2020,May
0,1751,0,0,927,5/1/2020,2020,May
0,989,0,0,292,5/1/2020,2020,May
0,2490,0,0,334,5/1/2020,2020,May
0,3821,0,254,627,5/1/2020,2020,May
0,0,0,0,0,5/1/2020,2020,May
0,3793,0,0,2612,5/1/2020,2020,May
0,0,0,0,0,5/1/2020,2020,May
0,0,0,0,0,5/1/2020,2020,May
0,0,0,0,0,5/1/2020,2020,May
0,0,0,0,0,5/1/2020,2020,May
0,0,0,0,0,5/1/2020,2020,May
0,2847,74,1,2495,5/1/2020,2020,May
0,0,0,0,0,5/1/2020,2020,May
0,0,0,0,0,5/1/2020,2020,May
0,5053,0,40,842,5/1/2020,2020,May
0,0,0,0,0,5/1/2020,2020,May
0,1286,0,0,1050,5/1/2020,2020,May
0,2903,0,0,1417,5/1/2020,2020,May
0,0,0,0,0,5/1/2020,2020,May
0,0,0,1,290,5/1/2020,2020,May
0,0,0,0,0,5/1/2020,2020,May
0,2072,0,0,417,5/1/2020,2020,May
0,0,0,0,189,5/1/2020,2020,May
0,1632,0,28,1275,5/1/2020,2020,May
0,1885,0,0,1558,5/1/2020,2020,May
12,3088,0,0,786,5/1/2020,2020,May
0,0,0,0,141,5/1/2020,2020,May
0,1708,0,0,368,5/1/2020,2020,May
0,1896,0,7,1188,5/1/2020,2020,May
0,2106,0,0,255,5/1/2020,2020,May
0,1085,0,0,620,5/1/2020,2020,May
0,2249,7,0,387,5/1/2020,2020,May
0,385,0,0,183,5/1/2020,2020,May
0,2508,0,0,1989,5/1/2020,2020,May
0,2349,0,0,249,5/1/2020,2020,May
0,2259,0,0,1221,5/1/2020,2020,May
0,0,0,0,19,5/1/2020,2020,May
0,0,0,0,0,5/1/2020,2020,May
0,0,0,0,0,5/1/2020,2020,May
0,0,0,0,3,5/1/2020,2020,May
0,1580,0,0,845,5/1/2020,2020,May
0,0,0,0,0,5/1/2020,2020,May
0,1653,0,56,1346,5/1/2020,2020,May
0,4131,16,0,727,5/1/2020,2020,May
0,1182,0,0,381,5/1/2020,2020,May
0,0,0,0,168,5/1/2020,2020,May
0,0,0,0,0,5/1/2020,2020,May
0,0,0,2,176,5/1/2020,2020,May
0,1842,0,0,86,5/1/2020,2020,May
0,2483,0,0,706,5/1/2020,2020,May
0,3424,0,0,225,5/1/2020,2020,May
0,0,0,0,0,5/1/2020,2020,May
0,0,0,0,0,5/1/2020,2020,May
0,2373,0,0,520,5/1/2020,2020,May
0,0,0,0,0,5/1/2020,2020,May
0,2171,0,0,320,5/1/2020,2020,May
0,0,0,0,1,5/1/2020,2020,May
0,2241,0,0,232,5/1/2020,2020,May
0,0,0,0,0,5/1/2020,2020,May
0,0,0,0,498,5/1/2020,2020,May
0,2073,0,0,657,5/1/2020,2020,May
0,1113,0,0,222,5/1/2020,2020,May
0,2193,9,0,1888,5/1/2020,2020,May
0,0,0,0,0,5/1/2020,2020,May
0,1934,0,0,439,5/1/2020,2020,May
1,1886,0,0,317,5/1/2020,2020,May
0,0,0,0,195,5/1/2020,2020,May
0,1433,0,0,181,5/1/2020,2020,May
0,1998,5,0,692,5/1/2020,2020,May
0,2268,0,0,562,5/1/2020,2020,May
0,0,0,0,197,5/1/2020,2020,May
0,0,0,0,0,5/1/2020,2020,May
0,1849,0,0,286,5/1/2020,2020,May
0,3292,0,0,851,5/1/2020,2020,May
1,968,0,0,346,5/1/2020,2020,May
0,2862,5,0,1162,5/1/2020,2020,May
1,7544,0,161,1906,5/1/2020,2020,May
1,3196,9,0,693,5/1/2020,2020,May
0,1918,74,38,1921,5/1/2020,2020,May
1,3964,0,32,965,5/1/2020,2020,May
0,3606,2,0,2547,5/1/2020,2020,May
1,1906,0,26,755,5/1/2020,2020,May
0,4326,0,0,1912,5/1/2020,2020,May
6,2832,0,621,0,5/1/2020,2020,May
0,0,0,0,0,5/1/2020,2020,May
0,1684,0,0,514,5/1/2020,2020,May
0,2191,0,0,139,5/1/2020,2020,May
0,2384,0,0,284,5/1/2020,2020,May
0,1473,0,0,333,5/1/2020,2020,May
0,3530,0,0,795,5/1/2020,2020,May
0,0,0,0,0,5/1/2020,2020,May
1,894,0,0,55,5/1/2020,2020,May
0,0,0,0,0,5/1/2020,2020,May
0,0,0,0,0,5/1/2020,2020,May
0,2165,0,0,1051,5/1/2020,2020,May
0,0,0,0,0,5/1/2020,2020,May
0,2519,0,0,545,5/1/2020,2020,May
0,0,0,0,0,5/1/2020,2020,May
0,3287,0,0,100,5/1/2020,2020,May
0,1199,0,0,67,5/1/2020,2020,May
0,0,0,0,0,5/1/2020,2020,May
0,1227,0,0,321,5/1/2020,2020,May
0,3038,2,0,825,5/1/2020,2020,May
0,1187,0,0,413,11/1/2020,2020,Nov
0,758,0,0,181,11/1/2020,2020,Nov
5,1702,0,0,324,11/1/2020,2020,Nov
0,0,0,0,0,11/1/2020,2020,Nov
0,0,0,0,0,11/1/2020,2020,Nov
0,0,0,0,0,11/1/2020,2020,Nov
0,0,0,0,0,11/1/2020,2020,Nov
236,3757,0,0,643,11/1/2020,2020,Nov
2,1977,0,0,365,11/1/2020,2020,Nov
4,7077,0,0,1670,11/1/2020,2020,Nov
0,0,0,0,0,11/1/2020,2020,Nov
0,4417,0,0,1005,11/1/2020,2020,Nov
0,0,0,36,0,11/1/2020,2020,Nov
0,0,0,0,0,11/1/2020,2020,Nov
0,705,0,0,174,11/1/2020,2020,Nov
83,2031,0,0,674,11/1/2020,2020,Nov
46,1947,0,36,569,11/1/2020,2020,Nov
0,0,0,0,0,11/1/2020,2020,Nov
0,2580,0,0,1055,11/1/2020,2020,Nov
0,0,0,0,0,11/1/2020,2020,Nov
0,0,0,0,0,11/1/2020,2020,Nov
0,3228,23,0,331,11/1/2020,2020,Nov
0,0,0,0,0,11/1/2020,2020,Nov
0,3096,771,0,674,11/1/2020,2020,Nov
21,2674,0,0,791,11/1/2020,2020,Nov
154,1741,0,15,348,11/1/2020,2020,Nov
0,0,0,0,0,11/1/2020,2020,Nov
0,2563,0,0,341,11/1/2020,2020,Nov
0,2245,0,0,582,11/1/2020,2020,Nov
0,0,0,0,0,11/1/2020,2020,Nov
0,0,0,0,0,11/1/2020,2020,Nov
0,0,0,22,77,11/1/2020,2020,Nov
0,1630,0,0,637,11/1/2020,2020,Nov
4,3581,0,0,837,11/1/2020,2020,Nov
0,0,0,4,67,11/1/2020,2020,Nov
33,1393,0,0,222,11/1/2020,2020,Nov
0,2797,0,0,295,11/1/2020,2020,Nov
0,0,0,0,0,11/1/2020,2020,Nov
0,0,0,0,0,11/1/2020,2020,Nov
0,2444,0,266,653,11/1/2020,2020,Nov
0,1216,0,0,219,11/1/2020,2020,Nov
0,0,0,0,4,11/1/2020,2020,Nov
0,2817,0,0,335,11/1/2020,2020,Nov
0,0,0,0,0,11/1/2020,2020,Nov
0,914,0,0,148,11/1/2020,2020,Nov
8,3977,0,369,1071,11/1/2020,2020,Nov
7,3782,0,18,764,11/1/2020,2020,Nov
0,0,0,0,0,11/1/2020,2020,Nov
1,4274,0,202,1478,11/1/2020,2020,Nov
0,3493,0,0,534,11/1/2020,2020,Nov
0,0,0,0,0,11/1/2020,2020,Nov
6,2350,15,0,110,11/1/2020,2020,Nov
0,0,0,0,0,11/1/2020,2020,Nov
0,0,0,0,0,11/1/2020,2020,Nov
0,0,0,0,0,11/1/2020,2020,Nov
0,4374,0,0,960,11/1/2020,2020,Nov
0,0,0,0,0,11/1/2020,2020,Nov
0,1438,0,0,207,11/1/2020,2020,Nov
0,1234,0,0,128,11/1/2020,2020,Nov
0,0,0,0,8,11/1/2020,2020,Nov
2,3831,0,0,611,11/1/2020,2020,Nov
0,0,0,0,0,11/1/2020,2020,Nov
3,1901,0,0,1235,11/1/2020,2020,Nov
0,3055,0,0,599,11/1/2020,2020,Nov
1,3131,0,0,709,11/1/2020,2020,Nov
0,1049,0,0,355,11/1/2020,2020,Nov
0,0,0,0,0,11/1/2020,2020,Nov
0,0,0,0,0,11/1/2020,2020,Nov
0,0,0,0,0,11/1/2020,2020,Nov
0,0,0,0,0,11/1/2020,2020,Nov
0,0,0,0,0,11/1/2020,2020,Nov
1,1325,0,0,140,11/1/2020,2020,Nov
0,0,0,0,0,11/1/2020,2020,Nov
0,2487,0,0,1009,11/1/2020,2020,Nov
0,0,0,0,0,11/1/2020,2020,Nov
18,2488,0,0,925,11/1/2020,2020,Nov
0,929,0,0,226,11/1/2020,2020,Nov
8,1238,0,0,371,11/1/2020,2020,Nov
0,0,0,0,0,11/1/2020,2020,Nov
0,1812,0,0,291,11/1/2020,2020,Nov
69,3701,0,0,449,11/1/2020,2020,Nov
0,2125,0,145,332,11/1/2020,2020,Nov
26,1853,0,438,1009,11/1/2020,2020,Nov
0,0,0,0,0,11/1/2020,2020,Nov
0,3992,0,0,914,11/1/2020,2020,Nov
52,4429,0,0,950,11/1/2020,2020,Nov
0,0,0,3,0,11/1/2020,2020,Nov
0,0,0,0,149,11/1/2020,2020,Nov
2,4903,0,0,1594,11/1/2020,2020,Nov
0,0,77,0,11,11/1/2020,2020,Nov
0,0,0,0,0,11/1/2020,2020,Nov
0,0,0,0,0,11/1/2020,2020,Nov
5,5129,0,0,1140,11/1/2020,2020,Nov
0,0,0,0,0,11/1/2020,2020,Nov
2,4124,0,0,396,11/1/2020,2020,Nov
0,5324,28,6,857,11/1/2020,2020,Nov
0,0,0,0,0,11/1/2020,2020,Nov
0,0,0,0,0,11/1/2020,2020,Nov
95,2198,0,0,1134,11/1/2020,2020,Nov
0,0,0,0,0,11/1/2020,2020,Nov
0,0,0,0,112,11/1/2020,2020,Nov
1,8438,0,378,1381,11/1/2020,2020,Nov
0,2351,0,0,737,11/1/2020,2020,Nov
1,3364,0,93,441,11/1/2020,2020,Nov
0,1492,0,0,450,11/1/2020,2020,Nov
0,0,0,0,0,11/1/2020,2020,Nov
0,0,0,0,55,11/1/2020,2020,Nov
10,2804,0,0,1406,11/1/2020,2020,Nov
3,2847,0,0,1462,11/1/2020,2020,Nov
23,1838,0,0,601,11/1/2020,2020,Nov
0,0,0,0,0,11/1/2020,2020,Nov
0,1855,0,0,138,11/1/2020,2020,Nov
0,1298,0,310,1560,11/1/2020,2020,Nov
0,3154,0,0,1140,11/1/2020,2020,Nov
0,0,0,0,0,11/1/2020,2020,Nov
0,1837,0,0,1052,11/1/2020,2020,Nov
1,982,0,0,379,11/1/2020,2020,Nov
57,2855,0,0,276,11/1/2020,2020,Nov
0,4443,0,10,842,11/1/2020,2020,Nov
0,0,0,0,0,11/1/2020,2020,Nov
0,4303,0,0,3083,11/1/2020,2020,Nov
0,0,0,0,0,11/1/2020,2020,Nov
0,0,0,0,0,11/1/2020,2020,Nov
0,0,0,0,0,11/1/2020,2020,Nov
0,0,0,0,0,11/1/2020,2020,Nov
0,0,0,0,0,11/1/2020,2020,Nov
0,2974,81,19,3566,11/1/2020,2020,Nov
0,0,0,0,0,11/1/2020,2020,Nov
337,5207,0,113,1055,11/1/2020,2020,Nov
0,0,0,0,0,11/1/2020,2020,Nov
0,3299,0,31,1359,11/1/2020,2020,Nov
0,0,0,0,0,11/1/2020,2020,Nov
0,0,0,0,0,11/1/2020,2020,Nov
0,0,0,0,0,11/1/2020,2020,Nov
0,0,0,9,490,11/1/2020,2020,Nov
0,0,0,0,0,11/1/2020,2020,Nov
0,2627,1,0,572,11/1/2020,2020,Nov
0,0,0,0,292,11/1/2020,2020,Nov
25,1820,0,21,1000,11/1/2020,2020,Nov
0,2050,0,1,1558,11/1/2020,2020,Nov
16,3709,0,0,425,11/1/2020,2020,Nov
0,0,0,0,21,11/1/2020,2020,Nov
0,2211,0,0,342,11/1/2020,2020,Nov
0,2188,0,5,1217,11/1/2020,2020,Nov
1,2310,0,0,360,11/1/2020,2020,Nov
0,1121,0,0,657,11/1/2020,2020,Nov
2,2855,23,0,434,11/1/2020,2020,Nov
0,490,0,0,237,11/1/2020,2020,Nov
0,2688,0,0,2177,11/1/2020,2020,Nov
0,3036,0,11,396,11/1/2020,2020,Nov
0,0,0,0,6,11/1/2020,2020,Nov
0,0,0,0,0,11/1/2020,2020,Nov
0,0,0,0,0,11/1/2020,2020,Nov
0,0,0,0,1,11/1/2020,2020,Nov
0,1731,0,0,1010,11/1/2020,2020,Nov
0,0,0,0,0,11/1/2020,2020,Nov
9,1715,0,67,1570,11/1/2020,2020,Nov
0,3660,19,0,1257,11/1/2020,2020,Nov
0,1640,0,0,582,11/1/2020,2020,Nov
0,0,0,0,138,11/1/2020,2020,Nov
0,0,0,0,0,11/1/2020,2020,Nov
0,0,0,2,144,11/1/2020,2020,Nov
17,1840,0,0,91,11/1/2020,2020,Nov
1,2822,0,0,851,11/1/2020,2020,Nov
0,3968,0,0,297,11/1/2020,2020,Nov
0,0,0,0,0,11/1/2020,2020,Nov
8,2011,0,0,580,11/1/2020,2020,Nov
0,0,0,0,0,11/1/2020,2020,Nov
0,2630,0,0,452,11/1/2020,2020,Nov
0,0,0,0,0,11/1/2020,2020,Nov
0,1947,0,0,249,11/1/2020,2020,Nov
0,0,0,0,0,11/1/2020,2020,Nov
0,0,0,0,492,11/1/2020,2020,Nov
7,2144,0,0,845,11/1/2020,2020,Nov
8,1543,0,0,423,11/1/2020,2020,Nov
0,1871,7,0,1653,11/1/2020,2020,Nov
0,0,0,0,0,11/1/2020,2020,Nov
11,2483,0,0,616,11/1/2020,2020,Nov
23,2226,0,0,525,11/1/2020,2020,Nov
0,0,0,0,20,11/1/2020,2020,Nov
0,2229,0,0,397,11/1/2020,2020,Nov
25,2476,0,0,739,11/1/2020,2020,Nov
39,2568,0,23,1265,11/1/2020,2020,Nov
0,0,0,0,157,11/1/2020,2020,Nov
0,0,0,0,0,11/1/2020,2020,Nov
0,1889,0,0,835,11/1/2020,2020,Nov
10,2989,0,0,965,11/1/2020,2020,Nov
2,1334,0,0,424,11/1/2020,2020,Nov
0,3207,14,0,1324,11/1/2020,2020,Nov
26,9156,0,0,3005,11/1/2020,2020,Nov
201,3645,7,0,791,11/1/2020,2020,Nov
0,2357,75,55,2239,11/1/2020,2020,Nov
7,3825,4,0,1701,11/1/2020,2020,Nov
6,3895,0,38,1280,11/1/2020,2020,Nov
5,4070,5,0,3076,11/1/2020,2020,Nov
50,1759,0,27,793,11/1/2020,2020,Nov
99,4986,0,0,1891,11/1/2020,2020,Nov
66,2426,0,760,0,11/1/2020,2020,Nov
0,0,0,0,0,11/1/2020,2020,Nov
2,2537,0,0,760,11/1/2020,2020,Nov
0,1808,0,0,180,11/1/2020,2020,Nov
0,2854,0,0,631,11/1/2020,2020,Nov
1,1587,0,0,510,11/1/2020,2020,Nov
13,3602,0,0,1023,11/1/2020,2020,Nov
0,0,0,0,0,11/1/2020,2020,Nov
1,1391,0,0,93,11/1/2020,2020,Nov
0,0,0,0,0,11/1/2020,2020,Nov
0,0,0,0,0,11/1/2020,2020,Nov
0,2397,0,0,1261,11/1/2020,2020,Nov
0,0,0,0,0,11/1/2020,2020,Nov
1,3041,0,0,681,11/1/2020,2020,Nov
0,0,0,0,0,11/1/2020,2020,Nov
127,2303,0,0,117,11/1/2020,2020,Nov
5,1354,0,0,272,11/1/2020,2020,Nov
0,1494,0,0,304,11/1/2020,2020,Nov
7,3710,5,0,1150,11/1/2020,2020,Nov
1,1232,0,0,524,10/1/2020,2020,Oct
0,756,0,0,177,10/1/2020,2020,Oct
1,1930,0,0,306,10/1/2020,2020,Oct
0,0,0,0,0,10/1/2020,2020,Oct
0,0,0,0,0,10/1/2020,2020,Oct
0,0,0,0,0,10/1/2020,2020,Oct
0,0,0,0,0,10/1/2020,2020,Oct
84,3862,0,0,780,10/1/2020,2020,Oct
1,2093,0,0,347,10/1/2020,2020,Oct
6,7275,0,0,1542,10/1/2020,2020,Oct
0,0,0,0,0,10/1/2020,2020,Oct
0,4813,0,0,974,10/1/2020,2020,Oct
0,0,0,25,0,10/1/2020,2020,Oct
0,0,0,0,0,10/1/2020,2020,Oct
0,819,0,0,187,10/1/2020,2020,Oct
95,2140,0,0,691,10/1/2020,2020,Oct
20,2126,0,30,623,10/1/2020,2020,Oct
0,0,0,0,0,10/1/2020,2020,Oct
0,2641,0,0,1037,10/1/2020,2020,Oct
0,0,0,0,0,10/1/2020,2020,Oct
0,0,0,0,0,10/1/2020,2020,Oct
0,3389,23,0,364,10/1/2020,2020,Oct
0,0,0,0,0,10/1/2020,2020,Oct
0,3259,862,0,671,10/1/2020,2020,Oct
0,0,0,0,0,10/1/2020,2020,Oct
15,2727,0,0,862,10/1/2020,2020,Oct
111,2464,0,35,499,10/1/2020,2020,Oct
0,0,0,0,0,10/1/2020,2020,Oct
0,2660,0,0,434,10/1/2020,2020,Oct
0,2346,0,0,673,10/1/2020,2020,Oct
0,0,0,0,0,10/1/2020,2020,Oct
0,0,0,0,0,10/1/2020,2020,Oct
0,0,0,29,85,10/1/2020,2020,Oct
0,1621,0,0,659,10/1/2020,2020,Oct
0,3782,0,0,839,10/1/2020,2020,Oct
0,0,0,12,70,10/1/2020,2020,Oct
30,1533,0,0,245,10/1/2020,2020,Oct
0,2832,0,0,290,10/1/2020,2020,Oct
0,0,0,0,0,10/1/2020,2020,Oct
0,0,0,0,0,10/1/2020,2020,Oct
0,2705,0,213,677,10/1/2020,2020,Oct
0,1297,0,0,234,10/1/2020,2020,Oct
0,0,0,3,3,10/1/2020,2020,Oct
0,3194,0,0,341,10/1/2020,2020,Oct
0,0,0,0,0,10/1/2020,2020,Oct
1,954,0,0,162,10/1/2020,2020,Oct
2,4537,0,351,1195,10/1/2020,2020,Oct
8,3977,0,12,723,10/1/2020,2020,Oct
0,0,0,0,0,10/1/2020,2020,Oct
0,4639,0,216,1650,10/1/2020,2020,Oct
0,3593,0,0,570,10/1/2020,2020,Oct
0,0,0,0,0,10/1/2020,2020,Oct
9,2496,5,0,129,10/1/2020,2020,Oct
0,0,0,0,0,10/1/2020,2020,Oct
0,0,0,0,0,10/1/2020,2020,Oct
0,0,0,0,0,10/1/2020,2020,Oct
0,4374,0,0,960,10/1/2020,2020,Oct
0,0,0,0,0,10/1/2020,2020,Oct
0,1744,0,0,233,10/1/2020,2020,Oct
0,1365,0,0,77,10/1/2020,2020,Oct
0,0,0,0,10,10/1/2020,2020,Oct
0,4206,0,0,613,10/1/2020,2020,Oct
0,0,0,0,0,10/1/2020,2020,Oct
2,2005,0,0,1220,10/1/2020,2020,Oct
0,3050,0,0,746,10/1/2020,2020,Oct
3,3274,0,0,790,10/1/2020,2020,Oct
0,1031,0,0,391,10/1/2020,2020,Oct
0,0,0,0,0,10/1/2020,2020,Oct
0,0,0,0,0,10/1/2020,2020,Oct
0,0,0,0,0,10/1/2020,2020,Oct
0,0,0,0,0,10/1/2020,2020,Oct
0,0,0,0,0,10/1/2020,2020,Oct
0,1395,0,0,150,10/1/2020,2020,Oct
0,0,0,0,0,10/1/2020,2020,Oct
0,2583,0,0,1186,10/1/2020,2020,Oct
0,0,0,0,0,10/1/2020,2020,Oct
23,2594,1,0,954,10/1/2020,2020,Oct
0,966,0,0,230,10/1/2020,2020,Oct
4,1366,0,0,386,10/1/2020,2020,Oct
0,0,0,0,0,10/1/2020,2020,Oct
0,1934,0,0,273,10/1/2020,2020,Oct
53,3980,0,0,488,10/1/2020,2020,Oct
0,2298,0,192,358,10/1/2020,2020,Oct
19,2122,0,234,1115,10/1/2020,2020,Oct
0,0,0,0,0,10/1/2020,2020,Oct
0,4325,0,0,1008,10/1/2020,2020,Oct
49,4641,0,0,938,10/1/2020,2020,Oct
0,0,0,3,0,10/1/2020,2020,Oct
0,0,0,0,176,10/1/2020,2020,Oct
7,5478,0,0,1483,10/1/2020,2020,Oct
0,0,65,0,17,10/1/2020,2020,Oct
0,0,0,0,0,10/1/2020,2020,Oct
0,0,0,0,0,10/1/2020,2020,Oct
7,5512,0,0,1404,10/1/2020,2020,Oct
0,0,0,0,0,10/1/2020,2020,Oct
0,4165,0,0,364,10/1/2020,2020,Oct
0,5651,61,35,815,10/1/2020,2020,Oct
0,0,0,0,0,10/1/2020,2020,Oct
0,0,0,0,0,10/1/2020,2020,Oct
0,2499,0,0,1187,10/1/2020,2020,Oct
0,0,0,0,0,10/1/2020,2020,Oct
0,0,0,0,97,10/1/2020,2020,Oct
0,8823,0,430,1375,10/1/2020,2020,Oct
0,2313,0,0,822,10/1/2020,2020,Oct
2,3519,0,110,579,10/1/2020,2020,Oct
0,1584,0,0,508,10/1/2020,2020,Oct
0,0,0,0,0,10/1/2020,2020,Oct
0,0,0,0,77,10/1/2020,2020,Oct
5,2981,0,0,1405,10/1/2020,2020,Oct
12,3076,0,0,1435,10/1/2020,2020,Oct
23,1985,0,0,643,10/1/2020,2020,Oct
0,0,0,0,0,10/1/2020,2020,Oct
3,1899,0,0,174,10/1/2020,2020,Oct
0,1307,0,345,1606,10/1/2020,2020,Oct
2,3379,0,0,1180,10/1/2020,2020,Oct
0,0,0,0,0,10/1/2020,2020,Oct
0,2026,0,0,1096,10/1/2020,2020,Oct
6,1097,0,0,397,10/1/2020,2020,Oct
4,3126,0,0,313,10/1/2020,2020,Oct
0,4889,0,14,732,10/1/2020,2020,Oct
0,0,0,0,0,10/1/2020,2020,Oct
1,4470,0,0,2905,10/1/2020,2020,Oct
0,0,0,0,0,10/1/2020,2020,Oct
0,0,0,0,0,10/1/2020,2020,Oct
0,0,0,0,0,10/1/2020,2020,Oct
0,0,0,0,0,10/1/2020,2020,Oct
0,0,0,0,0,10/1/2020,2020,Oct
0,3202,93,12,3437,10/1/2020,2020,Oct
0,0,0,0,0,10/1/2020,2020,Oct
200,5636,0,108,994,10/1/2020,2020,Oct
0,0,0,0,0,10/1/2020,2020,Oct
0,3440,0,44,1692,10/1/2020,2020,Oct
0,0,0,0,0,10/1/2020,2020,Oct
0,0,0,0,0,10/1/2020,2020,Oct
0,0,0,0,0,10/1/2020,2020,Oct
0,0,0,5,565,10/1/2020,2020,Oct
0,0,0,0,0,10/1/2020,2020,Oct
0,2842,0,0,622,10/1/2020,2020,Oct
0,0,0,0,253,10/1/2020,2020,Oct
38,2078,0,25,995,10/1/2020,2020,Oct
4,2063,0,3,1533,10/1/2020,2020,Oct
6,3839,0,0,462,10/1/2020,2020,Oct
0,0,0,0,26,10/1/2020,2020,Oct
0,2322,0,0,369,10/1/2020,2020,Oct
0,2415,0,13,1297,10/1/2020,2020,Oct
1,2378,0,0,379,10/1/2020,2020,Oct
0,1161,0,0,747,10/1/2020,2020,Oct
3,2918,26,0,510,10/1/2020,2020,Oct
0,569,0,0,206,10/1/2020,2020,Oct
1,2900,0,0,2350,10/1/2020,2020,Oct
0,3065,0,7,385,10/1/2020,2020,Oct
0,0,0,0,11,10/1/2020,2020,Oct
0,0,0,0,0,10/1/2020,2020,Oct
0,0,0,0,0,10/1/2020,2020,Oct
0,0,0,0,11,10/1/2020,2020,Oct
0,1810,0,0,1018,10/1/2020,2020,Oct
0,0,0,0,0,10/1/2020,2020,Oct
8,1865,0,56,1645,10/1/2020,2020,Oct
0,3796,20,0,1308,10/1/2020,2020,Oct
0,1752,0,0,592,10/1/2020,2020,Oct
0,0,0,0,142,10/1/2020,2020,Oct
0,0,0,0,0,10/1/2020,2020,Oct
0,0,0,3,145,10/1/2020,2020,Oct
8,1730,0,0,66,10/1/2020,2020,Oct
7,3184,0,0,881,10/1/2020,2020,Oct
0,4035,0,0,343,10/1/2020,2020,Oct
0,0,0,0,0,10/1/2020,2020,Oct
32,2102,0,0,533,10/1/2020,2020,Oct
0,0,0,0,0,10/1/2020,2020,Oct
0,2638,0,0,463,10/1/2020,2020,Oct
0,0,0,2,0,10/1/2020,2020,Oct
1,2115,0,0,258,10/1/2020,2020,Oct
0,0,0,0,0,10/1/2020,2020,Oct
0,0,0,0,482,10/1/2020,2020,Oct
2,2175,0,0,793,10/1/2020,2020,Oct
8,1445,0,0,496,10/1/2020,2020,Oct
0,3025,7,0,2264,10/1/2020,2020,Oct
0,0,0,0,0,10/1/2020,2020,Oct
1,2755,0,0,646,10/1/2020,2020,Oct
6,2262,0,0,591,10/1/2020,2020,Oct
0,0,0,0,20,10/1/2020,2020,Oct
0,2378,0,0,345,10/1/2020,2020,Oct
5,2674,0,0,847,10/1/2020,2020,Oct
13,2787,0,8,1290,10/1/2020,2020,Oct
0,0,0,0,151,10/1/2020,2020,Oct
0,0,0,0,0,10/1/2020,2020,Oct
1,2116,0,0,897,10/1/2020,2020,Oct
2,3580,0,0,1033,10/1/2020,2020,Oct
5,1400,0,0,445,10/1/2020,2020,Oct
1,3316,11,0,1439,10/1/2020,2020,Oct
49,10274,0,0,2940,10/1/2020,2020,Oct
87,3946,4,0,832,10/1/2020,2020,Oct
0,2573,80,71,2547,10/1/2020,2020,Oct
0,4206,6,0,1915,10/1/2020,2020,Oct
7,4116,0,26,1283,10/1/2020,2020,Oct
3,4235,3,0,3090,10/1/2020,2020,Oct
51,2058,0,30,795,10/1/2020,2020,Oct
8,5011,0,0,1894,10/1/2020,2020,Oct
30,2839,0,812,0,10/1/2020,2020,Oct
0,0,0,0,0,10/1/2020,2020,Oct
1,2599,0,0,838,10/1/2020,2020,Oct
0,1940,0,0,167,10/1/2020,2020,Oct
0,2980,0,0,747,10/1/2020,2020,Oct
0,1721,0,0,477,10/1/2020,2020,Oct
10,3816,0,0,1009,10/1/2020,2020,Oct
0,0,0,0,0,10/1/2020,2020,Oct
0,1293,0,0,62,10/1/2020,2020,Oct
0,0,0,0,0,10/1/2020,2020,Oct
0,0,0,0,0,10/1/2020,2020,Oct
0,2383,0,0,1265,10/1/2020,2020,Oct
0,0,0,0,0,10/1/2020,2020,Oct
0,3226,0,0,774,10/1/2020,2020,Oct
0,0,0,0,0,10/1/2020,2020,Oct
47,2396,0,0,79,10/1/2020,2020,Oct
13,1508,0,0,240,10/1/2020,2020,Oct
0,1583,0,0,310,10/1/2020,2020,Oct
0,3980,3,0,1167,10/1/2020,2020,Oct
0,1306,0,0,397,9/1/2020,2020,Sep
0,801,0,0,163,9/1/2020,2020,Sep
9,1901,0,0,301,9/1/2020,2020,Sep
0,0,0,0,0,9/1/2020,2020,Sep
0,0,0,0,0,9/1/2020,2020,Sep
0,0,0,0,0,9/1/2020,2020,Sep
0,0,0,0,0,9/1/2020,2020,Sep
13,3951,0,0,743,9/1/2020,2020,Sep
2,2190,0,0,318,9/1/2020,2020,Sep
12,7502,0,0,1707,9/1/2020,2020,Sep
0,0,0,0,0,9/1/2020,2020,Sep
0,5045,0,0,989,9/1/2020,2020,Sep
0,0,0,35,0,9/1/2020,2020,Sep
0,0,0,0,0,9/1/2020,2020,Sep
0,885,0,0,191,9/1/2020,2020,Sep
1,2130,0,0,788,9/1/2020,2020,Sep
14,2039,0,34,555,9/1/2020,2020,Sep
0,0,0,0,0,9/1/2020,2020,Sep
0,2567,0,0,1088,9/1/2020,2020,Sep
0,0,0,0,0,9/1/2020,2020,Sep
0,0,0,0,0,9/1/2020,2020,Sep
0,3512,22,0,373,9/1/2020,2020,Sep
0,0,0,0,0,9/1/2020,2020,Sep
0,3079,744,0,638,9/1/2020,2020,Sep
0,0,0,0,0,9/1/2020,2020,Sep
0,2556,0,0,894,9/1/2020,2020,Sep
9,2530,0,0,0,9/1/2020,2020,Sep
0,0,0,0,0,9/1/2020,2020,Sep
0,2540,0,0,363,9/1/2020,2020,Sep
0,2244,0,0,576,9/1/2020,2020,Sep
0,0,0,0,0,9/1/2020,2020,Sep
0,0,0,0,0,9/1/2020,2020,Sep
0,0,0,31,81,9/1/2020,2020,Sep
0,1684,0,0,749,9/1/2020,2020,Sep
0,3604,0,0,903,9/1/2020,2020,Sep
0,0,0,11,92,9/1/2020,2020,Sep
30,1507,0,0,198,9/1/2020,2020,Sep
0,2778,0,0,202,9/1/2020,2020,Sep
0,0,0,0,0,9/1/2020,2020,Sep
0,0,0,0,0,9/1/2020,2020,Sep
0,3242,0,261,758,9/1/2020,2020,Sep
0,1323,0,0,254,9/1/2020,2020,Sep
0,0,0,5,3,9/1/2020,2020,Sep
0,3072,0,0,318,9/1/2020,2020,Sep
0,0,0,0,0,9/1/2020,2020,Sep
0,1035,0,0,152,9/1/2020,2020,Sep
0,4405,0,399,1163,9/1/2020,2020,Sep
2,3970,0,6,902,9/1/2020,2020,Sep
0,0,0,0,0,9/1/2020,2020,Sep
0,4484,0,233,1571,9/1/2020,2020,Sep
0,3437,0,0,513,9/1/2020,2020,Sep
0,0,0,0,0,9/1/2020,2020,Sep
7,2387,5,0,153,9/1/2020,2020,Sep
0,0,0,0,0,9/1/2020,2020,Sep
0,0,0,0,0,9/1/2020,2020,Sep
0,0,0,0,0,9/1/2020,2020,Sep
0,4435,0,0,1006,9/1/2020,2020,Sep
0,0,0,0,0,9/1/2020,2020,Sep
0,1711,0,0,263,9/1/2020,2020,Sep
0,1336,0,0,67,9/1/2020,2020,Sep
0,0,0,0,4,9/1/2020,2020,Sep
0,4175,0,0,590,9/1/2020,2020,Sep
0,0,0,0,0,9/1/2020,2020,Sep
5,1933,0,0,1203,9/1/2020,2020,Sep
0,3166,0,0,728,9/1/2020,2020,Sep
0,3079,0,0,904,9/1/2020,2020,Sep
0,1007,0,0,340,9/1/2020,2020,Sep
0,0,0,0,4,9/1/2020,2020,Sep
0,0,0,0,0,9/1/2020,2020,Sep
0,0,0,0,0,9/1/2020,2020,Sep
0,0,0,0,0,9/1/2020,2020,Sep
0,0,0,0,0,9/1/2020,2020,Sep
0,1371,0,0,164,9/1/2020,2020,Sep
0,0,0,0,0,9/1/2020,2020,Sep
0,2560,0,0,1175,9/1/2020,2020,Sep
0,0,0,0,0,9/1/2020,2020,Sep
11,2500,0,0,846,9/1/2020,2020,Sep
0,1015,0,0,230,9/1/2020,2020,Sep
0,1441,0,0,445,9/1/2020,2020,Sep
0,0,0,0,0,9/1/2020,2020,Sep
0,1991,0,0,232,9/1/2020,2020,Sep
34,4047,0,0,481,9/1/2020,2020,Sep
0,2250,0,190,355,9/1/2020,2020,Sep
5,2064,0,239,1077,9/1/2020,2020,Sep
0,0,0,0,0,9/1/2020,2020,Sep
0,4011,0,0,987,9/1/2020,2020,Sep
49,4500,0,0,875,9/1/2020,2020,Sep
0,0,0,4,1,9/1/2020,2020,Sep
0,0,0,0,176,9/1/2020,2020,Sep
0,5889,0,0,1587,9/1/2020,2020,Sep
0,0,66,0,18,9/1/2020,2020,Sep
0,0,0,0,0,9/1/2020,2020,Sep
0,0,0,0,0,9/1/2020,2020,Sep
6,5201,0,0,1216,9/1/2020,2020,Sep
0,0,0,0,0,9/1/2020,2020,Sep
0,4178,0,0,347,9/1/2020,2020,Sep
0,5701,110,74,781,9/1/2020,2020,Sep
0,0,0,0,0,9/1/2020,2020,Sep
0,0,0,0,0,9/1/2020,2020,Sep
0,2349,0,0,1239,9/1/2020,2020,Sep
0,0,0,0,0,9/1/2020,2020,Sep
0,0,0,0,102,9/1/2020,2020,Sep
0,8652,0,421,1369,9/1/2020,2020,Sep
0,2361,0,0,678,9/1/2020,2020,Sep
2,3471,0,132,626,9/1/2020,2020,Sep
0,1562,0,0,543,9/1/2020,2020,Sep
0,0,0,0,0,9/1/2020,2020,Sep
0,0,0,0,115,9/1/2020,2020,Sep
5,2896,0,0,1410,9/1/2020,2020,Sep
0,3007,0,0,1349,9/1/2020,2020,Sep
0,2072,0,0,646,9/1/2020,2020,Sep
0,0,0,0,0,9/1/2020,2020,Sep
2,1885,0,0,159,9/1/2020,2020,Sep
0,1317,0,307,1017,9/1/2020,2020,Sep
0,3512,0,0,1292,9/1/2020,2020,Sep
0,0,0,0,0,9/1/2020,2020,Sep
0,2132,0,0,1138,9/1/2020,2020,Sep
3,1170,0,0,291,9/1/2020,2020,Sep
0,3006,0,0,370,9/1/2020,2020,Sep
0,4704,0,16,708,9/1/2020,2020,Sep
0,0,0,0,0,9/1/2020,2020,Sep
0,4571,0,0,2934,9/1/2020,2020,Sep
0,0,0,0,0,9/1/2020,2020,Sep
0,0,0,0,0,9/1/2020,2020,Sep
0,0,0,0,0,9/1/2020,2020,Sep
0,0,0,0,0,9/1/2020,2020,Sep
0,0,0,0,0,9/1/2020,2020,Sep
0,3117,98,14,3296,9/1/2020,2020,Sep
0,0,0,0,0,9/1/2020,2020,Sep
37,5862,0,130,982,9/1/2020,2020,Sep
0,0,0,0,0,9/1/2020,2020,Sep
0,1554,0,0,1270,9/1/2020,2020,Sep
0,3376,0,37,1762,9/1/2020,2020,Sep
0,0,0,0,0,9/1/2020,2020,Sep
0,0,0,11,507,9/1/2020,2020,Sep
0,0,0,0,0,9/1/2020,2020,Sep
0,2798,0,0,535,9/1/2020,2020,Sep
0,0,0,0,289,9/1/2020,2020,Sep
14,2056,0,24,1008,9/1/2020,2020,Sep
1,2104,0,0,1655,9/1/2020,2020,Sep
8,3611,0,0,822,9/1/2020,2020,Sep
0,0,0,0,26,9/1/2020,2020,Sep
0,2226,0,0,420,9/1/2020,2020,Sep
0,2380,0,4,1273,9/1/2020,2020,Sep
0,2389,0,0,479,9/1/2020,2020,Sep
1,1211,0,0,781,9/1/2020,2020,Sep
0,2919,21,0,451,9/1/2020,2020,Sep
0,580,0,0,209,9/1/2020,2020,Sep
1,2650,0,0,2458,9/1/2020,2020,Sep
0,2957,0,10,371,9/1/2020,2020,Sep
4,2718,0,3,1270,9/1/2020,2020,Sep
0,0,0,0,15,9/1/2020,2020,Sep
0,0,0,0,0,9/1/2020,2020,Sep
0,0,0,0,0,9/1/2020,2020,Sep
0,0,0,0,4,9/1/2020,2020,Sep
0,1815,0,0,1111,9/1/2020,2020,Sep
0,0,0,0,0,9/1/2020,2020,Sep
0,1964,0,59,1665,9/1/2020,2020,Sep
0,3756,22,0,1201,9/1/2020,2020,Sep
0,1755,0,0,512,9/1/2020,2020,Sep
0,0,0,0,146,9/1/2020,2020,Sep
0,0,0,0,0,9/1/2020,2020,Sep
0,0,0,0,0,9/1/2020,2020,Sep
0,0,0,2,173,9/1/2020,2020,Sep
0,1978,0,0,89,9/1/2020,2020,Sep
1,3095,0,0,922,9/1/2020,2020,Sep
0,4058,0,0,332,9/1/2020,2020,Sep
0,0,0,0,0,9/1/2020,2020,Sep
0,0,0,0,0,9/1/2020,2020,Sep
3,2182,0,0,564,9/1/2020,2020,Sep
0,0,0,0,0,9/1/2020,2020,Sep
0,2452,0,0,457,9/1/2020,2020,Sep
1,0,0,2,0,9/1/2020,2020,Sep
0,2146,0,0,273,9/1/2020,2020,Sep
0,0,0,0,0,9/1/2020,2020,Sep
0,0,0,0,434,9/1/2020,2020,Sep
0,2252,0,0,823,9/1/2020,2020,Sep
6,1488,0,0,431,9/1/2020,2020,Sep
0,3175,16,1,2249,9/1/2020,2020,Sep
0,0,0,0,0,9/1/2020,2020,Sep
3,2514,0,0,616,9/1/2020,2020,Sep
5,2237,0,0,541,9/1/2020,2020,Sep
0,0,0,0,26,9/1/2020,2020,Sep
0,2665,0,0,377,9/1/2020,2020,Sep
0,2513,0,0,615,9/1/2020,2020,Sep
1,2569,0,0,834,9/1/2020,2020,Sep
0,0,0,0,161,9/1/2020,2020,Sep
0,0,0,0,0,9/1/2020,2020,Sep
0,2228,0,0,804,9/1/2020,2020,Sep
0,3512,0,0,1048,9/1/2020,2020,Sep
1,1336,0,0,448,9/1/2020,2020,Sep
0,3426,13,0,1367,9/1/2020,2020,Sep
2,10349,0,0,3077,9/1/2020,2020,Sep
6,4012,12,0,846,9/1/2020,2020,Sep
0,2739,69,5,2450,9/1/2020,2020,Sep
1,4141,0,83,1555,9/1/2020,2020,Sep
0,4087,3,0,3031,9/1/2020,2020,Sep
1,2161,0,30,846,9/1/2020,2020,Sep
0,4746,0,0,1943,9/1/2020,2020,Sep
15,2776,0,869,0,9/1/2020,2020,Sep
0,0,0,0,0,9/1/2020,2020,Sep
1,2463,0,0,787,9/1/2020,2020,Sep
0,1942,0,0,160,9/1/2020,2020,Sep
0,2961,0,0,617,9/1/2020,2020,Sep
0,1693,0,0,517,9/1/2020,2020,Sep
7,3734,0,0,978,9/1/2020,2020,Sep
0,0,0,0,0,9/1/2020,2020,Sep
0,1235,0,0,66,9/1/2020,2020,Sep
0,0,0,0,0,9/1/2020,2020,Sep
0,0,0,0,0,9/1/2020,2020,Sep
0,2403,0,0,1250,9/1/2020,2020,Sep
0,0,0,0,0,9/1/2020,2020,Sep
4,3167,0,0,770,9/1/2020,2020,Sep
0,0,0,0,0,9/1/2020,2020,Sep
0,2755,0,0,134,9/1/2020,2020,Sep
1,1450,0,0,253,9/1/2020,2020,Sep
0,1427,0,0,441,9/1/2020,2020,Sep
0,3906,7,0,1253,9/1/2020,2020,Sep
0,1393,0,0,468,4/1/2021,2021,Apr
0,914,0,0,260,4/1/2021,2021,Apr
5,2036,0,0,402,4/1/2021,2021,Apr
0,0,0,0,0,4/1/2021,2021,Apr
0,0,0,0,0,4/1/2021,2021,Apr
0,0,0,0,0,4/1/2021,2021,Apr
0,0,0,0,0,4/1/2021,2021,Apr
40,4085,0,0,817,4/1/2021,2021,Apr
0,2407,0,0,331,4/1/2021,2021,Apr
4,7625,0,0,1723,4/1/2021,2021,Apr
0,0,0,0,0,4/1/2021,2021,Apr
0,4652,0,0,1502,4/1/2021,2021,Apr
0,0,0,27,0,4/1/2021,2021,Apr
0,0,0,0,0,4/1/2021,2021,Apr
0,790,0,0,162,4/1/2021,2021,Apr
36,2544,0,0,830,4/1/2021,2021,Apr
9,2252,0,27,606,4/1/2021,2021,Apr
0,0,0,0,0,4/1/2021,2021,Apr
0,2553,0,0,1223,4/1/2021,2021,Apr
0,0,0,0,0,4/1/2021,2021,Apr
0,0,0,0,0,4/1/2021,2021,Apr
0,0,0,0,0,4/1/2021,2021,Apr
0,3384,823,0,715,4/1/2021,2021,Apr
0,2861,0,0,959,4/1/2021,2021,Apr
1,2784,0,33,538,4/1/2021,2021,Apr
0,0,0,0,0,4/1/2021,2021,Apr
2,2455,0,0,319,4/1/2021,2021,Apr
0,2508,0,0,526,4/1/2021,2021,Apr
0,0,0,0,0,4/1/2021,2021,Apr
0,0,0,27,123,4/1/2021,2021,Apr
0,2316,0,0,634,4/1/2021,2021,Apr
0,4806,0,0,906,4/1/2021,2021,Apr
0,0,0,6,62,4/1/2021,2021,Apr
11,1497,0,0,275,4/1/2021,2021,Apr
0,2933,0,0,317,4/1/2021,2021,Apr
0,0,0,0,0,4/1/2021,2021,Apr
0,0,0,0,0,4/1/2021,2021,Apr
0,3262,0,327,786,4/1/2021,2021,Apr
0,1401,0,0,388,4/1/2021,2021,Apr
0,0,0,2,2,4/1/2021,2021,Apr
0,2880,0,0,285,4/1/2021,2021,Apr
0,0,0,0,0,4/1/2021,2021,Apr
8,955,0,0,114,4/1/2021,2021,Apr
0,5218,0,446,1070,4/1/2021,2021,Apr
6,4523,0,12,730,4/1/2021,2021,Apr
0,0,0,0,0,4/1/2021,2021,Apr
0,4691,0,192,1590,4/1/2021,2021,Apr
0,3782,0,0,603,4/1/2021,2021,Apr
0,0,0,0,0,4/1/2021,2021,Apr
7,2004,14,0,103,4/1/2021,2021,Apr
0,0,0,0,0,4/1/2021,2021,Apr
0,0,0,0,0,4/1/2021,2021,Apr
0,0,0,0,0,4/1/2021,2021,Apr
0,4765,0,0,1214,4/1/2021,2021,Apr
0,1737,0,0,228,4/1/2021,2021,Apr
0,1351,0,0,203,4/1/2021,2021,Apr
0,0,0,0,13,4/1/2021,2021,Apr
1,3580,0,0,1120,4/1/2021,2021,Apr
0,0,0,0,0,4/1/2021,2021,Apr
0,2295,0,0,1323,4/1/2021,2021,Apr
19,3278,0,0,984,4/1/2021,2021,Apr
0,3704,0,0,1159,4/1/2021,2021,Apr
0,1133,0,0,298,4/1/2021,2021,Apr
0,0,0,1,0,4/1/2021,2021,Apr
0,0,0,0,0,4/1/2021,2021,Apr
0,0,0,0,0,4/1/2021,2021,Apr
0,0,0,0,0,4/1/2021,2021,Apr
1,1440,0,0,138,4/1/2021,2021,Apr
0,0,0,0,0,4/1/2021,2021,Apr
0,2399,0,0,1212,4/1/2021,2021,Apr
0,0,0,0,0,4/1/2021,2021,Apr
7,2655,0,0,993,4/1/2021,2021,Apr
1,1008,0,0,229,4/1/2021,2021,Apr
7,1508,0,0,388,4/1/2021,2021,Apr
0,0,0,0,0,4/1/2021,2021,Apr
0,2062,0,0,323,4/1/2021,2021,Apr
36,3885,0,0,473,4/1/2021,2021,Apr
0,2343,0,244,463,4/1/2021,2021,Apr
30,2418,0,314,953,4/1/2021,2021,Apr
0,0,0,0,0,4/1/2021,2021,Apr
0,3992,0,0,978,4/1/2021,2021,Apr
34,4777,0,0,846,4/1/2021,2021,Apr
0,0,0,2,0,4/1/2021,2021,Apr
0,0,0,0,191,4/1/2021,2021,Apr
0,6468,0,0,2390,4/1/2021,2021,Apr
0,0,81,0,16,4/1/2021,2021,Apr
0,0,0,0,0,4/1/2021,2021,Apr
0,0,0,0,0,4/1/2021,2021,Apr
2,6235,0,0,1618,4/1/2021,2021,Apr
0,0,0,0,0,4/1/2021,2021,Apr
0,4369,0,0,545,4/1/2021,2021,Apr
0,7765,27,12,1137,4/1/2021,2021,Apr
0,0,0,0,0,4/1/2021,2021,Apr
0,0,0,0,0,4/1/2021,2021,Apr
2,2529,0,0,1225,4/1/2021,2021,Apr
0,0,0,0,0,4/1/2021,2021,Apr
0,0,0,0,150,4/1/2021,2021,Apr
0,8910,0,426,1285,4/1/2021,2021,Apr
0,2523,0,0,776,4/1/2021,2021,Apr
0,3539,0,116,576,4/1/2021,2021,Apr
0,1494,0,0,493,4/1/2021,2021,Apr
0,0,0,0,0,4/1/2021,2021,Apr
0,0,20,0,116,4/1/2021,2021,Apr
11,3070,0,0,1536,4/1/2021,2021,Apr
6,3173,0,0,1609,4/1/2021,2021,Apr
0,2268,0,0,716,4/1/2021,2021,Apr
0,0,0,0,0,4/1/2021,2021,Apr
16,1793,0,0,271,4/1/2021,2021,Apr
0,1308,0,434,1867,4/1/2021,2021,Apr
0,3820,0,0,1214,4/1/2021,2021,Apr
0,0,0,0,0,4/1/2021,2021,Apr
0,2098,0,0,1313,4/1/2021,2021,Apr
2,1143,0,504,0,4/1/2021,2021,Apr
0,3219,0,0,365,4/1/2021,2021,Apr
0,4907,0,20,792,4/1/2021,2021,Apr
0,0,0,0,0,4/1/2021,2021,Apr
0,4859,0,0,2746,4/1/2021,2021,Apr
0,0,0,0,0,4/1/2021,2021,Apr
0,0,0,0,0,4/1/2021,2021,Apr
0,0,0,0,0,4/1/2021,2021,Apr
0,0,0,0,0,4/1/2021,2021,Apr
0,0,0,0,0,4/1/2021,2021,Apr
0,3411,98,11,3630,4/1/2021,2021,Apr
0,0,0,0,0,4/1/2021,2021,Apr
21,3841,0,69,1057,4/1/2021,2021,Apr
0,0,0,0,0,4/1/2021,2021,Apr
0,3469,0,34,1462,4/1/2021,2021,Apr
0,0,0,0,0,4/1/2021,2021,Apr
0,0,0,0,0,4/1/2021,2021,Apr
0,0,0,0,0,4/1/2021,2021,Apr
0,0,0,5,547,4/1/2021,2021,Apr
0,0,0,0,0,4/1/2021,2021,Apr
0,2670,2,0,666,4/1/2021,2021,Apr
25,2234,0,29,969,4/1/2021,2021,Apr
8,2096,0,0,1610,4/1/2021,2021,Apr
23,4742,0,0,516,4/1/2021,2021,Apr
0,0,0,0,28,4/1/2021,2021,Apr
0,2444,0,0,501,4/1/2021,2021,Apr
0,2443,0,9,1260,4/1/2021,2021,Apr
0,2639,0,0,407,4/1/2021,2021,Apr
0,1299,0,0,738,4/1/2021,2021,Apr
0,2831,0,0,461,4/1/2021,2021,Apr
0,515,0,0,221,4/1/2021,2021,Apr
3,2955,0,0,2515,4/1/2021,2021,Apr
1,3064,0,5,389,4/1/2021,2021,Apr
0,0,0,0,10,4/1/2021,2021,Apr
0,0,0,0,0,4/1/2021,2021,Apr
0,0,0,0,0,4/1/2021,2021,Apr
0,0,0,0,5,4/1/2021,2021,Apr
0,1879,0,0,1118,4/1/2021,2021,Apr
0,0,0,0,0,4/1/2021,2021,Apr
0,2045,0,101,1916,4/1/2021,2021,Apr
0,3651,28,0,1427,4/1/2021,2021,Apr
0,1849,0,0,711,4/1/2021,2021,Apr
0,0,0,0,159,4/1/2021,2021,Apr
0,0,0,0,0,4/1/2021,2021,Apr
0,0,0,4,169,4/1/2021,2021,Apr
0,2285,0,0,104,4/1/2021,2021,Apr
1,2638,0,0,825,4/1/2021,2021,Apr
0,4543,0,0,306,4/1/2021,2021,Apr
0,2730,0,0,651,4/1/2021,2021,Apr
0,0,0,0,0,4/1/2021,2021,Apr
0,2541,0,0,418,4/1/2021,2021,Apr
0,0,0,1,0,4/1/2021,2021,Apr
0,2132,0,0,374,4/1/2021,2021,Apr
0,0,0,0,0,4/1/2021,2021,Apr
0,0,0,0,505,4/1/2021,2021,Apr
0,2364,0,0,839,4/1/2021,2021,Apr
1,1469,0,0,555,4/1/2021,2021,Apr
1,3770,10,5,2228,4/1/2021,2021,Apr
0,0,0,0,0,4/1/2021,2021,Apr
1,2369,0,0,733,4/1/2021,2021,Apr
3,2352,0,0,534,4/1/2021,2021,Apr
0,0,0,0,25,4/1/2021,2021,Apr
0,2471,0,0,416,4/1/2021,2021,Apr
2,3610,0,0,682,4/1/2021,2021,Apr
12,2869,0,45,1723,4/1/2021,2021,Apr
0,0,0,0,173,4/1/2021,2021,Apr
0,0,0,0,0,4/1/2021,2021,Apr
2,2198,0,0,1052,4/1/2021,2021,Apr
2,3338,0,0,1005,4/1/2021,2021,Apr
3,1345,0,0,386,4/1/2021,2021,Apr
1,3308,9,0,1420,4/1/2021,2021,Apr
1,10971,0,0,3701,4/1/2021,2021,Apr
71,3790,13,0,625,4/1/2021,2021,Apr
0,2606,92,85,2601,4/1/2021,2021,Apr
0,4281,8,0,2051,4/1/2021,2021,Apr
1,4589,0,167,1501,4/1/2021,2021,Apr
0,4411,1,0,2984,4/1/2021,2021,Apr
4,2181,0,30,888,4/1/2021,2021,Apr
0,5630,0,0,2061,4/1/2021,2021,Apr
13,2604,0,897,0,4/1/2021,2021,Apr
11,7195,34,598,1434,4/1/2021,2021,Apr
0,0,0,0,0,4/1/2021,2021,Apr
2,2736,0,0,761,4/1/2021,2021,Apr
0,1982,0,0,167,4/1/2021,2021,Apr
0,3139,0,0,794,4/1/2021,2021,Apr
0,1659,0,0,653,4/1/2021,2021,Apr
0,0,0,0,0,4/1/2021,2021,Apr
1,1436,0,0,74,4/1/2021,2021,Apr
0,0,0,0,0,4/1/2021,2021,Apr
0,0,0,0,0,4/1/2021,2021,Apr
0,2744,0,0,1412,4/1/2021,2021,Apr
0,0,0,0,0,4/1/2021,2021,Apr
0,3368,0,0,1118,4/1/2021,2021,Apr
0,0,0,0,0,4/1/2021,2021,Apr
4,3217,0,0,227,4/1/2021,2021,Apr
0,1520,0,0,213,4/1/2021,2021,Apr
0,1788,0,0,273,4/1/2021,2021,Apr
4,4161,1,0,1148,4/1/2021,2021,Apr
0,1529,0,0,461,8/1/2021,2021,Aug
0,825,0,0,249,8/1/2021,2021,Aug
6,2077,0,0,321,8/1/2021,2021,Aug
0,0,0,0,0,8/1/2021,2021,Aug
0,0,0,0,0,8/1/2021,2021,Aug
0,0,0,0,0,8/1/2021,2021,Aug
0,0,0,0,0,8/1/2021,2021,Aug
399,4254,0,0,659,8/1/2021,2021,Aug
0,2542,0,0,384,8/1/2021,2021,Aug
59,5645,0,0,1300,8/1/2021,2021,Aug
0,0,0,0,0,8/1/2021,2021,Aug
0,3887,0,0,1569,8/1/2021,2021,Aug
0,0,0,45,0,8/1/2021,2021,Aug
0,0,0,0,0,8/1/2021,2021,Aug
0,905,0,0,151,8/1/2021,2021,Aug
61,2788,0,0,666,8/1/2021,2021,Aug
19,2271,0,41,620,8/1/2021,2021,Aug
0,2389,0,0,1220,8/1/2021,2021,Aug
0,0,0,0,0,8/1/2021,2021,Aug
0,0,0,0,0,8/1/2021,2021,Aug
0,0,0,0,0,8/1/2021,2021,Aug
0,3254,867,0,683,8/1/2021,2021,Aug
0,3064,0,0,701,8/1/2021,2021,Aug
82,2627,0,49,566,8/1/2021,2021,Aug
0,0,0,0,0,8/1/2021,2021,Aug
1,2412,0,0,337,8/1/2021,2021,Aug
0,2356,0,0,460,8/1/2021,2021,Aug
0,0,0,0,0,8/1/2021,2021,Aug
0,0,0,0,0,8/1/2021,2021,Aug
0,0,0,29,84,8/1/2021,2021,Aug
0,1759,0,0,792,8/1/2021,2021,Aug
6,5213,0,0,816,8/1/2021,2021,Aug
0,0,0,13,70,8/1/2021,2021,Aug
17,1594,0,0,282,8/1/2021,2021,Aug
0,2957,0,0,342,8/1/2021,2021,Aug
0,0,0,0,0,8/1/2021,2021,Aug
0,0,0,0,0,8/1/2021,2021,Aug
0,2837,0,500,666,8/1/2021,2021,Aug
0,1444,0,0,366,8/1/2021,2021,Aug
0,0,0,4,4,8/1/2021,2021,Aug
0,2735,0,0,259,8/1/2021,2021,Aug
0,0,0,0,0,8/1/2021,2021,Aug
13,965,0,0,163,8/1/2021,2021,Aug
12,4894,0,587,1066,8/1/2021,2021,Aug
19,4291,0,15,711,8/1/2021,2021,Aug
0,0,0,0,0,8/1/2021,2021,Aug
1,4645,0,227,1230,8/1/2021,2021,Aug
0,3479,0,0,486,8/1/2021,2021,Aug
0,0,0,0,0,8/1/2021,2021,Aug
18,2106,6,0,134,8/1/2021,2021,Aug
0,0,0,0,0,8/1/2021,2021,Aug
0,0,0,0,0,8/1/2021,2021,Aug
0,0,0,0,0,8/1/2021,2021,Aug
0,5173,0,0,1116,8/1/2021,2021,Aug
0,0,0,0,0,8/1/2021,2021,Aug
5,1702,0,0,255,8/1/2021,2021,Aug
0,1460,0,0,208,8/1/2021,2021,Aug
0,0,0,0,5,8/1/2021,2021,Aug
2,4103,0,0,1177,8/1/2021,2021,Aug
0,0,0,0,0,8/1/2021,2021,Aug
2,2305,0,0,1315,8/1/2021,2021,Aug
24,3496,0,0,868,8/1/2021,2021,Aug
0,3522,0,0,1085,8/1/2021,2021,Aug
0,1106,0,0,343,8/1/2021,2021,Aug
0,0,0,0,0,8/1/2021,2021,Aug
0,0,0,0,0,8/1/2021,2021,Aug
0,0,0,0,0,8/1/2021,2021,Aug
0,0,0,0,0,8/1/2021,2021,Aug
2,1548,0,0,118,8/1/2021,2021,Aug
0,0,0,0,0,8/1/2021,2021,Aug
1,2565,0,0,1275,8/1/2021,2021,Aug
0,0,0,0,0,8/1/2021,2021,Aug
22,2820,1,0,1019,8/1/2021,2021,Aug
4,1093,0,0,191,8/1/2021,2021,Aug
110,1595,0,0,389,8/1/2021,2021,Aug
0,0,0,0,0,8/1/2021,2021,Aug
0,2135,0,0,374,8/1/2021,2021,Aug
38,3925,0,0,669,8/1/2021,2021,Aug
0,2517,0,236,391,8/1/2021,2021,Aug
57,2416,0,417,1233,8/1/2021,2021,Aug
0,0,0,0,0,8/1/2021,2021,Aug
1,4019,0,0,958,8/1/2021,2021,Aug
38,4174,0,0,796,8/1/2021,2021,Aug
0,0,0,0,0,8/1/2021,2021,Aug
0,0,0,0,188,8/1/2021,2021,Aug
0,4906,0,0,1635,8/1/2021,2021,Aug
0,0,102,0,12,8/1/2021,2021,Aug
0,0,0,0,0,8/1/2021,2021,Aug
0,0,0,0,0,8/1/2021,2021,Aug
8,5872,0,0,1361,8/1/2021,2021,Aug
0,0,0,0,0,8/1/2021,2021,Aug
0,4648,0,0,658,8/1/2021,2021,Aug
2,8004,27,12,1442,8/1/2021,2021,Aug
0,0,0,0,0,8/1/2021,2021,Aug
0,0,0,0,0,8/1/2021,2021,Aug
5,2447,0,0,1132,8/1/2021,2021,Aug
0,0,0,0,0,8/1/2021,2021,Aug
0,0,0,0,151,8/1/2021,2021,Aug
0,8713,0,354,1300,8/1/2021,2021,Aug
1,2464,0,0,812,8/1/2021,2021,Aug
1,3789,0,156,804,8/1/2021,2021,Aug
0,1725,0,0,438,8/1/2021,2021,Aug
0,0,0,0,0,8/1/2021,2021,Aug
0,0,20,0,149,8/1/2021,2021,Aug
10,2713,0,0,1226,8/1/2021,2021,Aug
14,3045,0,0,1511,8/1/2021,2021,Aug
5,2240,0,0,722,8/1/2021,2021,Aug
0,0,0,0,0,8/1/2021,2021,Aug
37,1938,0,0,174,8/1/2021,2021,Aug
4,1315,0,514,1871,8/1/2021,2021,Aug
35,3301,0,79,1380,8/1/2021,2021,Aug
0,2066,0,0,1403,8/1/2021,2021,Aug
1,1213,0,0,547,8/1/2021,2021,Aug
72,3379,0,0,519,8/1/2021,2021,Aug
0,4960,0,32,799,8/1/2021,2021,Aug
0,0,0,0,0,8/1/2021,2021,Aug
134,4681,0,0,2878,8/1/2021,2021,Aug
0,0,0,0,0,8/1/2021,2021,Aug
0,0,0,0,0,8/1/2021,2021,Aug
0,0,0,0,0,8/1/2021,2021,Aug
0,0,0,0,0,8/1/2021,2021,Aug
0,0,0,0,0,8/1/2021,2021,Aug
0,3491,112,12,3457,8/1/2021,2021,Aug
0,0,0,0,0,8/1/2021,2021,Aug
231,4138,0,62,1152,8/1/2021,2021,Aug
0,0,0,0,0,8/1/2021,2021,Aug
0,3810,0,66,1246,8/1/2021,2021,Aug
0,0,0,0,0,8/1/2021,2021,Aug
0,0,0,0,0,8/1/2021,2021,Aug
0,0,0,0,0,8/1/2021,2021,Aug
0,0,0,9,515,8/1/2021,2021,Aug
0,0,0,0,0,8/1/2021,2021,Aug
0,2740,0,0,842,8/1/2021,2021,Aug
85,2327,0,24,790,8/1/2021,2021,Aug
6,2256,0,0,1572,8/1/2021,2021,Aug
32,3860,0,0,401,8/1/2021,2021,Aug
0,0,0,0,39,8/1/2021,2021,Aug
0,2442,0,6,480,8/1/2021,2021,Aug
0,2319,0,5,1405,8/1/2021,2021,Aug
1,2558,0,0,353,8/1/2021,2021,Aug
0,1211,0,0,743,8/1/2021,2021,Aug
5,3113,0,0,435,8/1/2021,2021,Aug
0,544,0,0,285,8/1/2021,2021,Aug
2,2962,0,0,2521,8/1/2021,2021,Aug
1,3374,0,10,355,8/1/2021,2021,Aug
0,0,0,0,4,8/1/2021,2021,Aug
0,0,0,0,0,8/1/2021,2021,Aug
0,0,0,0,0,8/1/2021,2021,Aug
0,0,0,0,5,8/1/2021,2021,Aug
2,1915,0,0,1087,8/1/2021,2021,Aug
0,0,0,0,0,8/1/2021,2021,Aug
5,2195,0,127,1867,8/1/2021,2021,Aug
0,4116,15,0,1289,8/1/2021,2021,Aug
0,1941,0,0,581,8/1/2021,2021,Aug
0,0,0,0,143,8/1/2021,2021,Aug
0,0,0,0,0,8/1/2021,2021,Aug
0,0,0,4,168,8/1/2021,2021,Aug
14,2211,0,0,112,8/1/2021,2021,Aug
11,2692,0,0,763,8/1/2021,2021,Aug
0,3950,0,0,305,8/1/2021,2021,Aug
1,2792,0,0,583,8/1/2021,2021,Aug
0,0,0,0,0,8/1/2021,2021,Aug
0,2555,0,0,395,8/1/2021,2021,Aug
0,0,0,3,0,8/1/2021,2021,Aug
1,2080,0,0,362,8/1/2021,2021,Aug
0,0,0,0,0,8/1/2021,2021,Aug
0,0,0,0,525,8/1/2021,2021,Aug
5,2220,0,0,790,8/1/2021,2021,Aug
4,1559,0,0,476,8/1/2021,2021,Aug
1,3488,13,7,2147,8/1/2021,2021,Aug
0,0,0,0,0,8/1/2021,2021,Aug
13,2198,0,0,691,8/1/2021,2021,Aug
9,2421,0,0,442,8/1/2021,2021,Aug
0,0,0,0,8,8/1/2021,2021,Aug
0,2518,0,0,445,8/1/2021,2021,Aug
2,5519,0,0,735,8/1/2021,2021,Aug
69,2876,0,61,1780,8/1/2021,2021,Aug
0,0,0,0,165,8/1/2021,2021,Aug
0,0,0,0,0,8/1/2021,2021,Aug
188,1861,0,0,1115,8/1/2021,2021,Aug
12,3582,0,0,919,8/1/2021,2021,Aug
5,1506,0,0,328,8/1/2021,2021,Aug
0,3362,14,0,1440,8/1/2021,2021,Aug
15,10307,0,0,3480,8/1/2021,2021,Aug
257,3975,6,0,571,8/1/2021,2021,Aug
0,3017,101,16,2211,8/1/2021,2021,Aug
0,4211,5,0,1905,8/1/2021,2021,Aug
7,4508,0,301,1672,8/1/2021,2021,Aug
35,4769,2,0,2943,8/1/2021,2021,Aug
96,2313,0,20,798,8/1/2021,2021,Aug
7,5310,0,0,2039,8/1/2021,2021,Aug
91,2526,0,923,0,8/1/2021,2021,Aug
22,6632,32,589,1407,8/1/2021,2021,Aug
0,0,0,0,0,8/1/2021,2021,Aug
4,2813,0,0,711,8/1/2021,2021,Aug
1,1950,0,0,190,8/1/2021,2021,Aug
0,3294,0,0,679,8/1/2021,2021,Aug
9,1797,0,0,450,8/1/2021,2021,Aug
0,0,0,0,0,8/1/2021,2021,Aug
3,1164,0,0,62,8/1/2021,2021,Aug
0,0,0,0,0,8/1/2021,2021,Aug
0,0,0,0,0,8/1/2021,2021,Aug
7,2420,0,0,1470,8/1/2021,2021,Aug
0,0,0,0,0,8/1/2021,2021,Aug
82,3380,0,0,1176,8/1/2021,2021,Aug
0,0,0,0,0,8/1/2021,2021,Aug
35,2517,0,0,405,8/1/2021,2021,Aug
20,1401,0,0,346,8/1/2021,2021,Aug
0,1913,0,0,300,8/1/2021,2021,Aug
43,4155,2,0,1304,8/1/2021,2021,Aug
0,1503,0,0,533,12/1/2021,2021,Dec
0,997,0,0,221,12/1/2021,2021,Dec
4,2122,0,0,311,12/1/2021,2021,Dec
0,0,0,0,0,12/1/2021,2021,Dec
0,0,0,0,0,12/1/2021,2021,Dec
0,0,0,0,0,12/1/2021,2021,Dec
0,0,0,0,0,12/1/2021,2021,Dec
808,3894,0,0,543,12/1/2021,2021,Dec
1,2609,0,0,441,12/1/2021,2021,Dec
390,5240,0,0,1369,12/1/2021,2021,Dec
0,0,0,0,0,12/1/2021,2021,Dec
0,4282,0,0,1430,12/1/2021,2021,Dec
0,0,0,25,0,12/1/2021,2021,Dec
0,0,0,0,0,12/1/2021,2021,Dec
0,1048,0,0,168,12/1/2021,2021,Dec
717,2648,0,0,799,12/1/2021,2021,Dec
144,2129,0,35,665,12/1/2021,2021,Dec
0,0,0,1598,0,12/1/2021,2021,Dec
1,2396,0,28,722,12/1/2021,2021,Dec
0,0,0,0,0,12/1/2021,2021,Dec
0,0,0,0,0,12/1/2021,2021,Dec
0,0,0,0,0,12/1/2021,2021,Dec
0,3316,719,0,717,12/1/2021,2021,Dec
2,3068,0,0,813,12/1/2021,2021,Dec
41,2783,0,21,587,12/1/2021,2021,Dec
0,0,0,0,0,12/1/2021,2021,Dec
4,2558,0,0,311,12/1/2021,2021,Dec
0,2188,0,434,563,12/1/2021,2021,Dec
0,0,0,0,0,12/1/2021,2021,Dec
0,0,0,31,57,12/1/2021,2021,Dec
219,1685,0,0,751,12/1/2021,2021,Dec
51,5615,0,0,937,12/1/2021,2021,Dec
0,0,0,8,49,12/1/2021,2021,Dec
56,1132,0,0,301,12/1/2021,2021,Dec
0,2771,0,0,396,12/1/2021,2021,Dec
0,0,0,0,0,12/1/2021,2021,Dec
0,0,0,0,0,12/1/2021,2021,Dec
46,2822,0,431,668,12/1/2021,2021,Dec
1,1445,0,0,351,12/1/2021,2021,Dec
0,0,0,0,0,12/1/2021,2021,Dec
15,2677,0,0,207,12/1/2021,2021,Dec
0,0,0,0,0,12/1/2021,2021,Dec
24,1008,0,0,137,12/1/2021,2021,Dec
225,4419,0,446,1304,12/1/2021,2021,Dec
116,4286,0,13,855,12/1/2021,2021,Dec
0,0,0,0,0,12/1/2021,2021,Dec
4,4493,0,238,1201,12/1/2021,2021,Dec
0,3590,0,0,646,12/1/2021,2021,Dec
80,2099,6,0,147,12/1/2021,2021,Dec
0,0,0,0,0,12/1/2021,2021,Dec
0,0,0,0,0,12/1/2021,2021,Dec
0,0,0,0,0,12/1/2021,2021,Dec
0,4730,0,0,997,12/1/2021,2021,Dec
0,1819,0,0,664,12/1/2021,2021,Dec
0,1411,0,0,85,12/1/2021,2021,Dec
0,0,0,0,1,12/1/2021,2021,Dec
556,3078,0,0,964,12/1/2021,2021,Dec
0,0,0,0,0,12/1/2021,2021,Dec
39,2057,0,0,1525,12/1/2021,2021,Dec
26,3202,0,0,815,12/1/2021,2021,Dec
2,3417,0,0,943,12/1/2021,2021,Dec
23,1119,0,0,344,12/1/2021,2021,Dec
0,0,0,1,0,12/1/2021,2021,Dec
0,0,0,0,0,12/1/2021,2021,Dec
0,0,0,0,0,12/1/2021,2021,Dec
0,0,0,0,0,12/1/2021,2021,Dec
5,1743,0,0,177,12/1/2021,2021,Dec
0,0,0,0,0,12/1/2021,2021,Dec
2,2567,0,0,1285,12/1/2021,2021,Dec
0,0,0,0,0,12/1/2021,2021,Dec
81,2765,0,0,1078,12/1/2021,2021,Dec
28,1023,0,0,131,12/1/2021,2021,Dec
297,1472,0,0,392,12/1/2021,2021,Dec
0,0,0,0,0,12/1/2021,2021,Dec
0,2399,0,0,440,12/1/2021,2021,Dec
187,3870,0,0,755,12/1/2021,2021,Dec
54,2297,0,231,456,12/1/2021,2021,Dec
100,2410,0,368,1072,12/1/2021,2021,Dec
0,0,0,0,0,12/1/2021,2021,Dec
63,4134,0,0,964,12/1/2021,2021,Dec
152,3756,0,0,860,12/1/2021,2021,Dec
0,0,0,0,0,12/1/2021,2021,Dec
0,0,0,0,232,12/1/2021,2021,Dec
0,5089,0,0,1522,12/1/2021,2021,Dec
0,0,79,0,15,12/1/2021,2021,Dec
0,0,0,0,0,12/1/2021,2021,Dec
0,0,0,0,0,12/1/2021,2021,Dec
29,5690,0,0,1436,12/1/2021,2021,Dec
0,0,0,0,0,12/1/2021,2021,Dec
24,4401,0,0,873,12/1/2021,2021,Dec
32,8514,47,8,1651,12/1/2021,2021,Dec
0,0,0,0,0,12/1/2021,2021,Dec
0,0,0,0,0,12/1/2021,2021,Dec
40,2384,0,0,1037,12/1/2021,2021,Dec
0,0,0,0,0,12/1/2021,2021,Dec
0,0,0,0,118,12/1/2021,2021,Dec
1,8305,0,282,1149,12/1/2021,2021,Dec
47,2640,0,0,790,12/1/2021,2021,Dec
0,3817,0,156,906,12/1/2021,2021,Dec
0,1839,0,0,515,12/1/2021,2021,Dec
0,0,0,0,0,12/1/2021,2021,Dec
0,0,14,0,164,12/1/2021,2021,Dec
206,2396,0,0,1427,12/1/2021,2021,Dec
20,3100,0,0,1674,12/1/2021,2021,Dec
96,2272,0,0,750,12/1/2021,2021,Dec
0,0,0,0,0,12/1/2021,2021,Dec
160,1867,0,0,291,12/1/2021,2021,Dec
13,1443,0,537,1957,12/1/2021,2021,Dec
129,3302,0,128,1529,12/1/2021,2021,Dec
207,1977,0,0,1387,12/1/2021,2021,Dec
473,6004,0,100,1402,12/1/2021,2021,Dec
1,1176,0,0,421,12/1/2021,2021,Dec
165,3680,0,0,512,12/1/2021,2021,Dec
0,5025,0,37,807,12/1/2021,2021,Dec
0,0,0,0,0,12/1/2021,2021,Dec
362,4021,0,0,3042,12/1/2021,2021,Dec
0,0,0,0,0,12/1/2021,2021,Dec
0,0,0,0,0,12/1/2021,2021,Dec
0,0,0,0,0,12/1/2021,2021,Dec
0,0,0,0,0,12/1/2021,2021,Dec
0,0,0,0,0,12/1/2021,2021,Dec
0,3594,91,8,3682,12/1/2021,2021,Dec
0,0,0,0,0,12/1/2021,2021,Dec
0,0,0,0,0,12/1/2021,2021,Dec
0,3257,0,0,2350,12/1/2021,2021,Dec
0,0,0,0,0,12/1/2021,2021,Dec
0,0,0,0,0,12/1/2021,2021,Dec
0,0,0,0,0,12/1/2021,2021,Dec
0,0,0,6,476,12/1/2021,2021,Dec
0,0,0,0,0,12/1/2021,2021,Dec
0,2828,0,0,920,12/1/2021,2021,Dec
611,1990,0,14,921,12/1/2021,2021,Dec
18,2348,0,0,1611,12/1/2021,2021,Dec
189,3387,0,0,507,12/1/2021,2021,Dec
0,0,0,0,22,12/1/2021,2021,Dec
0,2298,0,4,558,12/1/2021,2021,Dec
0,2304,0,3,1409,12/1/2021,2021,Dec
0,1294,0,0,663,12/1/2021,2021,Dec
24,3074,0,0,459,12/1/2021,2021,Dec
0,771,0,0,218,12/1/2021,2021,Dec
11,3064,0,0,2262,12/1/2021,2021,Dec
56,3376,0,15,345,12/1/2021,2021,Dec
0,0,0,0,4,12/1/2021,2021,Dec
0,0,0,0,0,12/1/2021,2021,Dec
0,0,0,0,0,12/1/2021,2021,Dec
0,0,0,0,3,12/1/2021,2021,Dec
27,1847,0,0,1234,12/1/2021,2021,Dec
0,0,0,0,0,12/1/2021,2021,Dec
19,2184,0,114,1711,12/1/2021,2021,Dec
0,4426,33,0,1089,12/1/2021,2021,Dec
0,1808,0,0,665,12/1/2021,2021,Dec
0,0,0,0,127,12/1/2021,2021,Dec
0,0,0,0,0,12/1/2021,2021,Dec
0,0,0,3,157,12/1/2021,2021,Dec
85,2076,0,0,114,12/1/2021,2021,Dec
158,2580,717,0,0,12/1/2021,2021,Dec
0,4106,0,0,299,12/1/2021,2021,Dec
13,2709,0,0,674,12/1/2021,2021,Dec
0,0,0,0,0,12/1/2021,2021,Dec
0,2568,0,0,429,12/1/2021,2021,Dec
0,0,0,0,0,12/1/2021,2021,Dec
15,1871,0,0,452,12/1/2021,2021,Dec
0,0,0,0,0,12/1/2021,2021,Dec
0,0,0,0,533,12/1/2021,2021,Dec
28,2528,0,0,1447,12/1/2021,2021,Dec
10,1484,0,0,476,12/1/2021,2021,Dec
0,3376,11,1,2195,12/1/2021,2021,Dec
0,0,0,0,0,12/1/2021,2021,Dec
197,2000,0,0,806,12/1/2021,2021,Dec
107,2454,0,0,465,12/1/2021,2021,Dec
0,0,0,0,16,12/1/2021,2021,Dec
0,2505,0,0,431,12/1/2021,2021,Dec
53,5221,0,0,777,12/1/2021,2021,Dec
322,2746,0,51,1690,12/1/2021,2021,Dec
0,0,0,0,158,12/1/2021,2021,Dec
0,0,0,0,0,12/1/2021,2021,Dec
162,1726,0,0,1023,12/1/2021,2021,Dec
330,3793,0,0,951,12/1/2021,2021,Dec
25,1469,0,0,338,12/1/2021,2021,Dec
0,3204,16,0,1307,12/1/2021,2021,Dec
134,9384,0,0,3857,12/1/2021,2021,Dec
676,3725,8,0,630,12/1/2021,2021,Dec
1,3055,94,15,2041,12/1/2021,2021,Dec
30,3836,7,0,1910,12/1/2021,2021,Dec
124,4317,0,250,1775,12/1/2021,2021,Dec
582,4342,5,0,3093,12/1/2021,2021,Dec
273,2207,0,19,908,12/1/2021,2021,Dec
609,4951,0,0,2050,12/1/2021,2021,Dec
283,2355,0,935,0,12/1/2021,2021,Dec
219,6220,30,539,1390,12/1/2021,2021,Dec
0,0,0,0,0,12/1/2021,2021,Dec
2,2750,0,0,744,12/1/2021,2021,Dec
24,1955,0,0,182,12/1/2021,2021,Dec
1,3099,0,0,1024,12/1/2021,2021,Dec
44,1799,0,0,494,12/1/2021,2021,Dec
0,0,0,0,0,12/1/2021,2021,Dec
1,1071,0,0,65,12/1/2021,2021,Dec
0,0,0,0,0,12/1/2021,2021,Dec
0,0,0,0,0,12/1/2021,2021,Dec
6,2215,0,0,1520,12/1/2021,2021,Dec
0,0,0,0,0,12/1/2021,2021,Dec
187,3292,0,0,1260,12/1/2021,2021,Dec
0,0,0,0,0,12/1/2021,2021,Dec
112,2157,0,0,355,12/1/2021,2021,Dec
223,1423,0,0,362,12/1/2021,2021,Dec
1,1694,0,0,346,12/1/2021,2021,Dec
298,3803,4,0,1356,12/1/2021,2021,Dec
0,1119,0,0,385,2/1/2021,2021,Feb
0,547,0,0,173,2/1/2021,2021,Feb
6,1626,0,0,382,2/1/2021,2021,Feb
0,0,0,0,0,2/1/2021,2021,Feb
0,0,0,0,0,2/1/2021,2021,Feb
0,0,0,0,0,2/1/2021,2021,Feb
0,0,0,0,0,2/1/2021,2021,Feb
33,3286,0,0,641,2/1/2021,2021,Feb
0,1955,0,0,290,2/1/2021,2021,Feb
11,5831,0,0,1394,2/1/2021,2021,Feb
0,0,0,0,0,2/1/2021,2021,Feb
0,3635,0,0,1092,2/1/2021,2021,Feb
0,0,0,18,0,2/1/2021,2021,Feb
0,0,0,0,0,2/1/2021,2021,Feb
0,633,0,0,147,2/1/2021,2021,Feb
22,2096,0,0,598,2/1/2021,2021,Feb
20,2241,0,22,605,2/1/2021,2021,Feb
0,0,0,0,0,2/1/2021,2021,Feb
0,2270,0,0,681,2/1/2021,2021,Feb
0,0,0,0,0,2/1/2021,2021,Feb
0,0,0,0,0,2/1/2021,2021,Feb
3,2699,23,0,298,2/1/2021,2021,Feb
0,0,0,0,0,2/1/2021,2021,Feb
0,2758,707,0,584,2/1/2021,2021,Feb
0,2366,0,0,790,2/1/2021,2021,Feb
32,2164,0,26,503,2/1/2021,2021,Feb
0,0,0,0,0,2/1/2021,2021,Feb
0,2086,0,0,253,2/1/2021,2021,Feb
0,2130,0,0,482,2/1/2021,2021,Feb
0,0,0,0,0,2/1/2021,2021,Feb
0,0,0,0,0,2/1/2021,2021,Feb
0,0,0,18,108,2/1/2021,2021,Feb
0,1392,0,0,515,2/1/2021,2021,Feb
0,3997,0,0,688,2/1/2021,2021,Feb
0,0,0,19,61,2/1/2021,2021,Feb
8,1253,0,0,250,2/1/2021,2021,Feb
0,2270,0,0,282,2/1/2021,2021,Feb
0,0,0,0,0,2/1/2021,2021,Feb
0,0,0,0,0,2/1/2021,2021,Feb
0,2664,0,311,700,2/1/2021,2021,Feb
0,1179,0,0,344,2/1/2021,2021,Feb
0,0,0,3,4,2/1/2021,2021,Feb
0,2363,0,0,389,2/1/2021,2021,Feb
0,0,0,0,0,2/1/2021,2021,Feb
12,788,0,0,120,2/1/2021,2021,Feb
8,4008,0,384,909,2/1/2021,2021,Feb
2,3600,0,13,676,2/1/2021,2021,Feb
0,0,0,0,0,2/1/2021,2021,Feb
0,4138,0,151,1213,2/1/2021,2021,Feb
0,2984,0,0,479,2/1/2021,2021,Feb
0,0,0,0,0,2/1/2021,2021,Feb
5,1945,2,0,108,2/1/2021,2021,Feb
0,0,0,0,0,2/1/2021,2021,Feb
0,0,0,0,0,2/1/2021,2021,Feb
0,0,0,0,0,2/1/2021,2021,Feb
0,4110,0,0,679,2/1/2021,2021,Feb
0,0,0,0,0,2/1/2021,2021,Feb
0,1527,0,0,210,2/1/2021,2021,Feb
0,1104,0,0,183,2/1/2021,2021,Feb
0,0,0,1,6,2/1/2021,2021,Feb
22,3282,0,0,623,2/1/2021,2021,Feb
0,0,0,0,0,2/1/2021,2021,Feb
0,1931,0,0,1200,2/1/2021,2021,Feb
17,2692,0,0,828,2/1/2021,2021,Feb
0,2971,0,0,916,2/1/2021,2021,Feb
0,981,0,0,302,2/1/2021,2021,Feb
0,0,0,0,3,2/1/2021,2021,Feb
0,0,0,0,0,2/1/2021,2021,Feb
0,0,0,0,0,2/1/2021,2021,Feb
0,0,0,0,0,2/1/2021,2021,Feb
1,1159,0,0,151,2/1/2021,2021,Feb
0,0,0,0,0,2/1/2021,2021,Feb
1,2140,0,0,1033,2/1/2021,2021,Feb
0,0,0,0,0,2/1/2021,2021,Feb
8,2155,1,0,737,2/1/2021,2021,Feb
0,942,0,0,109,2/1/2021,2021,Feb
6,1216,0,0,314,2/1/2021,2021,Feb
0,0,0,0,0,2/1/2021,2021,Feb
0,1734,0,0,308,2/1/2021,2021,Feb
74,3368,0,0,438,2/1/2021,2021,Feb
0,2034,0,100,359,2/1/2021,2021,Feb
7,1926,0,389,961,2/1/2021,2021,Feb
0,0,0,0,0,2/1/2021,2021,Feb
0,3751,0,0,804,2/1/2021,2021,Feb
49,3830,0,0,729,2/1/2021,2021,Feb
0,0,0,0,0,2/1/2021,2021,Feb
0,0,0,0,221,2/1/2021,2021,Feb
0,4812,0,0,1561,2/1/2021,2021,Feb
0,0,100,0,29,2/1/2021,2021,Feb
0,0,0,0,0,2/1/2021,2021,Feb
0,0,0,0,0,2/1/2021,2021,Feb
1,4990,0,0,1091,2/1/2021,2021,Feb
0,0,0,0,0,2/1/2021,2021,Feb
0,3621,0,0,388,2/1/2021,2021,Feb
0,4997,28,10,858,2/1/2021,2021,Feb
0,0,0,0,0,2/1/2021,2021,Feb
0,0,0,0,0,2/1/2021,2021,Feb
5,2152,0,0,944,2/1/2021,2021,Feb
0,0,0,0,0,2/1/2021,2021,Feb
0,0,0,0,127,2/1/2021,2021,Feb
0,7269,0,325,1180,2/1/2021,2021,Feb
0,2135,0,0,697,2/1/2021,2021,Feb
0,3043,0,80,444,2/1/2021,2021,Feb
0,1330,0,0,443,2/1/2021,2021,Feb
0,0,0,0,0,2/1/2021,2021,Feb
0,0,10,0,43,2/1/2021,2021,Feb
7,2603,0,0,1189,2/1/2021,2021,Feb
7,2722,0,0,1430,2/1/2021,2021,Feb
0,1798,0,0,579,2/1/2021,2021,Feb
0,0,0,0,0,2/1/2021,2021,Feb
9,1560,0,0,137,2/1/2021,2021,Feb
0,1016,0,321,1567,2/1/2021,2021,Feb
6,2971,0,0,891,2/1/2021,2021,Feb
0,0,0,0,0,2/1/2021,2021,Feb
0,1806,0,0,933,2/1/2021,2021,Feb
1,943,0,0,357,2/1/2021,2021,Feb
6,2700,0,0,316,2/1/2021,2021,Feb
0,3999,0,36,748,2/1/2021,2021,Feb
0,0,0,0,0,2/1/2021,2021,Feb
27,3941,0,0,3917,2/1/2021,2021,Feb
0,0,0,0,0,2/1/2021,2021,Feb
0,0,0,0,0,2/1/2021,2021,Feb
0,0,0,0,0,2/1/2021,2021,Feb
0,0,0,0,0,2/1/2021,2021,Feb
0,0,0,0,0,2/1/2021,2021,Feb
0,2817,90,7,3151,2/1/2021,2021,Feb
0,0,0,0,0,2/1/2021,2021,Feb
42,4807,0,128,1106,2/1/2021,2021,Feb
0,0,0,0,0,2/1/2021,2021,Feb
0,3024,0,19,1309,2/1/2021,2021,Feb
0,0,0,0,0,2/1/2021,2021,Feb
0,0,0,0,0,2/1/2021,2021,Feb
0,0,0,0,0,2/1/2021,2021,Feb
0,0,0,17,408,2/1/2021,2021,Feb
0,0,0,0,0,2/1/2021,2021,Feb
0,2366,1,0,601,2/1/2021,2021,Feb
38,1818,0,16,858,2/1/2021,2021,Feb
1,1737,0,1,1381,2/1/2021,2021,Feb
11,3276,0,0,484,2/1/2021,2021,Feb
0,0,0,0,21,2/1/2021,2021,Feb
0,1925,0,0,298,2/1/2021,2021,Feb
0,2035,0,7,887,2/1/2021,2021,Feb
0,2286,0,0,303,2/1/2021,2021,Feb
0,1030,0,0,551,2/1/2021,2021,Feb
2,2530,0,0,407,2/1/2021,2021,Feb
0,422,0,0,216,2/1/2021,2021,Feb
0,2534,0,0,2273,2/1/2021,2021,Feb
2,2855,0,9,335,2/1/2021,2021,Feb
0,0,0,0,8,2/1/2021,2021,Feb
0,0,0,0,0,2/1/2021,2021,Feb
0,0,0,0,0,2/1/2021,2021,Feb
0,0,0,0,1,2/1/2021,2021,Feb
0,1547,0,0,1000,2/1/2021,2021,Feb
0,0,0,0,0,2/1/2021,2021,Feb
0,1697,0,53,1601,2/1/2021,2021,Feb
0,3248,26,0,1309,2/1/2021,2021,Feb
0,1453,0,0,570,2/1/2021,2021,Feb
0,0,0,0,140,2/1/2021,2021,Feb
0,0,0,0,0,2/1/2021,2021,Feb
0,0,0,4,145,2/1/2021,2021,Feb
1,1734,0,0,82,2/1/2021,2021,Feb
0,2240,0,0,672,2/1/2021,2021,Feb
0,3779,0,0,258,2/1/2021,2021,Feb
0,0,0,0,0,2/1/2021,2021,Feb
0,2195,0,0,603,2/1/2021,2021,Feb
0,0,0,0,0,2/1/2021,2021,Feb
0,2153,0,0,358,2/1/2021,2021,Feb
0,0,0,2,0,2/1/2021,2021,Feb
0,1757,0,0,243,2/1/2021,2021,Feb
0,0,0,0,0,2/1/2021,2021,Feb
0,0,0,0,430,2/1/2021,2021,Feb
8,2084,0,0,834,2/1/2021,2021,Feb
4,1542,0,0,357,2/1/2021,2021,Feb
0,2824,12,3,1943,2/1/2021,2021,Feb
0,0,0,0,0,2/1/2021,2021,Feb
33,1646,0,0,690,2/1/2021,2021,Feb
2,1971,0,0,418,2/1/2021,2021,Feb
0,0,0,0,16,2/1/2021,2021,Feb
0,2105,0,0,346,2/1/2021,2021,Feb
1,2666,0,0,690,2/1/2021,2021,Feb
98,2503,0,17,1273,2/1/2021,2021,Feb
0,0,0,0,126,2/1/2021,2021,Feb
0,0,0,0,0,2/1/2021,2021,Feb
3,1801,0,0,800,2/1/2021,2021,Feb
8,2768,0,0,911,2/1/2021,2021,Feb
1,1025,0,0,363,2/1/2021,2021,Feb
0,2801,10,0,1188,2/1/2021,2021,Feb
6,8690,0,0,2836,2/1/2021,2021,Feb
195,3263,5,0,580,2/1/2021,2021,Feb
0,2278,77,51,2270,2/1/2021,2021,Feb
0,3366,3,0,1556,2/1/2021,2021,Feb
3,3964,0,180,1165,2/1/2021,2021,Feb
0,3900,6,0,2924,2/1/2021,2021,Feb
0,1688,0,18,777,2/1/2021,2021,Feb
1,4712,0,0,1698,2/1/2021,2021,Feb
75,2242,0,726,0,2/1/2021,2021,Feb
0,0,0,0,0,2/1/2021,2021,Feb
1,2278,0,0,586,2/1/2021,2021,Feb
0,1696,0,0,177,2/1/2021,2021,Feb
0,2434,0,0,466,2/1/2021,2021,Feb
0,1383,0,0,463,2/1/2021,2021,Feb
4,3268,0,0,928,2/1/2021,2021,Feb
0,0,0,0,0,2/1/2021,2021,Feb
3,1281,0,0,56,2/1/2021,2021,Feb
0,0,0,0,0,2/1/2021,2021,Feb
0,0,0,0,0,2/1/2021,2021,Feb
0,2244,0,0,1213,2/1/2021,2021,Feb
0,0,0,0,0,2/1/2021,2021,Feb
12,2947,0,0,921,2/1/2021,2021,Feb
0,0,0,0,0,2/1/2021,2021,Feb
6,2713,0,0,149,2/1/2021,2021,Feb
1,1215,0,0,246,2/1/2021,2021,Feb
0,1384,0,0,240,2/1/2021,2021,Feb
43,3229,0,0,1036,2/1/2021,2021,Feb
0,1274,0,0,375,1/1/2021,2021,Jan
0,558,0,0,196,1/1/2021,2021,Jan
9,1839,0,0,363,1/1/2021,2021,Jan
0,0,0,0,0,1/1/2021,2021,Jan
0,0,0,0,0,1/1/2021,2021,Jan
0,0,0,0,0,1/1/2021,2021,Jan
0,0,0,0,0,1/1/2021,2021,Jan
307,3925,0,0,592,1/1/2021,2021,Jan
0,2067,0,0,319,1/1/2021,2021,Jan
376,5926,0,0,1382,1/1/2021,2021,Jan
0,0,0,0,0,1/1/2021,2021,Jan
1,3895,0,0,1188,1/1/2021,2021,Jan
0,0,0,24,0,1/1/2021,2021,Jan
0,0,0,0,0,1/1/2021,2021,Jan
0,607,0,0,162,1/1/2021,2021,Jan
16,2168,0,0,565,1/1/2021,2021,Jan
13,2212,0,12,606,1/1/2021,2021,Jan
0,0,0,0,0,1/1/2021,2021,Jan
0,2530,0,0,1072,1/1/2021,2021,Jan
0,0,0,0,0,1/1/2021,2021,Jan
0,0,0,0,0,1/1/2021,2021,Jan
9,2851,19,0,231,1/1/2021,2021,Jan
0,0,0,0,0,1/1/2021,2021,Jan
31,2782,706,0,586,1/1/2021,2021,Jan
0,2579,0,0,753,1/1/2021,2021,Jan
50,2444,0,40,487,1/1/2021,2021,Jan
0,0,0,0,0,1/1/2021,2021,Jan
4,2682,0,0,262,1/1/2021,2021,Jan
0,2313,0,0,477,1/1/2021,2021,Jan
0,0,0,0,0,1/1/2021,2021,Jan
0,0,0,0,0,1/1/2021,2021,Jan
0,0,0,20,81,1/1/2021,2021,Jan
0,1604,0,0,517,1/1/2021,2021,Jan
0,4072,0,0,716,1/1/2021,2021,Jan
0,0,0,15,61,1/1/2021,2021,Jan
56,1517,0,0,195,1/1/2021,2021,Jan
0,2217,0,0,272,1/1/2021,2021,Jan
0,0,0,0,0,1/1/2021,2021,Jan
0,0,0,0,0,1/1/2021,2021,Jan
0,2777,0,313,644,1/1/2021,2021,Jan
0,1163,0,0,295,1/1/2021,2021,Jan
0,0,0,2,2,1/1/2021,2021,Jan
1,2463,0,0,440,1/1/2021,2021,Jan
0,0,0,0,0,1/1/2021,2021,Jan
17,887,0,0,129,1/1/2021,2021,Jan
3,3650,0,409,915,1/1/2021,2021,Jan
35,3917,0,18,625,1/1/2021,2021,Jan
0,0,0,0,0,1/1/2021,2021,Jan
0,4401,0,176,1138,1/1/2021,2021,Jan
0,2823,0,0,542,1/1/2021,2021,Jan
0,0,0,0,0,1/1/2021,2021,Jan
40,2445,1,0,121,1/1/2021,2021,Jan
0,0,0,0,0,1/1/2021,2021,Jan
0,0,0,0,0,1/1/2021,2021,Jan
0,0,0,0,0,1/1/2021,2021,Jan
0,4453,0,0,987,1/1/2021,2021,Jan
0,0,0,0,0,1/1/2021,2021,Jan
0,1656,0,0,223,1/1/2021,2021,Jan
0,1241,0,0,176,1/1/2021,2021,Jan
0,0,0,0,3,1/1/2021,2021,Jan
95,3629,0,0,576,1/1/2021,2021,Jan
0,0,0,0,0,1/1/2021,2021,Jan
25,1761,0,0,1232,1/1/2021,2021,Jan
0,3060,0,0,704,1/1/2021,2021,Jan
0,3406,0,0,824,1/1/2021,2021,Jan
0,1011,0,0,286,1/1/2021,2021,Jan
0,0,0,0,3,1/1/2021,2021,Jan
0,0,0,0,0,1/1/2021,2021,Jan
0,0,0,0,0,1/1/2021,2021,Jan
0,0,0,0,0,1/1/2021,2021,Jan
0,0,0,0,0,1/1/2021,2021,Jan
5,1540,0,0,169,1/1/2021,2021,Jan
0,0,0,0,0,1/1/2021,2021,Jan
0,2391,0,0,1068,1/1/2021,2021,Jan
0,0,0,0,0,1/1/2021,2021,Jan
94,2615,0,0,743,1/1/2021,2021,Jan
4,1003,0,0,87,1/1/2021,2021,Jan
11,1374,0,0,336,1/1/2021,2021,Jan
0,0,0,0,0,1/1/2021,2021,Jan
0,1804,0,0,271,1/1/2021,2021,Jan
249,4153,0,0,408,1/1/2021,2021,Jan
20,2249,0,93,304,1/1/2021,2021,Jan
32,2041,0,402,1020,1/1/2021,2021,Jan
0,0,0,0,0,1/1/2021,2021,Jan
0,4165,0,0,825,1/1/2021,2021,Jan
236,3625,0,0,681,1/1/2021,2021,Jan
0,0,0,0,0,1/1/2021,2021,Jan
0,0,0,0,206,1/1/2021,2021,Jan
0,5152,0,0,1428,1/1/2021,2021,Jan
0,0,99,0,19,1/1/2021,2021,Jan
0,0,0,0,0,1/1/2021,2021,Jan
0,0,0,0,0,1/1/2021,2021,Jan
9,5354,0,0,1070,1/1/2021,2021,Jan
0,0,0,0,0,1/1/2021,2021,Jan
17,3504,0,0,413,1/1/2021,2021,Jan
0,5419,35,4,823,1/1/2021,2021,Jan
0,0,0,0,0,1/1/2021,2021,Jan
0,0,0,0,0,1/1/2021,2021,Jan
57,2128,0,0,910,1/1/2021,2021,Jan
0,0,0,0,0,1/1/2021,2021,Jan
0,0,0,0,110,1/1/2021,2021,Jan
0,8096,0,286,1161,1/1/2021,2021,Jan
2,2535,0,0,631,1/1/2021,2021,Jan
0,3284,0,83,482,1/1/2021,2021,Jan
0,1599,0,0,402,1/1/2021,2021,Jan
0,0,0,0,0,1/1/2021,2021,Jan
0,0,2,0,54,1/1/2021,2021,Jan
13,2884,0,0,1068,1/1/2021,2021,Jan
206,3008,0,0,1399,1/1/2021,2021,Jan
28,2055,0,0,507,1/1/2021,2021,Jan
0,0,0,0,0,1/1/2021,2021,Jan
70,2076,0,0,63,1/1/2021,2021,Jan
6,1252,0,349,1587,1/1/2021,2021,Jan
18,3138,0,0,961,1/1/2021,2021,Jan
0,0,0,0,0,1/1/2021,2021,Jan
2,1982,0,0,992,1/1/2021,2021,Jan
4,977,0,0,368,1/1/2021,2021,Jan
4,2896,0,0,277,1/1/2021,2021,Jan
0,4246,0,17,756,1/1/2021,2021,Jan
0,0,0,0,0,1/1/2021,2021,Jan
8,4223,0,0,2871,1/1/2021,2021,Jan
0,0,0,0,0,1/1/2021,2021,Jan
0,0,0,0,0,1/1/2021,2021,Jan
0,0,0,0,0,1/1/2021,2021,Jan
0,0,0,0,0,1/1/2021,2021,Jan
0,0,0,0,0,1/1/2021,2021,Jan
0,2805,81,3,3297,1/1/2021,2021,Jan
0,0,0,0,0,1/1/2021,2021,Jan
187,5130,0,130,1134,1/1/2021,2021,Jan
0,0,0,0,0,1/1/2021,2021,Jan
0,3425,0,15,1230,1/1/2021,2021,Jan
0,0,0,0,0,1/1/2021,2021,Jan
0,0,0,0,0,1/1/2021,2021,Jan
0,0,0,0,0,1/1/2021,2021,Jan
0,0,0,9,390,1/1/2021,2021,Jan
0,0,0,0,0,1/1/2021,2021,Jan
0,2771,0,0,574,1/1/2021,2021,Jan
0,0,0,0,227,1/1/2021,2021,Jan
102,1921,0,12,864,1/1/2021,2021,Jan
1,1787,0,0,1403,1/1/2021,2021,Jan
61,3202,0,0,392,1/1/2021,2021,Jan
0,0,0,0,31,1/1/2021,2021,Jan
0,1940,0,0,379,1/1/2021,2021,Jan
0,2151,0,6,835,1/1/2021,2021,Jan
2,2392,0,0,356,1/1/2021,2021,Jan
0,1136,0,0,572,1/1/2021,2021,Jan
23,3118,0,0,330,1/1/2021,2021,Jan
0,406,0,0,216,1/1/2021,2021,Jan
0,2901,0,0,2245,1/1/2021,2021,Jan
1,2945,0,11,415,1/1/2021,2021,Jan
0,0,0,0,2,1/1/2021,2021,Jan
0,0,0,0,0,1/1/2021,2021,Jan
0,0,0,0,0,1/1/2021,2021,Jan
0,0,0,0,0,1/1/2021,2021,Jan
0,1802,0,0,987,1/1/2021,2021,Jan
0,0,0,0,0,1/1/2021,2021,Jan
0,1834,0,43,1593,1/1/2021,2021,Jan
0,3599,23,0,1178,1/1/2021,2021,Jan
0,1511,0,0,397,1/1/2021,2021,Jan
0,0,0,0,123,1/1/2021,2021,Jan
0,0,0,0,0,1/1/2021,2021,Jan
0,0,0,5,171,1/1/2021,2021,Jan
19,1644,0,0,108,1/1/2021,2021,Jan
0,2531,0,0,698,1/1/2021,2021,Jan
0,4026,0,0,234,1/1/2021,2021,Jan
0,0,0,0,0,1/1/2021,2021,Jan
18,2173,0,0,597,1/1/2021,2021,Jan
0,0,0,0,0,1/1/2021,2021,Jan
0,2484,0,0,269,1/1/2021,2021,Jan
1,0,0,3,0,1/1/2021,2021,Jan
0,1910,0,0,251,1/1/2021,2021,Jan
0,0,0,0,0,1/1/2021,2021,Jan
0,0,0,0,501,1/1/2021,2021,Jan
86,2081,0,0,772,1/1/2021,2021,Jan
12,1630,0,0,341,1/1/2021,2021,Jan
0,2936,12,3,2050,1/1/2021,2021,Jan
0,0,0,0,0,1/1/2021,2021,Jan
75,1670,0,0,610,1/1/2021,2021,Jan
1,2020,0,0,392,1/1/2021,2021,Jan
0,0,0,0,21,1/1/2021,2021,Jan
0,2109,0,0,337,1/1/2021,2021,Jan
25,2925,0,0,609,1/1/2021,2021,Jan
134,2561,0,14,1202,1/1/2021,2021,Jan
0,0,0,0,124,1/1/2021,2021,Jan
0,0,0,0,0,1/1/2021,2021,Jan
2,1925,0,0,788,1/1/2021,2021,Jan
36,3083,0,0,882,1/1/2021,2021,Jan
1,1270,0,0,446,1/1/2021,2021,Jan
0,3228,5,0,1187,1/1/2021,2021,Jan
8,9253,0,0,2971,1/1/2021,2021,Jan
468,3215,3,0,693,1/1/2021,2021,Jan
0,2515,92,65,2277,1/1/2021,2021,Jan
3,3705,3,0,1467,1/1/2021,2021,Jan
1,4465,0,76,1361,1/1/2021,2021,Jan
17,4181,2,0,2851,1/1/2021,2021,Jan
21,1763,0,14,752,1/1/2021,2021,Jan
33,4841,0,0,1648,1/1/2021,2021,Jan
113,2246,0,754,0,1/1/2021,2021,Jan
0,0,0,0,0,1/1/2021,2021,Jan
1,2789,0,0,491,1/1/2021,2021,Jan
0,1897,0,0,158,1/1/2021,2021,Jan
75,2576,0,0,369,1/1/2021,2021,Jan
0,1533,0,0,374,1/1/2021,2021,Jan
10,3723,0,0,828,1/1/2021,2021,Jan
0,0,0,0,0,1/1/2021,2021,Jan
11,1482,0,0,49,1/1/2021,2021,Jan
0,0,0,0,0,1/1/2021,2021,Jan
0,0,0,0,0,1/1/2021,2021,Jan
0,2473,0,0,1265,1/1/2021,2021,Jan
0,0,0,0,0,1/1/2021,2021,Jan
29,3145,0,0,839,1/1/2021,2021,Jan
0,0,0,0,0,1/1/2021,2021,Jan
43,2932,0,0,144,1/1/2021,2021,Jan
1,1188,0,0,228,1/1/2021,2021,Jan
0,1454,0,0,262,1/1/2021,2021,Jan
21,3603,2,0,975,1/1/2021,2021,Jan
0,1634,0,0,556,7/1/2021,2021,Jul
0,983,0,0,219,7/1/2021,2021,Jul
6,2198,0,0,313,7/1/2021,2021,Jul
0,0,0,0,0,7/1/2021,2021,Jul
0,0,0,0,0,7/1/2021,2021,Jul
0,0,0,0,0,7/1/2021,2021,Jul
0,0,0,0,0,7/1/2021,2021,Jul
137,4422,0,0,694,7/1/2021,2021,Jul
0,2472,0,0,431,7/1/2021,2021,Jul
8,7757,0,0,1860,7/1/2021,2021,Jul
0,0,0,0,0,7/1/2021,2021,Jul
0,4858,0,1720,0,7/1/2021,2021,Jul
0,0,0,46,0,7/1/2021,2021,Jul
0,0,0,0,0,7/1/2021,2021,Jul
0,916,0,0,181,7/1/2021,2021,Jul
13,2938,0,0,747,7/1/2021,2021,Jul
53,2361,0,49,783,7/1/2021,2021,Jul
0,0,0,0,0,7/1/2021,2021,Jul
0,2624,0,0,1371,7/1/2021,2021,Jul
0,0,0,0,0,7/1/2021,2021,Jul
0,0,0,0,0,7/1/2021,2021,Jul
0,0,0,0,0,7/1/2021,2021,Jul
0,3803,851,0,728,7/1/2021,2021,Jul
3,3137,0,0,1008,7/1/2021,2021,Jul
132,2627,0,33,536,7/1/2021,2021,Jul
0,0,0,0,0,7/1/2021,2021,Jul
3,2538,0,0,394,7/1/2021,2021,Jul
7,2627,0,0,587,7/1/2021,2021,Jul
0,0,0,0,0,7/1/2021,2021,Jul
0,0,0,0,0,7/1/2021,2021,Jul
0,0,0,48,105,7/1/2021,2021,Jul
0,1771,0,0,776,7/1/2021,2021,Jul
2,5199,0,0,917,7/1/2021,2021,Jul
0,0,0,9,71,7/1/2021,2021,Jul
25,1631,0,0,292,7/1/2021,2021,Jul
0,2953,0,0,366,7/1/2021,2021,Jul
0,0,0,0,0,7/1/2021,2021,Jul
0,0,0,0,0,7/1/2021,2021,Jul
1,3064,0,530,710,7/1/2021,2021,Jul
0,1575,0,0,378,7/1/2021,2021,Jul
0,0,0,2,5,7/1/2021,2021,Jul
2,2859,0,0,316,7/1/2021,2021,Jul
0,0,0,0,0,7/1/2021,2021,Jul
6,984,0,0,156,7/1/2021,2021,Jul
4,5210,0,493,1362,7/1/2021,2021,Jul
8,4434,0,23,846,7/1/2021,2021,Jul
0,0,0,0,0,7/1/2021,2021,Jul
1,4861,0,232,1500,7/1/2021,2021,Jul
0,3770,0,0,573,7/1/2021,2021,Jul
0,0,0,0,0,7/1/2021,2021,Jul
23,2114,8,0,117,7/1/2021,2021,Jul
0,0,0,0,0,7/1/2021,2021,Jul
0,0,0,0,0,7/1/2021,2021,Jul
0,0,0,0,0,7/1/2021,2021,Jul
0,5349,0,0,1056,7/1/2021,2021,Jul
6,0,0,0,0,7/1/2021,2021,Jul
2,1785,0,0,258,7/1/2021,2021,Jul
0,1521,0,0,245,7/1/2021,2021,Jul
0,0,0,0,9,7/1/2021,2021,Jul
11,4272,0,0,1128,7/1/2021,2021,Jul
0,0,0,0,0,7/1/2021,2021,Jul
0,2416,0,0,1422,7/1/2021,2021,Jul
25,3719,0,0,949,7/1/2021,2021,Jul
0,3830,0,0,1119,7/1/2021,2021,Jul
0,1230,0,0,404,7/1/2021,2021,Jul
0,0,0,0,1,7/1/2021,2021,Jul
0,0,0,0,0,7/1/2021,2021,Jul
0,0,0,0,0,7/1/2021,2021,Jul
0,0,0,0,0,7/1/2021,2021,Jul
1,1616,0,0,185,7/1/2021,2021,Jul
0,0,0,0,0,7/1/2021,2021,Jul
0,2729,0,0,1252,7/1/2021,2021,Jul
0,0,0,0,0,7/1/2021,2021,Jul
15,2909,1,0,1065,7/1/2021,2021,Jul
0,1151,0,0,245,7/1/2021,2021,Jul
16,1659,0,0,424,7/1/2021,2021,Jul
0,0,0,0,0,7/1/2021,2021,Jul
0,2334,0,0,472,7/1/2021,2021,Jul
95,4101,0,0,561,7/1/2021,2021,Jul
0,2767,0,266,483,7/1/2021,2021,Jul
45,2481,0,427,1160,7/1/2021,2021,Jul
0,0,0,0,0,7/1/2021,2021,Jul
0,4268,0,0,1109,7/1/2021,2021,Jul
39,4672,0,0,845,7/1/2021,2021,Jul
0,0,0,6,3,7/1/2021,2021,Jul
0,0,0,0,202,7/1/2021,2021,Jul
0,5545,0,0,1940,7/1/2021,2021,Jul
0,0,95,0,19,7/1/2021,2021,Jul
0,0,0,0,0,7/1/2021,2021,Jul
0,0,0,0,0,7/1/2021,2021,Jul
13,6405,0,0,1600,7/1/2021,2021,Jul
0,0,0,0,0,7/1/2021,2021,Jul
0,4313,0,0,691,7/1/2021,2021,Jul
6,8591,32,5,1469,7/1/2021,2021,Jul
0,0,0,0,0,7/1/2021,2021,Jul
0,0,0,0,0,7/1/2021,2021,Jul
3,2558,0,0,1260,7/1/2021,2021,Jul
0,0,0,0,0,7/1/2021,2021,Jul
0,0,0,0,131,7/1/2021,2021,Jul
0,9415,0,378,1379,7/1/2021,2021,Jul
1,2461,0,0,990,7/1/2021,2021,Jul
1,3921,0,138,720,7/1/2021,2021,Jul
0,1778,0,0,511,7/1/2021,2021,Jul
0,0,0,0,0,7/1/2021,2021,Jul
0,0,19,0,153,7/1/2021,2021,Jul
9,2604,0,0,1315,7/1/2021,2021,Jul
97,2994,0,0,1577,7/1/2021,2021,Jul
0,2427,0,0,752,7/1/2021,2021,Jul
0,0,0,0,0,7/1/2021,2021,Jul
26,2106,0,0,328,7/1/2021,2021,Jul
6,1372,0,469,1921,7/1/2021,2021,Jul
13,3536,0,89,1422,7/1/2021,2021,Jul
0,2258,0,0,1501,7/1/2021,2021,Jul
0,1310,0,0,555,7/1/2021,2021,Jul
30,3550,0,0,501,7/1/2021,2021,Jul
0,4952,0,30,804,7/1/2021,2021,Jul
0,0,0,0,0,7/1/2021,2021,Jul
74,5138,0,0,2913,7/1/2021,2021,Jul
0,0,0,0,0,7/1/2021,2021,Jul
0,0,0,0,0,7/1/2021,2021,Jul
0,0,0,0,0,7/1/2021,2021,Jul
0,0,0,0,0,7/1/2021,2021,Jul
0,0,0,0,0,7/1/2021,2021,Jul
0,3603,110,11,3799,7/1/2021,2021,Jul
0,0,0,0,0,7/1/2021,2021,Jul
70,4136,0,64,1154,7/1/2021,2021,Jul
0,0,0,0,0,7/1/2021,2021,Jul
0,3842,0,48,1608,7/1/2021,2021,Jul
0,0,0,0,0,7/1/2021,2021,Jul
0,0,0,0,0,7/1/2021,2021,Jul
0,0,0,0,0,7/1/2021,2021,Jul
0,0,0,4,557,7/1/2021,2021,Jul
0,0,0,0,0,7/1/2021,2021,Jul
0,2793,3,0,873,7/1/2021,2021,Jul
103,2285,0,24,983,7/1/2021,2021,Jul
6,2292,0,0,1661,7/1/2021,2021,Jul
26,4199,0,0,413,7/1/2021,2021,Jul
0,0,0,0,21,7/1/2021,2021,Jul
0,2577,0,2,555,7/1/2021,2021,Jul
0,2319,0,7,1568,7/1/2021,2021,Jul
1,2499,0,0,387,7/1/2021,2021,Jul
0,1269,0,0,749,7/1/2021,2021,Jul
0,3133,0,0,441,7/1/2021,2021,Jul
0,674,0,0,286,7/1/2021,2021,Jul
2,3119,0,0,2542,7/1/2021,2021,Jul
0,3369,0,14,447,7/1/2021,2021,Jul
0,0,0,0,7,7/1/2021,2021,Jul
0,0,0,0,0,7/1/2021,2021,Jul
0,0,0,0,0,7/1/2021,2021,Jul
0,0,0,0,4,7/1/2021,2021,Jul
0,1936,0,0,1101,7/1/2021,2021,Jul
0,0,0,0,0,7/1/2021,2021,Jul
0,2294,0,131,2129,7/1/2021,2021,Jul
0,4518,22,0,1169,7/1/2021,2021,Jul
0,1885,0,0,674,7/1/2021,2021,Jul
0,0,0,0,142,7/1/2021,2021,Jul
0,0,0,0,0,7/1/2021,2021,Jul
0,0,0,5,146,7/1/2021,2021,Jul
6,2384,0,0,126,7/1/2021,2021,Jul
4,2937,0,0,875,7/1/2021,2021,Jul
0,4099,0,0,306,7/1/2021,2021,Jul
0,2935,0,0,575,7/1/2021,2021,Jul
0,0,0,0,0,7/1/2021,2021,Jul
0,2610,0,0,437,7/1/2021,2021,Jul
0,0,0,1,0,7/1/2021,2021,Jul
0,2269,0,0,403,7/1/2021,2021,Jul
0,0,0,0,0,7/1/2021,2021,Jul
0,0,0,0,529,7/1/2021,2021,Jul
54,2359,0,0,868,7/1/2021,2021,Jul
4,1716,0,0,478,7/1/2021,2021,Jul
0,3634,18,8,2371,7/1/2021,2021,Jul
0,0,0,0,0,7/1/2021,2021,Jul
29,2228,0,0,808,7/1/2021,2021,Jul
2,2663,0,0,539,7/1/2021,2021,Jul
0,0,0,0,18,7/1/2021,2021,Jul
0,2594,0,0,487,7/1/2021,2021,Jul
1,5112,0,0,749,7/1/2021,2021,Jul
97,2865,0,60,1908,7/1/2021,2021,Jul
0,0,0,0,169,7/1/2021,2021,Jul
0,0,0,0,0,7/1/2021,2021,Jul
157,2145,0,0,1140,7/1/2021,2021,Jul
9,3817,0,0,996,7/1/2021,2021,Jul
1,1542,0,0,372,7/1/2021,2021,Jul
1,3516,11,0,1483,7/1/2021,2021,Jul
25,10973,0,0,3659,7/1/2021,2021,Jul
255,3952,11,0,660,7/1/2021,2021,Jul
0,3031,95,15,2416,7/1/2021,2021,Jul
0,4364,7,0,2131,7/1/2021,2021,Jul
20,4596,0,195,1788,7/1/2021,2021,Jul
84,4707,2,0,2949,7/1/2021,2021,Jul
33,2411,0,27,937,7/1/2021,2021,Jul
15,5698,0,0,1934,7/1/2021,2021,Jul
79,2678,0,933,0,7/1/2021,2021,Jul
24,7065,38,618,1406,7/1/2021,2021,Jul
0,0,0,0,0,7/1/2021,2021,Jul
3,2780,0,0,764,7/1/2021,2021,Jul
0,2106,0,0,225,7/1/2021,2021,Jul
0,3531,0,0,752,7/1/2021,2021,Jul
3,1851,0,0,447,7/1/2021,2021,Jul
0,0,0,0,0,7/1/2021,2021,Jul
0,1322,0,0,62,7/1/2021,2021,Jul
0,0,0,0,0,7/1/2021,2021,Jul
0,0,0,0,0,7/1/2021,2021,Jul
1,2451,0,0,1554,7/1/2021,2021,Jul
0,0,0,0,0,7/1/2021,2021,Jul
30,3510,0,0,1181,7/1/2021,2021,Jul
0,0,0,0,0,7/1/2021,2021,Jul
28,2838,0,0,317,7/1/2021,2021,Jul
24,1474,0,0,345,7/1/2021,2021,Jul
0,1895,0,0,258,7/1/2021,2021,Jul
43,4322,0,0,1359,7/1/2021,2021,Jul
0,1531,0,0,574,6/1/2021,2021,Jun
0,1026,0,0,233,6/1/2021,2021,Jun
6,2152,0,0,310,6/1/2021,2021,Jun
0,0,0,0,0,6/1/2021,2021,Jun
0,0,0,0,0,6/1/2021,2021,Jun
0,0,0,0,0,6/1/2021,2021,Jun
0,0,0,0,0,6/1/2021,2021,Jun
252,4341,0,0,1031,6/1/2021,2021,Jun
0,2413,0,0,393,6/1/2021,2021,Jun
4,8243,0,0,2049,6/1/2021,2021,Jun
0,0,0,0,0,6/1/2021,2021,Jun
0,4746,0,0,1659,6/1/2021,2021,Jun
0,0,0,26,0,6/1/2021,2021,Jun
0,0,0,0,0,6/1/2021,2021,Jun
0,879,0,0,187,6/1/2021,2021,Jun
29,2767,0,0,746,6/1/2021,2021,Jun
24,2269,0,41,732,6/1/2021,2021,Jun
0,0,0,0,0,6/1/2021,2021,Jun
0,2618,0,0,1341,6/1/2021,2021,Jun
0,0,0,0,0,6/1/2021,2021,Jun
0,0,0,0,0,6/1/2021,2021,Jun
0,0,0,0,0,6/1/2021,2021,Jun
0,3595,947,0,682,6/1/2021,2021,Jun
0,3073,0,0,978,6/1/2021,2021,Jun
41,2739,0,39,572,6/1/2021,2021,Jun
0,0,0,0,0,6/1/2021,2021,Jun
8,2515,0,0,388,6/1/2021,2021,Jun
0,2668,0,0,620,6/1/2021,2021,Jun
1,0,0,0,0,6/1/2021,2021,Jun
0,0,0,0,0,6/1/2021,2021,Jun
0,0,0,35,106,6/1/2021,2021,Jun
0,2038,0,0,732,6/1/2021,2021,Jun
0,5325,0,0,913,6/1/2021,2021,Jun
0,0,0,7,58,6/1/2021,2021,Jun
26,1546,0,0,319,6/1/2021,2021,Jun
0,3168,0,0,337,6/1/2021,2021,Jun
0,0,0,0,0,6/1/2021,2021,Jun
0,0,0,0,0,6/1/2021,2021,Jun
1,3276,0,446,757,6/1/2021,2021,Jun
0,1505,0,0,355,6/1/2021,2021,Jun
0,0,0,5,2,6/1/2021,2021,Jun
1,2973,0,0,323,6/1/2021,2021,Jun
0,0,0,0,0,6/1/2021,2021,Jun
1,1033,0,0,177,6/1/2021,2021,Jun
1,5347,0,514,1242,6/1/2021,2021,Jun
17,4608,0,15,851,6/1/2021,2021,Jun
0,0,0,0,0,6/1/2021,2021,Jun
0,4868,0,241,1557,6/1/2021,2021,Jun
0,3753,0,0,636,6/1/2021,2021,Jun
0,0,0,0,0,6/1/2021,2021,Jun
11,2104,8,0,126,6/1/2021,2021,Jun
0,0,0,0,0,6/1/2021,2021,Jun
0,0,0,0,0,6/1/2021,2021,Jun
0,0,0,0,0,6/1/2021,2021,Jun
0,5240,0,0,1183,6/1/2021,2021,Jun
0,0,0,0,0,6/1/2021,2021,Jun
0,1799,0,0,281,6/1/2021,2021,Jun
0,1471,0,0,245,6/1/2021,2021,Jun
0,0,0,0,11,6/1/2021,2021,Jun
1,4280,0,0,1198,6/1/2021,2021,Jun
0,0,0,0,0,6/1/2021,2021,Jun
0,2529,0,0,1402,6/1/2021,2021,Jun
32,3762,0,0,1094,6/1/2021,2021,Jun
0,3938,0,0,1226,6/1/2021,2021,Jun
0,1231,0,0,330,6/1/2021,2021,Jun
0,1,0,0,0,6/1/2021,2021,Jun
0,0,0,0,0,6/1/2021,2021,Jun
0,0,0,0,0,6/1/2021,2021,Jun
0,0,0,0,0,6/1/2021,2021,Jun
2,1512,0,0,171,6/1/2021,2021,Jun
0,0,0,0,0,6/1/2021,2021,Jun
0,2607,0,0,1340,6/1/2021,2021,Jun
0,0,0,0,0,6/1/2021,2021,Jun
14,2806,0,0,1113,6/1/2021,2021,Jun
0,1168,0,0,287,6/1/2021,2021,Jun
61,1599,0,0,414,6/1/2021,2021,Jun
0,0,0,0,0,6/1/2021,2021,Jun
0,2220,0,0,390,6/1/2021,2021,Jun
63,3782,0,0,526,6/1/2021,2021,Jun
0,2539,0,370,435,6/1/2021,2021,Jun
53,2454,0,351,1219,6/1/2021,2021,Jun
0,0,0,0,0,6/1/2021,2021,Jun
1,4155,0,0,1084,6/1/2021,2021,Jun
51,4798,0,0,860,6/1/2021,2021,Jun
0,0,0,7,0,6/1/2021,2021,Jun
0,0,0,0,240,6/1/2021,2021,Jun
0,5782,0,0,1913,6/1/2021,2021,Jun
0,0,95,0,23,6/1/2021,2021,Jun
0,0,0,0,0,6/1/2021,2021,Jun
0,0,0,0,0,6/1/2021,2021,Jun
10,6603,0,0,1601,6/1/2021,2021,Jun
0,0,0,0,0,6/1/2021,2021,Jun
0,4250,0,0,667,6/1/2021,2021,Jun
0,8750,33,7,1491,6/1/2021,2021,Jun
0,0,0,0,0,6/1/2021,2021,Jun
0,0,0,0,0,6/1/2021,2021,Jun
5,2547,0,0,1265,6/1/2021,2021,Jun
0,0,0,0,0,6/1/2021,2021,Jun
0,0,0,0,151,6/1/2021,2021,Jun
0,9395,0,411,1465,6/1/2021,2021,Jun
2,2394,0,0,965,6/1/2021,2021,Jun
0,3585,0,140,566,6/1/2021,2021,Jun
0,1758,0,0,510,6/1/2021,2021,Jun
0,0,0,0,0,6/1/2021,2021,Jun
0,0,25,0,154,6/1/2021,2021,Jun
7,3403,0,0,1684,6/1/2021,2021,Jun
4,3106,0,0,1651,6/1/2021,2021,Jun
0,2340,0,0,775,6/1/2021,2021,Jun
0,0,0,0,0,6/1/2021,2021,Jun
32,2181,0,0,344,6/1/2021,2021,Jun
0,1363,0,484,2072,6/1/2021,2021,Jun
1,3769,0,0,1547,6/1/2021,2021,Jun
0,2263,0,0,1440,6/1/2021,2021,Jun
1,1200,0,0,581,6/1/2021,2021,Jun
0,3511,0,0,550,6/1/2021,2021,Jun
0,5047,0,30,861,6/1/2021,2021,Jun
0,0,0,0,0,6/1/2021,2021,Jun
0,5084,0,0,2889,6/1/2021,2021,Jun
0,0,0,0,0,6/1/2021,2021,Jun
0,0,0,0,0,6/1/2021,2021,Jun
0,0,0,0,0,6/1/2021,2021,Jun
0,0,0,0,0,6/1/2021,2021,Jun
0,0,0,0,0,6/1/2021,2021,Jun
0,3574,146,11,3922,6/1/2021,2021,Jun
0,0,0,0,0,6/1/2021,2021,Jun
67,3904,0,61,1154,6/1/2021,2021,Jun
0,0,0,0,0,6/1/2021,2021,Jun
0,3743,0,34,1687,6/1/2021,2021,Jun
0,0,0,0,0,6/1/2021,2021,Jun
0,0,0,0,0,6/1/2021,2021,Jun
0,0,0,0,0,6/1/2021,2021,Jun
0,0,0,4,538,6/1/2021,2021,Jun
0,0,0,0,0,6/1/2021,2021,Jun
0,2830,1,0,751,6/1/2021,2021,Jun
24,2281,0,28,1140,6/1/2021,2021,Jun
2,2249,0,0,1662,6/1/2021,2021,Jun
27,4468,0,0,524,6/1/2021,2021,Jun
0,0,0,0,21,6/1/2021,2021,Jun
0,2504,0,0,537,6/1/2021,2021,Jun
0,2371,0,9,1681,6/1/2021,2021,Jun
0,2593,0,0,391,6/1/2021,2021,Jun
0,1349,0,0,782,6/1/2021,2021,Jun
0,2851,0,0,543,6/1/2021,2021,Jun
0,651,0,0,287,6/1/2021,2021,Jun
3,2941,0,0,2666,6/1/2021,2021,Jun
3,3319,0,14,451,6/1/2021,2021,Jun
0,0,0,0,6,6/1/2021,2021,Jun
0,0,0,0,0,6/1/2021,2021,Jun
0,0,0,0,0,6/1/2021,2021,Jun
0,0,0,0,2,6/1/2021,2021,Jun
0,1803,0,0,1144,6/1/2021,2021,Jun
0,0,0,0,0,6/1/2021,2021,Jun
0,2063,0,110,2020,6/1/2021,2021,Jun
0,4099,21,0,1416,6/1/2021,2021,Jun
0,1969,0,0,759,6/1/2021,2021,Jun
0,0,0,0,144,6/1/2021,2021,Jun
0,0,0,0,0,6/1/2021,2021,Jun
0,0,0,5,152,6/1/2021,2021,Jun
7,2437,0,0,120,6/1/2021,2021,Jun
8,2978,0,0,827,6/1/2021,2021,Jun
0,4319,0,0,345,6/1/2021,2021,Jun
0,2921,0,0,648,6/1/2021,2021,Jun
0,0,0,0,0,6/1/2021,2021,Jun
0,2544,0,0,414,6/1/2021,2021,Jun
0,0,0,3,0,6/1/2021,2021,Jun
0,2176,0,0,448,6/1/2021,2021,Jun
0,0,0,0,0,6/1/2021,2021,Jun
0,0,0,0,543,6/1/2021,2021,Jun
0,2304,0,0,895,6/1/2021,2021,Jun
9,1591,0,0,443,6/1/2021,2021,Jun
0,3758,22,8,2341,6/1/2021,2021,Jun
0,0,0,0,0,6/1/2021,2021,Jun
19,2181,0,0,868,6/1/2021,2021,Jun
9,2645,0,0,577,6/1/2021,2021,Jun
0,0,0,0,12,6/1/2021,2021,Jun
0,2561,0,0,638,6/1/2021,2021,Jun
2,3832,0,0,732,6/1/2021,2021,Jun
53,2871,0,36,1834,6/1/2021,2021,Jun
0,0,0,0,190,6/1/2021,2021,Jun
0,0,0,0,0,6/1/2021,2021,Jun
32,2181,0,0,1102,6/1/2021,2021,Jun
1,3682,0,0,1141,6/1/2021,2021,Jun
3,1513,0,0,358,6/1/2021,2021,Jun
0,3290,8,0,1497,6/1/2021,2021,Jun
2,11254,0,0,4051,6/1/2021,2021,Jun
146,3934,5,0,645,6/1/2021,2021,Jun
0,2990,76,17,2544,6/1/2021,2021,Jun
0,4302,5,0,2058,6/1/2021,2021,Jun
4,4619,0,149,1705,6/1/2021,2021,Jun
0,4788,1,0,2841,6/1/2021,2021,Jun
10,2387,0,34,983,6/1/2021,2021,Jun
2,5775,0,0,2289,6/1/2021,2021,Jun
39,2794,0,1003,0,6/1/2021,2021,Jun
8,7232,46,728,1395,6/1/2021,2021,Jun
0,0,0,0,0,6/1/2021,2021,Jun
1,2896,0,0,818,6/1/2021,2021,Jun
0,2029,0,0,222,6/1/2021,2021,Jun
0,3535,0,0,808,6/1/2021,2021,Jun
0,1827,0,0,561,6/1/2021,2021,Jun
0,0,0,0,0,6/1/2021,2021,Jun
0,1332,0,0,80,6/1/2021,2021,Jun
0,0,0,0,0,6/1/2021,2021,Jun
0,0,0,0,0,6/1/2021,2021,Jun
0,2488,0,0,1505,6/1/2021,2021,Jun
0,0,0,0,0,6/1/2021,2021,Jun
21,3463,0,0,1132,6/1/2021,2021,Jun
0,0,0,0,0,6/1/2021,2021,Jun
7,3220,0,0,383,6/1/2021,2021,Jun
4,1350,0,0,280,6/1/2021,2021,Jun
0,1782,0,0,301,6/1/2021,2021,Jun
13,4368,5,0,1329,6/1/2021,2021,Jun
0,1309,0,0,556,3/1/2021,2021,Mar
0,832,0,0,220,3/1/2021,2021,Mar
8,2031,0,0,343,3/1/2021,2021,Mar
0,0,0,0,0,3/1/2021,2021,Mar
0,0,0,0,0,3/1/2021,2021,Mar
0,0,0,0,0,3/1/2021,2021,Mar
0,0,0,0,0,3/1/2021,2021,Mar
47,4120,0,0,777,3/1/2021,2021,Mar
0,2408,0,0,378,3/1/2021,2021,Mar
0,7454,0,0,1772,3/1/2021,2021,Mar
0,0,0,0,0,3/1/2021,2021,Mar
0,4482,0,0,1503,3/1/2021,2021,Mar
0,0,0,41,0,3/1/2021,2021,Mar
0,0,0,0,0,3/1/2021,2021,Mar
0,872,0,0,170,3/1/2021,2021,Mar
9,2421,0,0,757,3/1/2021,2021,Mar
10,2241,0,26,602,3/1/2021,2021,Mar
0,0,0,0,0,3/1/2021,2021,Mar
0,2939,0,0,1396,3/1/2021,2021,Mar
0,0,0,0,0,3/1/2021,2021,Mar
0,0,0,0,0,3/1/2021,2021,Mar
0,2846,31,521,382,3/1/2021,2021,Mar
0,0,0,0,0,3/1/2021,2021,Mar
0,3300,907,0,613,3/1/2021,2021,Mar
0,2746,0,0,1010,3/1/2021,2021,Mar
0,2403,0,22,520,3/1/2021,2021,Mar
0,0,0,0,0,3/1/2021,2021,Mar
1,2299,0,0,354,3/1/2021,2021,Mar
0,2479,0,0,601,3/1/2021,2021,Mar
0,0,0,0,0,3/1/2021,2021,Mar
0,0,0,34,117,3/1/2021,2021,Mar
0,1617,0,0,707,3/1/2021,2021,Mar
0,4707,0,0,955,3/1/2021,2021,Mar
0,0,0,8,74,3/1/2021,2021,Mar
18,1540,0,0,248,3/1/2021,2021,Mar
0,2991,0,0,325,3/1/2021,2021,Mar
0,0,0,0,0,3/1/2021,2021,Mar
0,0,0,0,0,3/1/2021,2021,Mar
0,3387,0,510,830,3/1/2021,2021,Mar
0,1419,0,0,408,3/1/2021,2021,Mar
0,0,0,4,4,3/1/2021,2021,Mar
0,2907,0,0,391,3/1/2021,2021,Mar
0,0,0,0,0,3/1/2021,2021,Mar
0,993,0,0,162,3/1/2021,2021,Mar
14,4944,0,472,1079,3/1/2021,2021,Mar
6,3047,0,11,535,3/1/2021,2021,Mar
0,0,0,0,0,3/1/2021,2021,Mar
0,4584,0,209,1555,3/1/2021,2021,Mar
0,3517,0,0,556,3/1/2021,2021,Mar
0,0,0,0,0,3/1/2021,2021,Mar
7,1904,7,0,117,3/1/2021,2021,Mar
0,0,0,0,0,3/1/2021,2021,Mar
0,0,0,0,0,3/1/2021,2021,Mar
0,0,0,0,0,3/1/2021,2021,Mar
0,4747,0,0,1017,3/1/2021,2021,Mar
0,1736,0,0,246,3/1/2021,2021,Mar
0,1455,0,0,189,3/1/2021,2021,Mar
0,0,0,0,6,3/1/2021,2021,Mar
3,3915,0,0,832,3/1/2021,2021,Mar
0,0,0,0,0,3/1/2021,2021,Mar
1,2219,0,0,1438,3/1/2021,2021,Mar
21,3155,0,0,1055,3/1/2021,2021,Mar
0,3550,0,0,1187,3/1/2021,2021,Mar
0,1163,0,0,281,3/1/2021,2021,Mar
0,0,0,0,0,3/1/2021,2021,Mar
0,0,0,0,0,3/1/2021,2021,Mar
0,0,0,0,0,3/1/2021,2021,Mar
0,0,0,0,0,3/1/2021,2021,Mar
0,1350,0,0,169,3/1/2021,2021,Mar
0,0,0,0,0,3/1/2021,2021,Mar
2,2463,0,0,1144,3/1/2021,2021,Mar
0,0,0,0,0,3/1/2021,2021,Mar
8,2644,1,0,967,3/1/2021,2021,Mar
0,1048,0,0,250,3/1/2021,2021,Mar
1,1518,0,0,382,3/1/2021,2021,Mar
0,0,0,0,0,3/1/2021,2021,Mar
0,1965,0,0,367,3/1/2021,2021,Mar
70,3922,0,0,490,3/1/2021,2021,Mar
0,2273,0,209,470,3/1/2021,2021,Mar
26,2600,0,113,1133,3/1/2021,2021,Mar
0,0,0,0,0,3/1/2021,2021,Mar
0,3954,0,0,1044,3/1/2021,2021,Mar
62,4741,0,0,961,3/1/2021,2021,Mar
0,0,0,2,0,3/1/2021,2021,Mar
0,0,0,0,245,3/1/2021,2021,Mar
0,5455,0,0,1829,3/1/2021,2021,Mar
0,0,102,0,18,3/1/2021,2021,Mar
0,0,0,0,0,3/1/2021,2021,Mar
0,0,0,0,0,3/1/2021,2021,Mar
3,5950,0,0,1588,3/1/2021,2021,Mar
0,0,0,0,0,3/1/2021,2021,Mar
0,4157,0,0,655,3/1/2021,2021,Mar
0,5973,25,11,881,3/1/2021,2021,Mar
0,0,0,0,0,3/1/2021,2021,Mar
0,0,0,0,0,3/1/2021,2021,Mar
1,2410,0,0,1202,3/1/2021,2021,Mar
0,0,0,0,0,3/1/2021,2021,Mar
0,0,0,0,149,3/1/2021,2021,Mar
0,8529,0,427,1408,3/1/2021,2021,Mar
0,2610,0,0,859,3/1/2021,2021,Mar
0,3521,0,116,591,3/1/2021,2021,Mar
0,1491,0,0,493,3/1/2021,2021,Mar
0,0,0,0,0,3/1/2021,2021,Mar
0,0,14,0,59,3/1/2021,2021,Mar
13,3095,0,0,1465,3/1/2021,2021,Mar
0,3240,0,0,1678,3/1/2021,2021,Mar
0,2148,0,0,723,3/1/2021,2021,Mar
0,0,0,0,0,3/1/2021,2021,Mar
19,1825,0,0,196,3/1/2021,2021,Mar
0,1200,0,445,1852,3/1/2021,2021,Mar
0,3587,0,0,1066,3/1/2021,2021,Mar
0,0,0,0,0,3/1/2021,2021,Mar
0,2050,0,0,1249,3/1/2021,2021,Mar
3,1101,0,0,508,3/1/2021,2021,Mar
10,3200,0,0,354,3/1/2021,2021,Mar
0,4591,0,19,850,3/1/2021,2021,Mar
0,0,0,0,0,3/1/2021,2021,Mar
8,4723,0,0,3187,3/1/2021,2021,Mar
0,0,0,0,0,3/1/2021,2021,Mar
0,0,0,0,0,3/1/2021,2021,Mar
0,0,0,0,0,3/1/2021,2021,Mar
0,0,0,0,0,3/1/2021,2021,Mar
0,0,0,0,0,3/1/2021,2021,Mar
0,3465,129,16,3943,3/1/2021,2021,Mar
0,0,0,0,0,3/1/2021,2021,Mar
36,5649,0,76,1395,3/1/2021,2021,Mar
0,0,0,0,0,3/1/2021,2021,Mar
0,3359,0,16,1687,3/1/2021,2021,Mar
0,0,0,0,0,3/1/2021,2021,Mar
0,0,0,0,0,3/1/2021,2021,Mar
0,0,0,0,0,3/1/2021,2021,Mar
0,0,0,10,552,3/1/2021,2021,Mar
0,0,0,0,0,3/1/2021,2021,Mar
0,2772,0,0,755,3/1/2021,2021,Mar
4,2153,0,22,1090,3/1/2021,2021,Mar
4,2016,0,0,1725,3/1/2021,2021,Mar
27,4374,0,0,576,3/1/2021,2021,Mar
0,0,0,0,29,3/1/2021,2021,Mar
0,2213,0,0,561,3/1/2021,2021,Mar
0,2431,0,5,1284,3/1/2021,2021,Mar
0,2686,0,0,458,3/1/2021,2021,Mar
0,1110,0,0,707,3/1/2021,2021,Mar
0,2814,0,0,511,3/1/2021,2021,Mar
0,599,0,0,249,3/1/2021,2021,Mar
4,2876,0,0,2722,3/1/2021,2021,Mar
2,3280,0,10,417,3/1/2021,2021,Mar
0,0,0,0,4,3/1/2021,2021,Mar
0,0,0,0,0,3/1/2021,2021,Mar
0,0,0,0,0,3/1/2021,2021,Mar
0,0,0,0,2,3/1/2021,2021,Mar
0,1876,0,0,1168,3/1/2021,2021,Mar
0,0,0,0,0,3/1/2021,2021,Mar
6,1924,0,82,1939,3/1/2021,2021,Mar
0,3714,28,0,1534,3/1/2021,2021,Mar
0,1692,0,0,692,3/1/2021,2021,Mar
0,0,0,0,153,3/1/2021,2021,Mar
0,0,0,0,0,3/1/2021,2021,Mar
0,0,0,2,142,3/1/2021,2021,Mar
1,2301,0,0,137,3/1/2021,2021,Mar
3,2787,0,829,0,3/1/2021,2021,Mar
0,4566,0,0,297,3/1/2021,2021,Mar
0,0,0,0,0,3/1/2021,2021,Mar
0,2700,0,0,696,3/1/2021,2021,Mar
0,0,0,0,0,3/1/2021,2021,Mar
0,2591,0,0,400,3/1/2021,2021,Mar
0,0,0,1,0,3/1/2021,2021,Mar
0,2030,0,0,305,3/1/2021,2021,Mar
0,0,0,0,0,3/1/2021,2021,Mar
0,0,0,0,489,3/1/2021,2021,Mar
0,2432,0,0,998,3/1/2021,2021,Mar
4,1952,0,0,532,3/1/2021,2021,Mar
2,3609,17,1,2184,3/1/2021,2021,Mar
0,0,0,0,0,3/1/2021,2021,Mar
20,2135,0,0,837,3/1/2021,2021,Mar
1,2372,0,0,591,3/1/2021,2021,Mar
0,0,0,0,28,3/1/2021,2021,Mar
0,2337,0,0,432,3/1/2021,2021,Mar
0,3380,0,0,834,3/1/2021,2021,Mar
23,2874,0,30,1784,3/1/2021,2021,Mar
0,0,0,0,132,3/1/2021,2021,Mar
0,0,0,0,0,3/1/2021,2021,Mar
5,2132,0,0,1009,3/1/2021,2021,Mar
0,3300,0,0,1047,3/1/2021,2021,Mar
2,1187,0,0,401,3/1/2021,2021,Mar
0,3268,11,0,1498,3/1/2021,2021,Mar
5,10603,0,0,3664,3/1/2021,2021,Mar
102,4059,12,0,638,3/1/2021,2021,Mar
0,2600,102,88,2606,3/1/2021,2021,Mar
0,4056,1,0,2068,3/1/2021,2021,Mar
1,4254,0,211,1376,3/1/2021,2021,Mar
0,4460,4,0,3323,3/1/2021,2021,Mar
3,2084,0,34,922,3/1/2021,2021,Mar
0,5361,0,0,2200,3/1/2021,2021,Mar
29,2587,0,972,0,3/1/2021,2021,Mar
0,0,0,0,0,3/1/2021,2021,Mar
2,2679,0,0,863,3/1/2021,2021,Mar
1,1960,0,0,190,3/1/2021,2021,Mar
0,3055,0,0,732,3/1/2021,2021,Mar
0,1631,0,0,636,3/1/2021,2021,Mar
10,4104,0,0,1132,3/1/2021,2021,Mar
0,0,0,0,0,3/1/2021,2021,Mar
0,1461,0,0,74,3/1/2021,2021,Mar
0,0,0,0,0,3/1/2021,2021,Mar
0,0,0,0,0,3/1/2021,2021,Mar
0,2573,0,0,1568,3/1/2021,2021,Mar
0,0,0,0,0,3/1/2021,2021,Mar
1,3367,0,0,1199,3/1/2021,2021,Mar
0,0,0,0,0,3/1/2021,2021,Mar
19,3043,0,0,222,3/1/2021,2021,Mar
0,1226,0,0,310,3/1/2021,2021,Mar
0,1660,0,0,375,3/1/2021,2021,Mar
0,4134,0,0,1230,3/1/2021,2021,Mar
0,1585,0,0,523,5/1/2021,2021,May
0,987,0,0,261,5/1/2021,2021,May
7,1882,0,0,398,5/1/2021,2021,May
0,0,0,0,0,5/1/2021,2021,May
0,0,0,0,0,5/1/2021,2021,May
0,0,0,0,0,5/1/2021,2021,May
0,0,0,0,0,5/1/2021,2021,May
197,4403,0,0,912,5/1/2021,2021,May
0,2474,0,0,381,5/1/2021,2021,May
4,8203,0,0,1954,5/1/2021,2021,May
0,0,0,0,0,5/1/2021,2021,May
0,5024,0,0,1463,5/1/2021,2021,May
0,0,0,35,0,5/1/2021,2021,May
0,0,0,0,0,5/1/2021,2021,May
0,948,0,0,174,5/1/2021,2021,May
32,2851,0,0,828,5/1/2021,2021,May
12,2433,0,27,596,5/1/2021,2021,May
0,0,0,0,0,5/1/2021,2021,May
0,2732,0,0,1346,5/1/2021,2021,May
0,0,0,0,0,5/1/2021,2021,May
0,0,0,0,0,5/1/2021,2021,May
0,0,0,0,0,5/1/2021,2021,May
0,3597,914,0,696,5/1/2021,2021,May
0,3131,0,0,841,5/1/2021,2021,May
3,2921,0,38,546,5/1/2021,2021,May
0,0,0,0,0,5/1/2021,2021,May
0,2631,0,0,380,5/1/2021,2021,May
0,2639,0,0,587,5/1/2021,2021,May
0,0,0,0,0,5/1/2021,2021,May
0,0,0,0,0,5/1/2021,2021,May
0,0,0,49,119,5/1/2021,2021,May
0,2283,0,0,708,5/1/2021,2021,May
0,5478,0,0,950,5/1/2021,2021,May
0,0,0,5,70,5/1/2021,2021,May
25,1606,0,0,303,5/1/2021,2021,May
0,3207,0,0,329,5/1/2021,2021,May
0,0,0,0,0,5/1/2021,2021,May
0,0,0,0,0,5/1/2021,2021,May
0,3270,0,291,791,5/1/2021,2021,May
0,1601,0,0,329,5/1/2021,2021,May
0,0,0,5,4,5/1/2021,2021,May
1,3112,0,0,307,5/1/2021,2021,May
0,0,0,0,0,5/1/2021,2021,May
5,1057,0,0,190,5/1/2021,2021,May
0,5818,0,423,1180,5/1/2021,2021,May
9,4745,0,15,864,5/1/2021,2021,May
0,0,0,0,0,5/1/2021,2021,May
0,4884,0,243,1737,5/1/2021,2021,May
0,3837,0,0,621,5/1/2021,2021,May
0,0,0,0,0,5/1/2021,2021,May
1,2196,9,0,108,5/1/2021,2021,May
0,0,0,0,0,5/1/2021,2021,May
0,0,0,0,0,5/1/2021,2021,May
0,0,0,0,0,5/1/2021,2021,May
0,5300,0,0,1148,5/1/2021,2021,May
0,0,0,0,0,5/1/2021,2021,May
0,1832,0,0,266,5/1/2021,2021,May
0,1500,0,0,206,5/1/2021,2021,May
0,0,0,0,0,5/1/2021,2021,May
1,4040,0,0,1239,5/1/2021,2021,May
0,0,0,0,0,5/1/2021,2021,May
7,2532,0,0,1284,5/1/2021,2021,May
28,3654,0,0,1117,5/1/2021,2021,May
0,3956,0,0,1149,5/1/2021,2021,May
0,1205,0,0,360,5/1/2021,2021,May
0,0,0,0,0,5/1/2021,2021,May
0,0,0,0,0,5/1/2021,2021,May
0,0,0,0,0,5/1/2021,2021,May
0,0,0,0,2021,5/1/2021,2021,May
1,1475,0,0,143,5/1/2021,2021,May
0,0,0,0,0,5/1/2021,2021,May
0,2648,0,0,1269,5/1/2021,2021,May
0,0,0,0,0,5/1/2021,2021,May
15,2887,1,0,1001,5/1/2021,2021,May
0,1158,0,0,205,5/1/2021,2021,May
10,1699,0,0,374,5/1/2021,2021,May
0,0,0,0,0,5/1/2021,2021,May
0,2158,0,0,342,5/1/2021,2021,May
29,4129,0,0,461,5/1/2021,2021,May
0,2602,0,218,381,5/1/2021,2021,May
24,2631,0,379,1078,5/1/2021,2021,May
0,0,0,0,0,5/1/2021,2021,May
0,4088,0,0,1024,5/1/2021,2021,May
44,4793,0,0,790,5/1/2021,2021,May
0,0,0,2,0,5/1/2021,2021,May
0,0,0,0,233,5/1/2021,2021,May
0,5861,0,0,1969,5/1/2021,2021,May
0,0,76,0,22,5/1/2021,2021,May
0,0,0,0,0,5/1/2021,2021,May
0,0,0,0,0,5/1/2021,2021,May
4,6529,0,0,1583,5/1/2021,2021,May
0,0,0,0,0,5/1/2021,2021,May
0,4691,0,0,526,5/1/2021,2021,May
0,8821,38,14,1652,5/1/2021,2021,May
0,0,0,0,0,5/1/2021,2021,May
0,0,0,0,0,5/1/2021,2021,May
0,2650,0,0,1237,5/1/2021,2021,May
0,0,0,0,0,5/1/2021,2021,May
0,0,0,0,152,5/1/2021,2021,May
1,9507,0,418,1444,5/1/2021,2021,May
2,2649,0,0,849,5/1/2021,2021,May
0,3834,0,105,559,5/1/2021,2021,May
0,1759,0,0,491,5/1/2021,2021,May
0,0,0,0,0,5/1/2021,2021,May
0,0,29,0,136,5/1/2021,2021,May
10,3311,0,0,1683,5/1/2021,2021,May
0,3460,0,0,1541,5/1/2021,2021,May
3,2422,0,0,709,5/1/2021,2021,May
0,0,0,0,0,5/1/2021,2021,May
13,2135,0,0,316,5/1/2021,2021,May
0,1439,0,501,2052,5/1/2021,2021,May
2,4060,0,0,1391,5/1/2021,2021,May
0,0,0,0,0,5/1/2021,2021,May
0,2352,0,0,1320,5/1/2021,2021,May
0,1196,0,510,0,5/1/2021,2021,May
6,3519,0,0,372,5/1/2021,2021,May
0,5149,0,12,821,5/1/2021,2021,May
0,0,0,0,0,5/1/2021,2021,May
5,5132,0,0,2869,5/1/2021,2021,May
0,0,0,0,0,5/1/2021,2021,May
0,0,0,0,0,5/1/2021,2021,May
0,0,0,0,0,5/1/2021,2021,May
0,0,0,0,0,5/1/2021,2021,May
0,0,0,0,0,5/1/2021,2021,May
0,3661,127,14,3862,5/1/2021,2021,May
0,0,0,0,0,5/1/2021,2021,May
11,4023,0,65,1202,5/1/2021,2021,May
0,0,0,0,0,5/1/2021,2021,May
0,3763,0,34,1679,5/1/2021,2021,May
0,0,0,0,0,5/1/2021,2021,May
0,0,0,0,0,5/1/2021,2021,May
0,0,0,0,0,5/1/2021,2021,May
0,0,0,6,565,5/1/2021,2021,May
0,0,0,0,0,5/1/2021,2021,May
0,2958,0,0,702,5/1/2021,2021,May
16,2477,0,24,1038,5/1/2021,2021,May
1,2441,0,0,1506,5/1/2021,2021,May
23,4859,0,0,543,5/1/2021,2021,May
0,0,0,0,27,5/1/2021,2021,May
0,2654,0,0,517,5/1/2021,2021,May
0,2321,0,8,1494,5/1/2021,2021,May
0,2881,0,0,447,5/1/2021,2021,May
0,1320,0,0,732,5/1/2021,2021,May
0,2851,0,0,518,5/1/2021,2021,May
0,649,0,0,247,5/1/2021,2021,May
1,3033,0,0,2550,5/1/2021,2021,May
1,3298,0,12,424,5/1/2021,2021,May
0,0,0,0,12,5/1/2021,2021,May
0,0,0,0,0,5/1/2021,2021,May
0,0,0,0,0,5/1/2021,2021,May
0,0,0,0,8,5/1/2021,2021,May
0,1897,0,0,1120,5/1/2021,2021,May
0,0,0,0,0,5/1/2021,2021,May
0,2169,0,123,2047,5/1/2021,2021,May
0,4262,25,0,1327,5/1/2021,2021,May
0,2043,0,0,731,5/1/2021,2021,May
0,0,0,0,133,5/1/2021,2021,May
0,0,0,0,0,5/1/2021,2021,May
0,0,0,11,163,5/1/2021,2021,May
30,2528,0,0,111,5/1/2021,2021,May
5,2750,0,0,840,5/1/2021,2021,May
0,4611,0,0,330,5/1/2021,2021,May
1,2946,0,0,705,5/1/2021,2021,May
0,0,0,0,0,5/1/2021,2021,May
0,2687,0,0,450,5/1/2021,2021,May
0,0,0,5,0,5/1/2021,2021,May
0,2293,0,0,411,5/1/2021,2021,May
0,0,0,0,0,5/1/2021,2021,May
0,0,0,0,522,5/1/2021,2021,May
0,2488,0,0,860,5/1/2021,2021,May
2,1607,0,0,481,5/1/2021,2021,May
0,4007,21,7,2340,5/1/2021,2021,May
0,0,0,0,0,5/1/2021,2021,May
7,2501,0,0,740,5/1/2021,2021,May
0,2594,0,0,690,5/1/2021,2021,May
0,0,0,0,25,5/1/2021,2021,May
0,2525,0,0,526,5/1/2021,2021,May
0,4055,0,0,772,5/1/2021,2021,May
1,2968,0,56,1776,5/1/2021,2021,May
0,0,0,0,162,5/1/2021,2021,May
0,0,0,0,0,5/1/2021,2021,May
3,2338,0,0,1105,5/1/2021,2021,May
1,3689,0,0,1069,5/1/2021,2021,May
4,1408,0,0,434,5/1/2021,2021,May
0,3558,25,0,1452,5/1/2021,2021,May
2,11638,0,0,3749,5/1/2021,2021,May
28,4273,7,0,645,5/1/2021,2021,May
0,3028,80,14,2855,5/1/2021,2021,May
0,4418,8,0,2028,5/1/2021,2021,May
4,4869,0,198,1717,5/1/2021,2021,May
0,4590,3,0,2985,5/1/2021,2021,May
9,2388,0,31,957,5/1/2021,2021,May
0,5621,0,0,2052,5/1/2021,2021,May
23,2904,0,940,0,5/1/2021,2021,May
12,7761,39,755,1441,5/1/2021,2021,May
0,0,0,0,0,5/1/2021,2021,May
2,2936,0,0,812,5/1/2021,2021,May
0,2225,0,0,197,5/1/2021,2021,May
0,3444,0,0,828,5/1/2021,2021,May
0,1861,0,0,638,5/1/2021,2021,May
0,0,0,0,0,5/1/2021,2021,May
0,1357,0,0,63,5/1/2021,2021,May
0,0,0,0,0,5/1/2021,2021,May
0,0,0,0,0,5/1/2021,2021,May
0,2646,0,0,1485,5/1/2021,2021,May
0,0,0,0,0,5/1/2021,2021,May
6,3353,0,0,1131,5/1/2021,2021,May
0,0,0,0,0,5/1/2021,2021,May
0,3074,0,0,353,5/1/2021,2021,May
0,1488,0,0,338,5/1/2021,2021,May
0,1840,0,0,320,5/1/2021,2021,May
1,4345,1,0,1229,5/1/2021,2021,May
0,1521,0,0,563,11/1/2021,2021,Nov
0,1072,0,0,290,11/1/2021,2021,Nov
6,2085,0,0,346,11/1/2021,2021,Nov
0,0,0,0,0,11/1/2021,2021,Nov
0,0,0,0,0,11/1/2021,2021,Nov
0,0,0,0,0,11/1/2021,2021,Nov
0,0,0,0,0,11/1/2021,2021,Nov
679,4005,0,0,582,11/1/2021,2021,Nov
1,2548,0,0,515,11/1/2021,2021,Nov
181,5404,0,0,1299,11/1/2021,2021,Nov
0,0,0,0,0,11/1/2021,2021,Nov
0,4312,0,0,1529,11/1/2021,2021,Nov
0,0,0,51,0,11/1/2021,2021,Nov
0,0,0,0,0,11/1/2021,2021,Nov
0,1105,0,0,211,11/1/2021,2021,Nov
715,2575,0,0,813,11/1/2021,2021,Nov
116,2219,0,25,839,11/1/2021,2021,Nov
0,0,0,0,0,11/1/2021,2021,Nov
0,2503,0,11,1372,11/1/2021,2021,Nov
0,0,0,0,0,11/1/2021,2021,Nov
0,0,0,0,0,11/1/2021,2021,Nov
0,0,0,0,0,11/1/2021,2021,Nov
0,3503,732,0,734,11/1/2021,2021,Nov
0,3006,0,0,926,11/1/2021,2021,Nov
68,2574,0,27,598,11/1/2021,2021,Nov
0,0,0,0,0,11/1/2021,2021,Nov
6,2612,0,0,331,11/1/2021,2021,Nov
0,2166,0,307,532,11/1/2021,2021,Nov
0,0,0,0,0,11/1/2021,2021,Nov
0,0,0,20,63,11/1/2021,2021,Nov
0,1564,0,0,902,11/1/2021,2021,Nov
34,4709,0,0,959,11/1/2021,2021,Nov
0,0,0,4,76,11/1/2021,2021,Nov
99,1119,0,0,284,11/1/2021,2021,Nov
0,2716,0,0,414,11/1/2021,2021,Nov
0,0,0,0,0,11/1/2021,2021,Nov
0,0,0,0,0,11/1/2021,2021,Nov
0,2838,0,453,704,11/1/2021,2021,Nov
2,1430,0,0,377,11/1/2021,2021,Nov
0,0,0,1,2,11/1/2021,2021,Nov
1,2749,0,0,285,11/1/2021,2021,Nov
0,0,0,0,0,11/1/2021,2021,Nov
106,939,0,0,156,11/1/2021,2021,Nov
261,4748,0,473,1281,11/1/2021,2021,Nov
81,4832,0,6,948,11/1/2021,2021,Nov
0,0,0,0,0,11/1/2021,2021,Nov
0,4522,0,240,1253,11/1/2021,2021,Nov
0,3571,0,0,574,11/1/2021,2021,Nov
61,2172,4,0,115,11/1/2021,2021,Nov
0,0,0,0,0,11/1/2021,2021,Nov
0,0,0,0,0,11/1/2021,2021,Nov
0,0,0,0,0,11/1/2021,2021,Nov
0,4909,0,0,1114,11/1/2021,2021,Nov
0,1710,0,0,621,11/1/2021,2021,Nov
0,1486,0,0,102,11/1/2021,2021,Nov
0,0,0,0,3,11/1/2021,2021,Nov
448,3180,0,0,1239,11/1/2021,2021,Nov
0,0,0,0,0,11/1/2021,2021,Nov
45,2038,0,0,1452,11/1/2021,2021,Nov
24,3536,0,0,883,11/1/2021,2021,Nov
0,3520,0,0,1031,11/1/2021,2021,Nov
6,1109,0,0,319,11/1/2021,2021,Nov
0,0,0,0,0,11/1/2021,2021,Nov
0,0,0,0,0,11/1/2021,2021,Nov
0,0,0,0,0,11/1/2021,2021,Nov
0,0,0,0,0,11/1/2021,2021,Nov
3,1761,0,0,195,11/1/2021,2021,Nov
0,0,0,0,0,11/1/2021,2021,Nov
1,2535,0,0,1332,11/1/2021,2021,Nov
0,0,0,0,0,11/1/2021,2021,Nov
58,2937,2,0,1083,11/1/2021,2021,Nov
45,1041,0,0,136,11/1/2021,2021,Nov
143,1562,0,0,364,11/1/2021,2021,Nov
0,0,0,0,0,11/1/2021,2021,Nov
0,2296,0,0,395,11/1/2021,2021,Nov
173,3859,0,0,776,11/1/2021,2021,Nov
36,2521,0,220,469,11/1/2021,2021,Nov
103,2481,0,392,1342,11/1/2021,2021,Nov
0,0,0,0,0,11/1/2021,2021,Nov
27,3970,0,0,1003,11/1/2021,2021,Nov
117,4270,0,0,839,11/1/2021,2021,Nov
0,0,0,0,0,11/1/2021,2021,Nov
0,0,0,0,235,11/1/2021,2021,Nov
0,5054,0,0,1474,11/1/2021,2021,Nov
0,0,79,0,17,11/1/2021,2021,Nov
0,0,0,0,0,11/1/2021,2021,Nov
0,0,0,0,0,11/1/2021,2021,Nov
19,5861,0,0,1622,11/1/2021,2021,Nov
0,0,0,0,0,11/1/2021,2021,Nov
0,4340,0,0,808,11/1/2021,2021,Nov
113,8609,47,9,1583,11/1/2021,2021,Nov
0,0,0,0,0,11/1/2021,2021,Nov
0,0,0,0,0,11/1/2021,2021,Nov
77,2486,0,0,1187,11/1/2021,2021,Nov
0,0,0,0,0,11/1/2021,2021,Nov
0,0,0,0,151,11/1/2021,2021,Nov
1,8535,0,270,1331,11/1/2021,2021,Nov
14,2630,0,0,873,11/1/2021,2021,Nov
2,3923,0,156,1053,11/1/2021,2021,Nov
0,1780,0,0,532,11/1/2021,2021,Nov
0,0,0,0,0,11/1/2021,2021,Nov
0,0,22,0,134,11/1/2021,2021,Nov
145,2167,0,0,1506,11/1/2021,2021,Nov
59,3031,0,0,1707,11/1/2021,2021,Nov
33,2259,0,0,783,11/1/2021,2021,Nov
0,0,0,0,0,11/1/2021,2021,Nov
105,1818,0,0,329,11/1/2021,2021,Nov
0,1441,0,521,2113,11/1/2021,2021,Nov
161,3090,0,75,1555,11/1/2021,2021,Nov
0,1970,0,0,1557,11/1/2021,2021,Nov
410,6203,0,38,1647,11/1/2021,2021,Nov
6,1059,0,1,498,11/1/2021,2021,Nov
184,3575,0,0,558,11/1/2021,2021,Nov
0,4915,0,38,875,11/1/2021,2021,Nov
0,0,0,0,0,11/1/2021,2021,Nov
425,4264,0,0,3149,11/1/2021,2021,Nov
0,0,0,0,0,11/1/2021,2021,Nov
0,0,0,0,0,11/1/2021,2021,Nov
0,0,0,0,0,11/1/2021,2021,Nov
0,0,0,0,0,11/1/2021,2021,Nov
0,0,0,0,0,11/1/2021,2021,Nov
0,3664,106,14,3495,11/1/2021,2021,Nov
0,0,0,0,0,11/1/2021,2021,Nov
0,0,0,0,0,11/1/2021,2021,Nov
0,3140,0,0,2218,11/1/2021,2021,Nov
0,0,0,0,0,11/1/2021,2021,Nov
0,0,0,0,0,11/1/2021,2021,Nov
0,0,0,0,0,11/1/2021,2021,Nov
0,0,0,7,481,11/1/2021,2021,Nov
0,0,0,0,0,11/1/2021,2021,Nov
0,2813,1,0,983,11/1/2021,2021,Nov
446,2049,0,23,958,11/1/2021,2021,Nov
13,2286,0,0,1642,11/1/2021,2021,Nov
145,3604,0,0,560,11/1/2021,2021,Nov
0,0,0,0,22,11/1/2021,2021,Nov
0,2380,0,8,636,11/1/2021,2021,Nov
0,2374,0,4,1624,11/1/2021,2021,Nov
0,1281,0,0,718,11/1/2021,2021,Nov
1,3151,0,0,528,11/1/2021,2021,Nov
0,904,0,0,225,11/1/2021,2021,Nov
8,3140,0,0,2250,11/1/2021,2021,Nov
23,3342,0,10,392,11/1/2021,2021,Nov
0,0,0,0,5,11/1/2021,2021,Nov
0,0,0,0,0,11/1/2021,2021,Nov
0,0,0,0,0,11/1/2021,2021,Nov
0,0,0,0,2,11/1/2021,2021,Nov
43,1778,0,0,1185,11/1/2021,2021,Nov
0,0,0,0,0,11/1/2021,2021,Nov
14,2335,0,134,2043,11/1/2021,2021,Nov
0,4293,25,0,1353,11/1/2021,2021,Nov
1,1897,0,0,714,11/1/2021,2021,Nov
0,0,0,0,137,11/1/2021,2021,Nov
0,0,0,0,0,11/1/2021,2021,Nov
0,0,0,1,165,11/1/2021,2021,Nov
117,2228,0,0,152,11/1/2021,2021,Nov
61,2571,0,0,767,11/1/2021,2021,Nov
0,4114,0,0,271,11/1/2021,2021,Nov
6,2723,0,0,745,11/1/2021,2021,Nov
0,0,0,0,0,11/1/2021,2021,Nov
0,2617,0,0,468,11/1/2021,2021,Nov
2,0,0,3,0,11/1/2021,2021,Nov
7,1983,0,0,495,11/1/2021,2021,Nov
0,0,0,0,0,11/1/2021,2021,Nov
0,0,0,0,556,11/1/2021,2021,Nov
21,2421,0,0,1179,11/1/2021,2021,Nov
10,1563,0,0,450,11/1/2021,2021,Nov
0,3429,18,2,2407,11/1/2021,2021,Nov
0,0,0,0,0,11/1/2021,2021,Nov
143,1992,0,0,847,11/1/2021,2021,Nov
78,2576,0,0,510,11/1/2021,2021,Nov
0,0,0,0,22,11/1/2021,2021,Nov
0,2471,0,0,478,11/1/2021,2021,Nov
64,5505,0,0,778,11/1/2021,2021,Nov
302,2774,51,0,982,11/1/2021,2021,Nov
0,0,0,0,148,11/1/2021,2021,Nov
0,0,0,0,0,11/1/2021,2021,Nov
140,1787,0,0,1085,11/1/2021,2021,Nov
254,3718,0,0,999,11/1/2021,2021,Nov
16,1423,0,0,333,11/1/2021,2021,Nov
1,3059,10,0,1380,11/1/2021,2021,Nov
161,9145,0,0,4102,11/1/2021,2021,Nov
706,3838,10,0,703,11/1/2021,2021,Nov
1,3221,92,28,2097,11/1/2021,2021,Nov
7,3807,7,0,2068,11/1/2021,2021,Nov
106,4240,0,265,1649,11/1/2021,2021,Nov
605,4445,2,0,2922,11/1/2021,2021,Nov
203,2333,0,19,899,11/1/2021,2021,Nov
372,5199,0,0,2047,11/1/2021,2021,Nov
314,2246,0,985,0,11/1/2021,2021,Nov
237,6474,35,457,1464,11/1/2021,2021,Nov
0,0,0,0,0,11/1/2021,2021,Nov
5,2794,0,0,901,11/1/2021,2021,Nov
16,1989,0,0,215,11/1/2021,2021,Nov
3,3329,0,0,607,11/1/2021,2021,Nov
25,1709,0,0,525,11/1/2021,2021,Nov
0,0,0,0,0,11/1/2021,2021,Nov
7,1140,0,0,78,11/1/2021,2021,Nov
0,0,0,0,0,11/1/2021,2021,Nov
0,0,0,0,0,11/1/2021,2021,Nov
6,2301,0,0,1606,11/1/2021,2021,Nov
0,0,0,0,0,11/1/2021,2021,Nov
155,3472,0,0,1204,11/1/2021,2021,Nov
0,0,0,0,0,11/1/2021,2021,Nov
46,2108,0,0,283,11/1/2021,2021,Nov
196,1401,0,0,293,11/1/2021,2021,Nov
0,1652,0,0,363,11/1/2021,2021,Nov
159,3886,3,0,1472,11/1/2021,2021,Nov
0,1615,0,0,580,10/1/2021,2021,Oct
0,1143,0,0,221,10/1/2021,2021,Oct
9,2237,0,0,284,10/1/2021,2021,Oct
0,0,0,0,0,10/1/2021,2021,Oct
0,0,0,0,0,10/1/2021,2021,Oct
0,0,0,0,0,10/1/2021,2021,Oct
0,0,0,0,0,10/1/2021,2021,Oct
291,4579,0,0,606,10/1/2021,2021,Oct
1,2684,0,0,424,10/1/2021,2021,Oct
100,5719,0,0,1304,10/1/2021,2021,Oct
0,0,0,0,0,10/1/2021,2021,Oct
0,4674,0,0,1447,10/1/2021,2021,Oct
0,0,0,55,0,10/1/2021,2021,Oct
0,0,0,0,0,10/1/2021,2021,Oct
0,1083,0,0,185,10/1/2021,2021,Oct
487,2567,0,0,753,10/1/2021,2021,Oct
80,2242,0,38,795,10/1/2021,2021,Oct
0,0,0,0,0,10/1/2021,2021,Oct
0,2541,0,18,1366,10/1/2021,2021,Oct
0,0,0,0,0,10/1/2021,2021,Oct
0,0,0,0,0,10/1/2021,2021,Oct
0,0,0,0,0,10/1/2021,2021,Oct
0,3434,712,0,761,10/1/2021,2021,Oct
2,3045,0,0,835,10/1/2021,2021,Oct
167,2741,0,20,577,10/1/2021,2021,Oct
0,0,0,0,0,10/1/2021,2021,Oct
10,2648,0,0,357,10/1/2021,2021,Oct
1,2558,0,0,571,10/1/2021,2021,Oct
0,0,0,0,0,10/1/2021,2021,Oct
0,0,0,25,56,10/1/2021,2021,Oct
0,1590,0,0,753,10/1/2021,2021,Oct
60,4848,0,0,974,10/1/2021,2021,Oct
0,0,0,13,73,10/1/2021,2021,Oct
46,1343,0,0,271,10/1/2021,2021,Oct
0,3018,0,0,319,10/1/2021,2021,Oct
0,0,0,0,0,10/1/2021,2021,Oct
0,0,0,0,0,10/1/2021,2021,Oct
0,3104,0,492,726,10/1/2021,2021,Oct
1,1494,0,0,421,10/1/2021,2021,Oct
0,0,0,1,2,10/1/2021,2021,Oct
0,2731,0,0,231,10/1/2021,2021,Oct
0,0,0,0,0,10/1/2021,2021,Oct
54,948,0,0,196,10/1/2021,2021,Oct
158,4804,0,475,1286,10/1/2021,2021,Oct
39,4494,0,17,883,10/1/2021,2021,Oct
0,0,0,0,0,10/1/2021,2021,Oct
6,4620,0,258,1347,10/1/2021,2021,Oct
0,3779,0,0,618,10/1/2021,2021,Oct
40,2223,5,0,150,10/1/2021,2021,Oct
0,0,0,0,0,10/1/2021,2021,Oct
0,0,0,0,0,10/1/2021,2021,Oct
0,0,0,0,0,10/1/2021,2021,Oct
0,5009,0,0,1047,10/1/2021,2021,Oct
0,1909,0,0,620,10/1/2021,2021,Oct
0,1514,0,0,130,10/1/2021,2021,Oct
0,0,0,0,6,10/1/2021,2021,Oct
53,3594,0,0,1170,10/1/2021,2021,Oct
0,0,0,0,0,10/1/2021,2021,Oct
36,2202,0,0,1620,10/1/2021,2021,Oct
22,3614,0,0,913,10/1/2021,2021,Oct
3,3569,0,0,1042,10/1/2021,2021,Oct
9,1188,0,0,372,10/1/2021,2021,Oct
0,0,0,0,0,10/1/2021,2021,Oct
0,0,0,0,0,10/1/2021,2021,Oct
0,0,0,0,0,10/1/2021,2021,Oct
0,0,0,0,0,10/1/2021,2021,Oct
3,1672,0,0,151,10/1/2021,2021,Oct
0,0,0,0,0,10/1/2021,2021,Oct
2,2776,0,0,1276,10/1/2021,2021,Oct
0,0,0,0,0,10/1/2021,2021,Oct
42,2919,0,0,1110,10/1/2021,2021,Oct
7,1136,0,0,181,10/1/2021,2021,Oct
230,1598,0,0,384,10/1/2021,2021,Oct
0,0,0,0,0,10/1/2021,2021,Oct
0,2431,0,0,405,10/1/2021,2021,Oct
127,3973,0,0,773,10/1/2021,2021,Oct
8,2643,0,192,435,10/1/2021,2021,Oct
69,2480,0,401,1146,10/1/2021,2021,Oct
0,0,0,0,0,10/1/2021,2021,Oct
48,4129,0,0,973,10/1/2021,2021,Oct
69,4267,0,0,807,10/1/2021,2021,Oct
0,0,0,0,0,10/1/2021,2021,Oct
0,0,0,0,192,10/1/2021,2021,Oct
1,5035,0,0,1457,10/1/2021,2021,Oct
0,0,88,0,14,10/1/2021,2021,Oct
0,0,0,0,0,10/1/2021,2021,Oct
0,0,0,0,0,10/1/2021,2021,Oct
13,6284,0,0,1541,10/1/2021,2021,Oct
0,0,0,0,0,10/1/2021,2021,Oct
0,4604,0,0,826,10/1/2021,2021,Oct
84,8455,41,5,1623,10/1/2021,2021,Oct
0,0,0,0,0,10/1/2021,2021,Oct
0,0,0,0,0,10/1/2021,2021,Oct
6,2443,0,0,1119,10/1/2021,2021,Oct
0,0,0,0,0,10/1/2021,2021,Oct
0,0,0,0,147,10/1/2021,2021,Oct
1,8864,0,292,1286,10/1/2021,2021,Oct
1,2718,0,0,715,10/1/2021,2021,Oct
1,4037,0,162,888,10/1/2021,2021,Oct
0,1782,0,0,541,10/1/2021,2021,Oct
0,0,0,0,0,10/1/2021,2021,Oct
0,0,27,0,169,10/1/2021,2021,Oct
151,2380,0,0,1390,10/1/2021,2021,Oct
29,3096,0,0,1608,10/1/2021,2021,Oct
8,2362,0,0,733,10/1/2021,2021,Oct
0,0,0,0,0,10/1/2021,2021,Oct
47,2125,0,0,316,10/1/2021,2021,Oct
4,1471,0,626,2159,10/1/2021,2021,Oct
82,3592,0,87,1490,10/1/2021,2021,Oct
0,2081,0,0,1549,10/1/2021,2021,Oct
433,6277,0,58,1188,10/1/2021,2021,Oct
3,1114,0,1,451,10/1/2021,2021,Oct
114,3555,0,0,598,10/1/2021,2021,Oct
0,5156,0,26,837,10/1/2021,2021,Oct
0,0,0,0,0,10/1/2021,2021,Oct
108,4778,0,0,2944,10/1/2021,2021,Oct
0,0,0,0,0,10/1/2021,2021,Oct
0,0,0,0,0,10/1/2021,2021,Oct
0,0,0,0,0,10/1/2021,2021,Oct
0,0,0,0,0,10/1/2021,2021,Oct
0,0,0,0,0,10/1/2021,2021,Oct
0,3684,106,21,3649,10/1/2021,2021,Oct
0,0,0,0,0,10/1/2021,2021,Oct
0,0,0,0,0,10/1/2021,2021,Oct
0,3333,0,19,1944,10/1/2021,2021,Oct
0,0,0,0,0,10/1/2021,2021,Oct
0,0,0,0,0,10/1/2021,2021,Oct
0,0,0,0,0,10/1/2021,2021,Oct
0,0,0,4,494,10/1/2021,2021,Oct
0,0,0,0,0,10/1/2021,2021,Oct
0,2834,2,0,975,10/1/2021,2021,Oct
404,2130,0,22,953,10/1/2021,2021,Oct
11,2362,0,0,1717,10/1/2021,2021,Oct
64,3116,0,0,495,10/1/2021,2021,Oct
0,0,0,0,17,10/1/2021,2021,Oct
0,2420,0,2,580,10/1/2021,2021,Oct
0,2392,0,7,1563,10/1/2021,2021,Oct
0,1348,0,0,702,10/1/2021,2021,Oct
5,3194,0,0,472,10/1/2021,2021,Oct
0,901,0,0,209,10/1/2021,2021,Oct
14,3211,0,0,2389,10/1/2021,2021,Oct
2,3417,0,8,390,10/1/2021,2021,Oct
0,0,0,0,3,10/1/2021,2021,Oct
0,0,0,0,0,10/1/2021,2021,Oct
0,0,0,0,0,10/1/2021,2021,Oct
0,0,0,0,2,10/1/2021,2021,Oct
8,1917,0,0,1242,10/1/2021,2021,Oct
0,0,0,0,0,10/1/2021,2021,Oct
5,2435,0,152,1944,10/1/2021,2021,Oct
0,4490,31,0,1324,10/1/2021,2021,Oct
0,1806,0,0,682,10/1/2021,2021,Oct
0,0,0,0,128,10/1/2021,2021,Oct
0,0,0,0,0,10/1/2021,2021,Oct
0,0,0,3,152,10/1/2021,2021,Oct
57,2233,0,0,120,10/1/2021,2021,Oct
52,2845,0,0,720,10/1/2021,2021,Oct
0,4053,0,0,289,10/1/2021,2021,Oct
4,2851,0,0,652,10/1/2021,2021,Oct
0,0,0,0,0,10/1/2021,2021,Oct
0,2630,0,0,419,10/1/2021,2021,Oct
0,0,0,1,0,10/1/2021,2021,Oct
3,2119,0,0,456,10/1/2021,2021,Oct
0,0,0,0,0,10/1/2021,2021,Oct
0,0,0,0,498,10/1/2021,2021,Oct
28,2112,0,0,790,10/1/2021,2021,Oct
4,1660,0,0,467,10/1/2021,2021,Oct
1,3672,16,9,2308,10/1/2021,2021,Oct
0,0,0,0,0,10/1/2021,2021,Oct
220,2205,0,0,786,10/1/2021,2021,Oct
25,2491,0,0,489,10/1/2021,2021,Oct
0,0,0,0,11,10/1/2021,2021,Oct
0,2565,0,0,479,10/1/2021,2021,Oct
56,5556,0,0,723,10/1/2021,2021,Oct
132,2914,0,42,1643,10/1/2021,2021,Oct
0,0,0,0,156,10/1/2021,2021,Oct
0,0,0,0,0,10/1/2021,2021,Oct
130,1828,0,0,1162,10/1/2021,2021,Oct
173,3755,0,0,1034,10/1/2021,2021,Oct
5,1524,0,0,358,10/1/2021,2021,Oct
0,3475,14,0,1362,10/1/2021,2021,Oct
96,9815,0,0,3560,10/1/2021,2021,Oct
594,3920,5,0,656,10/1/2021,2021,Oct
0,3230,80,15,2126,10/1/2021,2021,Oct
12,4065,6,0,2080,10/1/2021,2021,Oct
72,4518,0,277,1726,10/1/2021,2021,Oct
224,4552,3,0,3167,10/1/2021,2021,Oct
173,2574,0,25,888,10/1/2021,2021,Oct
278,5398,0,0,1988,10/1/2021,2021,Oct
258,2459,0,1030,0,10/1/2021,2021,Oct
131,6836,37,464,1437,10/1/2021,2021,Oct
0,0,0,0,0,10/1/2021,2021,Oct
0,2952,0,0,773,10/1/2021,2021,Oct
4,2008,0,0,231,10/1/2021,2021,Oct
0,3447,0,0,713,10/1/2021,2021,Oct
34,1792,0,0,499,10/1/2021,2021,Oct
0,0,0,0,0,10/1/2021,2021,Oct
2,1221,0,0,62,10/1/2021,2021,Oct
0,0,0,0,0,10/1/2021,2021,Oct
0,0,0,0,0,10/1/2021,2021,Oct
8,2400,0,0,1525,10/1/2021,2021,Oct
0,0,0,0,0,10/1/2021,2021,Oct
73,3536,0,0,1301,10/1/2021,2021,Oct
0,0,0,0,0,10/1/2021,2021,Oct
47,2204,0,0,329,10/1/2021,2021,Oct
202,1483,0,0,124,10/1/2021,2021,Oct
0,1868,0,0,291,10/1/2021,2021,Oct
81,4075,3,0,1337,10/1/2021,2021,Oct
0,1414,0,0,523,9/1/2021,2021,Sep
0,979,0,0,259,9/1/2021,2021,Sep
8,2179,0,0,274,9/1/2021,2021,Sep
0,0,0,0,0,9/1/2021,2021,Sep
0,0,0,0,0,9/1/2021,2021,Sep
0,0,0,0,0,9/1/2021,2021,Sep
0,0,0,0,0,9/1/2021,2021,Sep
454,4014,0,0,782,9/1/2021,2021,Sep
0,2574,0,0,422,9/1/2021,2021,Sep
117,5626,0,0,1359,9/1/2021,2021,Sep
0,0,0,0,0,9/1/2021,2021,Sep
0,4481,0,0,1359,9/1/2021,2021,Sep
0,0,0,51,0,9/1/2021,2021,Sep
0,0,0,0,0,9/1/2021,2021,Sep
0,1046,0,0,210,9/1/2021,2021,Sep
297,2608,0,0,707,9/1/2021,2021,Sep
71,2245,0,19,718,9/1/2021,2021,Sep
0,2502,0,0,1327,9/1/2021,2021,Sep
0,0,0,0,0,9/1/2021,2021,Sep
0,0,0,0,0,9/1/2021,2021,Sep
0,0,0,0,0,9/1/2021,2021,Sep
0,3143,829,0,655,9/1/2021,2021,Sep
0,2912,0,0,859,9/1/2021,2021,Sep
156,2584,0,40,574,9/1/2021,2021,Sep
0,0,0,0,0,9/1/2021,2021,Sep
8,2582,0,0,387,9/1/2021,2021,Sep
6,2312,0,0,544,9/1/2021,2021,Sep
0,0,0,0,0,9/1/2021,2021,Sep
0,0,0,21,94,9/1/2021,2021,Sep
0,1725,0,0,723,9/1/2021,2021,Sep
57,4884,0,0,944,9/1/2021,2021,Sep
0,0,0,8,61,9/1/2021,2021,Sep
15,1507,0,0,306,9/1/2021,2021,Sep
0,2987,0,0,322,9/1/2021,2021,Sep
0,0,0,0,0,9/1/2021,2021,Sep
0,0,0,0,0,9/1/2021,2021,Sep
0,2896,0,424,678,9/1/2021,2021,Sep
2,1370,0,0,409,9/1/2021,2021,Sep
0,0,0,2,1,9/1/2021,2021,Sep
3,2826,0,0,173,9/1/2021,2021,Sep
0,0,0,0,0,9/1/2021,2021,Sep
11,958,0,0,164,9/1/2021,2021,Sep
22,4829,0,448,1326,9/1/2021,2021,Sep
23,4743,0,9,801,9/1/2021,2021,Sep
0,0,0,0,0,9/1/2021,2021,Sep
0,4641,0,237,1363,9/1/2021,2021,Sep
0,3665,0,0,571,9/1/2021,2021,Sep
52,2058,7,0,138,9/1/2021,2021,Sep
0,0,0,0,0,9/1/2021,2021,Sep
0,0,0,0,0,9/1/2021,2021,Sep
0,0,0,0,0,9/1/2021,2021,Sep
0,5129,0,0,1075,9/1/2021,2021,Sep
0,1782,0,0,570,9/1/2021,2021,Sep
0,1587,0,0,136,9/1/2021,2021,Sep
0,0,0,0,10,9/1/2021,2021,Sep
15,3723,0,0,1290,9/1/2021,2021,Sep
0,0,0,0,0,9/1/2021,2021,Sep
11,2245,0,0,1536,9/1/2021,2021,Sep
15,3589,0,0,704,9/1/2021,2021,Sep
0,3406,0,0,1114,9/1/2021,2021,Sep
0,1059,0,0,368,9/1/2021,2021,Sep
0,0,0,0,0,9/1/2021,2021,Sep
0,0,0,0,0,9/1/2021,2021,Sep
0,0,0,0,0,9/1/2021,2021,Sep
0,0,0,0,0,9/1/2021,2021,Sep
3,1744,0,0,177,9/1/2021,2021,Sep
0,0,0,0,0,9/1/2021,2021,Sep
5,2597,0,0,1293,9/1/2021,2021,Sep
0,0,0,0,0,9/1/2021,2021,Sep
17,2960,2,0,1136,9/1/2021,2021,Sep
6,1112,0,0,156,9/1/2021,2021,Sep
118,1522,0,0,415,9/1/2021,2021,Sep
0,0,0,0,0,9/1/2021,2021,Sep
0,2130,0,0,408,9/1/2021,2021,Sep
122,3691,0,0,718,9/1/2021,2021,Sep
0,2627,0,251,533,9/1/2021,2021,Sep
90,2334,0,382,1276,9/1/2021,2021,Sep
0,0,0,0,0,9/1/2021,2021,Sep
7,3952,0,0,1014,9/1/2021,2021,Sep
53,3955,0,0,838,9/1/2021,2021,Sep
0,0,0,0,0,9/1/2021,2021,Sep
0,0,0,0,207,9/1/2021,2021,Sep
0,5095,0,0,1516,9/1/2021,2021,Sep
0,0,78,0,21,9/1/2021,2021,Sep
0,0,0,0,0,9/1/2021,2021,Sep
0,0,0,0,0,9/1/2021,2021,Sep
7,5953,0,0,1488,9/1/2021,2021,Sep
0,0,0,0,0,9/1/2021,2021,Sep
0,4470,0,0,756,9/1/2021,2021,Sep
26,8579,36,8,1470,9/1/2021,2021,Sep
0,0,0,0,0,9/1/2021,2021,Sep
0,0,0,0,0,9/1/2021,2021,Sep
8,2568,0,0,1200,9/1/2021,2021,Sep
0,0,0,0,0,9/1/2021,2021,Sep
0,0,0,0,146,9/1/2021,2021,Sep
0,8912,0,355,1311,9/1/2021,2021,Sep
26,2382,0,0,921,9/1/2021,2021,Sep
0,3076,0,170,883,9/1/2021,2021,Sep
0,1695,0,0,536,9/1/2021,2021,Sep
0,0,0,0,0,9/1/2021,2021,Sep
0,0,23,0,144,9/1/2021,2021,Sep
73,2251,0,0,1306,9/1/2021,2021,Sep
38,3005,0,0,1682,9/1/2021,2021,Sep
14,2364,0,0,779,9/1/2021,2021,Sep
0,0,0,0,0,9/1/2021,2021,Sep
30,1982,0,0,340,9/1/2021,2021,Sep
5,1348,0,552,2069,9/1/2021,2021,Sep
36,3160,0,100,1511,9/1/2021,2021,Sep
0,2124,0,0,1579,9/1/2021,2021,Sep
1,1179,0,0,426,9/1/2021,2021,Sep
123,3335,0,0,577,9/1/2021,2021,Sep
0,4953,0,27,887,9/1/2021,2021,Sep
0,0,0,0,0,9/1/2021,2021,Sep
140,4677,0,0,3014,9/1/2021,2021,Sep
0,0,0,0,0,9/1/2021,2021,Sep
0,0,0,0,0,9/1/2021,2021,Sep
0,0,0,0,0,9/1/2021,2021,Sep
0,0,0,0,0,9/1/2021,2021,Sep
0,0,0,0,0,9/1/2021,2021,Sep
0,3547,124,16,3560,9/1/2021,2021,Sep
0,0,0,0,0,9/1/2021,2021,Sep
250,3943,0,51,1149,9/1/2021,2021,Sep
0,0,0,0,0,9/1/2021,2021,Sep
0,3534,0,52,1650,9/1/2021,2021,Sep
0,0,0,0,0,9/1/2021,2021,Sep
0,0,0,0,0,9/1/2021,2021,Sep
0,0,0,0,0,9/1/2021,2021,Sep
0,0,0,4,501,9/1/2021,2021,Sep
0,0,0,0,0,9/1/2021,2021,Sep
0,2850,1,0,890,9/1/2021,2021,Sep
373,2045,0,18,963,9/1/2021,2021,Sep
9,2382,0,0,1591,9/1/2021,2021,Sep
49,3652,0,0,461,9/1/2021,2021,Sep
0,0,0,0,22,9/1/2021,2021,Sep
1,2427,0,8,544,9/1/2021,2021,Sep
0,2324,0,7,1535,9/1/2021,2021,Sep
0,2286,0,0,356,9/1/2021,2021,Sep
0,1235,0,0,789,9/1/2021,2021,Sep
12,3052,0,0,449,9/1/2021,2021,Sep
0,772,0,0,212,9/1/2021,2021,Sep
5,2988,0,0,2659,9/1/2021,2021,Sep
10,3416,0,8,386,9/1/2021,2021,Sep
0,0,0,0,4,9/1/2021,2021,Sep
0,0,0,0,0,9/1/2021,2021,Sep
0,0,0,0,0,9/1/2021,2021,Sep
0,0,0,0,3,9/1/2021,2021,Sep
3,1833,0,0,1152,9/1/2021,2021,Sep
0,0,0,0,0,9/1/2021,2021,Sep
1,2223,0,94,2030,9/1/2021,2021,Sep
0,4156,24,0,1363,9/1/2021,2021,Sep
0,1834,0,0,693,9/1/2021,2021,Sep
0,0,0,0,156,9/1/2021,2021,Sep
0,0,0,0,0,9/1/2021,2021,Sep
0,0,0,2,191,9/1/2021,2021,Sep
49,2145,0,0,102,9/1/2021,2021,Sep
21,2789,0,0,824,9/1/2021,2021,Sep
0,3954,0,0,332,9/1/2021,2021,Sep
2,2885,0,0,684,9/1/2021,2021,Sep
0,0,0,0,0,9/1/2021,2021,Sep
0,2660,0,0,420,9/1/2021,2021,Sep
0,0,0,1,0,9/1/2021,2021,Sep
1,2054,0,0,495,9/1/2021,2021,Sep
0,0,0,0,0,9/1/2021,2021,Sep
0,0,0,0,497,9/1/2021,2021,Sep
9,2208,0,0,826,9/1/2021,2021,Sep
4,1527,0,0,488,9/1/2021,2021,Sep
0,3486,23,1,2257,9/1/2021,2021,Sep
0,0,0,0,0,9/1/2021,2021,Sep
120,2356,0,0,706,9/1/2021,2021,Sep
58,2422,0,0,448,9/1/2021,2021,Sep
0,0,0,0,29,9/1/2021,2021,Sep
0,2560,0,0,477,9/1/2021,2021,Sep
16,5282,0,0,789,9/1/2021,2021,Sep
131,2769,0,42,1774,9/1/2021,2021,Sep
0,0,0,0,160,9/1/2021,2021,Sep
0,0,0,0,0,9/1/2021,2021,Sep
85,1871,0,0,1100,9/1/2021,2021,Sep
71,3680,0,0,999,9/1/2021,2021,Sep
2,1536,0,0,362,9/1/2021,2021,Sep
0,3343,19,0,1318,9/1/2021,2021,Sep
47,9941,0,0,3597,9/1/2021,2021,Sep
456,3831,5,0,592,9/1/2021,2021,Sep
2,3012,75,22,2113,9/1/2021,2021,Sep
5,3894,8,0,2068,9/1/2021,2021,Sep
39,4468,0,286,1664,9/1/2021,2021,Sep
148,4377,1,0,2883,9/1/2021,2021,Sep
111,2301,0,24,771,9/1/2021,2021,Sep
127,5181,0,0,2029,9/1/2021,2021,Sep
115,2525,0,984,0,9/1/2021,2021,Sep
97,6778,37,585,1428,9/1/2021,2021,Sep
0,0,0,0,0,9/1/2021,2021,Sep
5,2827,0,0,763,9/1/2021,2021,Sep
1,1958,0,0,206,9/1/2021,2021,Sep
0,3278,0,0,718,9/1/2021,2021,Sep
20,1768,0,0,499,9/1/2021,2021,Sep
0,0,0,0,0,9/1/2021,2021,Sep
4,1207,0,0,75,9/1/2021,2021,Sep
0,0,0,0,0,9/1/2021,2021,Sep
0,0,0,0,0,9/1/2021,2021,Sep
11,2225,0,0,1453,9/1/2021,2021,Sep
0,0,0,0,0,9/1/2021,2021,Sep
36,3438,0,0,1296,9/1/2021,2021,Sep
0,0,0,0,0,9/1/2021,2021,Sep
20,2429,0,0,327,9/1/2021,2021,Sep
109,1354,0,0,291,9/1/2021,2021,Sep
0,1759,0,0,316,9/1/2021,2021,Sep
98,3999,4,0,1309,9/1/2021,2021,Sep
0,1456,0,0,500,4/1/2022,2022,Apr
0,964,0,0,215,4/1/2022,2022,Apr
4,1876,0,0,344,4/1/2022,2022,Apr
0,0,0,0,0,4/1/2022,2022,Apr
0,0,0,0,0,4/1/2022,2022,Apr
0,0,0,0,0,4/1/2022,2022,Apr
0,0,0,0,0,4/1/2022,2022,Apr
724,4324,0,0,761,4/1/2022,2022,Apr
0,2314,0,0,453,4/1/2022,2022,Apr
256,5047,0,0,1200,4/1/2022,2022,Apr
0,0,0,0,0,4/1/2022,2022,Apr
0,4652,0,0,1502,4/1/2022,2022,Apr
0,0,0,30,0,4/1/2022,2022,Apr
0,913,0,0,204,4/1/2022,2022,Apr
928,2395,0,0,799,4/1/2022,2022,Apr
273,1941,0,43,687,4/1/2022,2022,Apr
0,0,0,0,0,4/1/2022,2022,Apr
4,2661,0,9,1303,4/1/2022,2022,Apr
0,0,0,0,0,4/1/2022,2022,Apr
0,0,0,0,0,4/1/2022,2022,Apr
0,0,0,0,0,4/1/2022,2022,Apr
0,3466,719,0,773,4/1/2022,2022,Apr
0,2847,0,0,769,4/1/2022,2022,Apr
417,2529,0,29,548,4/1/2022,2022,Apr
0,0,0,0,0,4/1/2022,2022,Apr
19,2464,0,0,344,4/1/2022,2022,Apr
4,1925,0,561,612,4/1/2022,2022,Apr
0,0,0,0,0,4/1/2022,2022,Apr
0,0,0,16,55,4/1/2022,2022,Apr
0,1432,0,0,763,4/1/2022,2022,Apr
22,5185,0,0,812,4/1/2022,2022,Apr
0,0,0,14,70,4/1/2022,2022,Apr
199,1149,0,0,285,4/1/2022,2022,Apr
3,2573,0,0,378,4/1/2022,2022,Apr
0,0,0,0,0,4/1/2022,2022,Apr
0,0,0,0,0,4/1/2022,2022,Apr
197,2708,0,510,672,4/1/2022,2022,Apr
3,1335,0,0,336,4/1/2022,2022,Apr
0,0,0,0,1,4/1/2022,2022,Apr
55,2651,0,0,197,4/1/2022,2022,Apr
0,0,0,0,0,4/1/2022,2022,Apr
277,790,0,0,121,4/1/2022,2022,Apr
490,4495,0,419,1315,4/1/2022,2022,Apr
771,4017,0,22,1120,4/1/2022,2022,Apr
0,0,0,0,0,4/1/2022,2022,Apr
8,3993,0,187,1262,4/1/2022,2022,Apr
0,3256,0,0,513,4/1/2022,2022,Apr
96,1860,1,0,121,4/1/2022,2022,Apr
0,0,0,0,0,4/1/2022,2022,Apr
0,0,0,0,0,4/1/2022,2022,Apr
0,0,0,0,0,4/1/2022,2022,Apr
0,4525,0,0,805,4/1/2022,2022,Apr
71,1628,0,0,720,4/1/2022,2022,Apr
0,1450,0,0,69,4/1/2022,2022,Apr
0,0,0,1,9,4/1/2022,2022,Apr
690,2331,0,0,1066,4/1/2022,2022,Apr
0,0,0,0,0,4/1/2022,2022,Apr
126,1887,0,0,1322,4/1/2022,2022,Apr
34,3377,0,0,882,4/1/2022,2022,Apr
2,3330,0,0,844,4/1/2022,2022,Apr
43,1078,0,0,339,4/1/2022,2022,Apr
0,0,0,0,0,4/1/2022,2022,Apr
0,0,0,0,0,4/1/2022,2022,Apr
0,0,0,0,0,4/1/2022,2022,Apr
0,0,0,0,0,4/1/2022,2022,Apr
4,1549,0,0,180,4/1/2022,2022,Apr
0,0,0,0,0,4/1/2022,2022,Apr
336,2317,0,0,1232,4/1/2022,2022,Apr
0,0,0,0,0,4/1/2022,2022,Apr
131,2560,0,0,994,4/1/2022,2022,Apr
39,1076,0,0,191,4/1/2022,2022,Apr
306,1484,0,0,420,4/1/2022,2022,Apr
0,0,0,0,0,4/1/2022,2022,Apr
0,1878,0,0,142,4/1/2022,2022,Apr
469,3531,0,0,685,4/1/2022,2022,Apr
180,2206,0,209,455,4/1/2022,2022,Apr
137,2315,0,406,1040,4/1/2022,2022,Apr
0,0,0,0,0,4/1/2022,2022,Apr
337,3382,0,0,949,4/1/2022,2022,Apr
415,3831,0,0,968,4/1/2022,2022,Apr
0,0,0,0,0,4/1/2022,2022,Apr
0,0,0,0,146,4/1/2022,2022,Apr
2,4809,0,0,1370,4/1/2022,2022,Apr
0,0,89,0,16,4/1/2022,2022,Apr
0,0,0,0,0,4/1/2022,2022,Apr
0,0,0,0,0,4/1/2022,2022,Apr
253,5812,0,0,1633,4/1/2022,2022,Apr
0,0,0,0,0,4/1/2022,2022,Apr
78,4454,0,0,875,4/1/2022,2022,Apr
127,7855,46,6,1876,4/1/2022,2022,Apr
0,0,0,0,0,4/1/2022,2022,Apr
0,0,0,0,0,4/1/2022,2022,Apr
84,2299,0,0,1016,4/1/2022,2022,Apr
0,0,0,0,0,4/1/2022,2022,Apr
0,0,0,0,117,4/1/2022,2022,Apr
17,8196,0,193,1196,4/1/2022,2022,Apr
169,2409,0,0,756,4/1/2022,2022,Apr
31,3695,0,210,802,4/1/2022,2022,Apr
0,1543,0,0,504,4/1/2022,2022,Apr
0,0,0,0,0,4/1/2022,2022,Apr
0,0,3,0,173,4/1/2022,2022,Apr
399,2199,0,0,1297,4/1/2022,2022,Apr
360,2629,0,0,1695,4/1/2022,2022,Apr
293,2065,0,0,636,4/1/2022,2022,Apr
0,0,0,0,0,4/1/2022,2022,Apr
302,1718,0,0,297,4/1/2022,2022,Apr
5,1456,0,588,2008,4/1/2022,2022,Apr
450,2857,0,85,1385,4/1/2022,2022,Apr
541,1640,0,0,1416,4/1/2022,2022,Apr
734,6081,0,264,1277,4/1/2022,2022,Apr
725,3646,0,0,510,4/1/2022,2022,Apr
0,4783,0,39,938,4/1/2022,2022,Apr
0,0,0,0,0,4/1/2022,2022,Apr
578,3718,0,0,3182,4/1/2022,2022,Apr
0,0,0,0,0,4/1/2022,2022,Apr
0,0,0,0,0,4/1/2022,2022,Apr
0,0,0,0,0,4/1/2022,2022,Apr
0,0,0,0,0,4/1/2022,2022,Apr
0,0,0,0,0,4/1/2022,2022,Apr
1,3238,101,12,3930,4/1/2022,2022,Apr
0,0,0,0,0,4/1/2022,2022,Apr
0,0,0,0,0,4/1/2022,2022,Apr
0,3056,0,0,2457,4/1/2022,2022,Apr
0,0,0,0,0,4/1/2022,2022,Apr
0,0,0,0,0,4/1/2022,2022,Apr
0,0,0,0,0,4/1/2022,2022,Apr
0,0,0,5,521,4/1/2022,2022,Apr
0,0,0,0,0,4/1/2022,2022,Apr
0,2595,2,0,780,4/1/2022,2022,Apr
663,1757,0,29,1050,4/1/2022,2022,Apr
109,3151,0,0,2043,4/1/2022,2022,Apr
390,3125,0,0,478,4/1/2022,2022,Apr
0,0,0,0,17,4/1/2022,2022,Apr
1,2345,0,1,627,4/1/2022,2022,Apr
7,2241,0,8,1236,4/1/2022,2022,Apr
25,1182,0,0,578,4/1/2022,2022,Apr
23,3067,0,0,453,4/1/2022,2022,Apr
0,768,0,0,162,4/1/2022,2022,Apr
31,3287,0,0,2208,4/1/2022,2022,Apr
108,3292,0,0,282,4/1/2022,2022,Apr
0,0,0,0,5,4/1/2022,2022,Apr
0,0,0,0,0,4/1/2022,2022,Apr
0,0,0,0,0,4/1/2022,2022,Apr
0,0,0,0,9,4/1/2022,2022,Apr
173,1542,0,0,1110,4/1/2022,2022,Apr
0,0,0,0,0,4/1/2022,2022,Apr
48,2450,0,144,1773,4/1/2022,2022,Apr
0,4169,29,0,1265,4/1/2022,2022,Apr
0,1899,0,0,530,4/1/2022,2022,Apr
0,0,0,0,122,4/1/2022,2022,Apr
0,0,0,0,0,4/1/2022,2022,Apr
0,0,0,1,155,4/1/2022,2022,Apr
201,1861,0,0,108,4/1/2022,2022,Apr
466,2417,0,0,797,4/1/2022,2022,Apr
0,4358,0,0,304,4/1/2022,2022,Apr
68,2744,0,0,665,4/1/2022,2022,Apr
0,0,0,0,0,4/1/2022,2022,Apr
0,2324,0,0,356,4/1/2022,2022,Apr
0,0,0,0,0,4/1/2022,2022,Apr
282,1830,0,0,522,4/1/2022,2022,Apr
0,0,0,0,511,4/1/2022,2022,Apr
31,2940,0,0,1712,4/1/2022,2022,Apr
2,1480,0,0,449,4/1/2022,2022,Apr
0,3328,13,0,2230,4/1/2022,2022,Apr
0,0,0,0,0,4/1/2022,2022,Apr
210,1395,0,0,825,4/1/2022,2022,Apr
257,2266,0,0,490,4/1/2022,2022,Apr
0,0,0,0,21,4/1/2022,2022,Apr
0,2338,0,0,517,4/1/2022,2022,Apr
30,5293,0,0,765,4/1/2022,2022,Apr
538,2835,0,41,1603,4/1/2022,2022,Apr
0,0,0,0,165,4/1/2022,2022,Apr
0,0,0,0,0,4/1/2022,2022,Apr
155,1582,0,0,1093,4/1/2022,2022,Apr
745,3569,0,0,949,4/1/2022,2022,Apr
50,1439,0,0,452,4/1/2022,2022,Apr
1,3164,12,0,1312,4/1/2022,2022,Apr
271,8786,0,0,4450,4/1/2022,2022,Apr
809,3402,10,0,814,4/1/2022,2022,Apr
13,3146,87,93,1642,4/1/2022,2022,Apr
171,3702,6,0,1783,4/1/2022,2022,Apr
432,4022,0,259,1418,4/1/2022,2022,Apr
781,4401,1,0,2992,4/1/2022,2022,Apr
257,2242,0,11,836,4/1/2022,2022,Apr
878,4790,0,0,2135,4/1/2022,2022,Apr
320,2144,0,904,0,4/1/2022,2022,Apr
690,5474,32,444,1386,4/1/2022,2022,Apr
0,0,0,0,0,4/1/2022,2022,Apr
6,2720,0,0,652,4/1/2022,2022,Apr
284,1844,0,0,170,4/1/2022,2022,Apr
0,2808,0,0,659,4/1/2022,2022,Apr
66,1567,0,0,679,4/1/2022,2022,Apr
0,0,0,0,0,4/1/2022,2022,Apr
14,1039,0,0,67,4/1/2022,2022,Apr
0,0,0,0,0,4/1/2022,2022,Apr
0,0,0,0,0,4/1/2022,2022,Apr
39,2012,0,0,1463,4/1/2022,2022,Apr
0,0,0,0,0,4/1/2022,2022,Apr
221,3131,0,0,1160,4/1/2022,2022,Apr
0,0,0,0,0,4/1/2022,2022,Apr
73,2340,0,0,431,4/1/2022,2022,Apr
270,1257,0,0,388,4/1/2022,2022,Apr
1,1518,0,0,219,4/1/2022,2022,Apr
750,3493,5,0,1399,4/1/2022,2022,Apr
4,1463,0,0,555,8/1/2022,2022,Aug
0,828,0,0,242,8/1/2022,2022,Aug
3,2352,0,0,1248,8/1/2022,2022,Aug
0,0,0,0,0,8/1/2022,2022,Aug
0,0,0,0,0,8/1/2022,2022,Aug
0,0,0,0,0,8/1/2022,2022,Aug
0,0,0,0,0,8/1/2022,2022,Aug
502,3742,106,0,608,8/1/2022,2022,Aug
0,2405,0,0,548,8/1/2022,2022,Aug
443,5021,0,0,1168,8/1/2022,2022,Aug
7,4073,0,0,1486,8/1/2022,2022,Aug
0,696,0,0,211,8/1/2022,2022,Aug
855,2334,0,0,986,8/1/2022,2022,Aug
387,1965,0,27,639,8/1/2022,2022,Aug
0,0,0,0,0,8/1/2022,2022,Aug
20,2417,0,93,1448,8/1/2022,2022,Aug
0,0,0,0,0,8/1/2022,2022,Aug
0,0,0,0,0,8/1/2022,2022,Aug
0,0,0,0,0,8/1/2022,2022,Aug
0,3367,753,0,1009,8/1/2022,2022,Aug
0,2992,0,0,918,8/1/2022,2022,Aug
402,1904,0,21,454,8/1/2022,2022,Aug
0,0,0,0,0,8/1/2022,2022,Aug
22,2524,0,0,318,8/1/2022,2022,Aug
21,1772,0,695,552,8/1/2022,2022,Aug
0,0,0,0,0,8/1/2022,2022,Aug
0,0,0,19,73,8/1/2022,2022,Aug
600,1373,0,0,873,8/1/2022,2022,Aug
183,4916,0,0,819,8/1/2022,2022,Aug
272,1174,0,0,163,8/1/2022,2022,Aug
0,2612,0,0,359,8/1/2022,2022,Aug
0,0,0,0,0,8/1/2022,2022,Aug
207,2850,0,437,699,8/1/2022,2022,Aug
8,1194,0,0,405,8/1/2022,2022,Aug
0,0,0,0,1,8/1/2022,2022,Aug
32,2858,0,0,194,8/1/2022,2022,Aug
0,0,0,0,0,8/1/2022,2022,Aug
74,853,0,0,145,8/1/2022,2022,Aug
1026,3938,0,326,1569,8/1/2022,2022,Aug
435,3940,0,7,931,8/1/2022,2022,Aug
0,0,0,0,0,8/1/2022,2022,Aug
6,4222,0,239,1253,8/1/2022,2022,Aug
0,2970,0,0,536,8/1/2022,2022,Aug
194,1845,3,0,147,8/1/2022,2022,Aug
0,0,0,0,0,8/1/2022,2022,Aug
0,0,0,0,0,8/1/2022,2022,Aug
0,0,0,0,0,8/1/2022,2022,Aug
0,3922,0,0,276,8/1/2022,2022,Aug
36,1622,0,0,809,8/1/2022,2022,Aug
0,1721,0,0,118,8/1/2022,2022,Aug
0,0,0,0,36,8/1/2022,2022,Aug
674,2346,0,0,1214,8/1/2022,2022,Aug
0,0,0,0,0,8/1/2022,2022,Aug
54,2029,0,0,1345,8/1/2022,2022,Aug
40,3279,0,0,974,8/1/2022,2022,Aug
1,3615,0,0,916,8/1/2022,2022,Aug
82,1036,0,0,370,8/1/2022,2022,Aug
0,0,0,0,0,8/1/2022,2022,Aug
0,0,0,0,0,8/1/2022,2022,Aug
1,0,0,0,0,8/1/2022,2022,Aug
18,1614,0,0,231,8/1/2022,2022,Aug
0,0,0,0,0,8/1/2022,2022,Aug
408,2920,0,0,1735,8/1/2022,2022,Aug
0,0,0,0,0,8/1/2022,2022,Aug
66,2671,0,0,1080,8/1/2022,2022,Aug
53,1073,0,0,206,8/1/2022,2022,Aug
347,1561,0,0,503,8/1/2022,2022,Aug
0,0,0,0,0,8/1/2022,2022,Aug
0,1919,0,0,143,8/1/2022,2022,Aug
647,3477,0,0,660,8/1/2022,2022,Aug
415,1784,0,132,491,8/1/2022,2022,Aug
169,2510,0,92,1336,8/1/2022,2022,Aug
0,0,0,0,0,8/1/2022,2022,Aug
554,3493,0,0,1063,8/1/2022,2022,Aug
387,3423,0,0,1039,8/1/2022,2022,Aug
0,0,0,0,0,8/1/2022,2022,Aug
0,0,0,0,114,8/1/2022,2022,Aug
300,5109,0,0,1604,8/1/2022,2022,Aug
0,0,89,0,19,8/1/2022,2022,Aug
0,0,0,0,0,8/1/2022,2022,Aug
0,0,0,0,0,8/1/2022,2022,Aug
291,6037,0,0,1458,8/1/2022,2022,Aug
0,0,0,0,0,8/1/2022,2022,Aug
2,5104,0,0,871,8/1/2022,2022,Aug
9,7385,40,5,1672,8/1/2022,2022,Aug
0,0,0,0,0,8/1/2022,2022,Aug
0,0,0,0,0,8/1/2022,2022,Aug
148,2402,0,0,856,8/1/2022,2022,Aug
0,0,0,0,0,8/1/2022,2022,Aug
0,0,0,0,107,8/1/2022,2022,Aug
4,8251,0,255,1130,8/1/2022,2022,Aug
196,2292,0,0,841,8/1/2022,2022,Aug
6,3541,0,166,768,8/1/2022,2022,Aug
0,1605,0,0,437,8/1/2022,2022,Aug
0,0,0,0,0,8/1/2022,2022,Aug
0,0,7,0,188,8/1/2022,2022,Aug
709,2211,0,0,1546,8/1/2022,2022,Aug
57,3109,0,0,1414,8/1/2022,2022,Aug
485,2136,0,0,80,8/1/2022,2022,Aug
0,0,0,0,0,8/1/2022,2022,Aug
369,1516,0,0,308,8/1/2022,2022,Aug
18,1416,0,465,2016,8/1/2022,2022,Aug
540,2940,0,64,1428,8/1/2022,2022,Aug
800,1505,0,0,1568,8/1/2022,2022,Aug
820,5643,0,354,1441,8/1/2022,2022,Aug
563,3709,0,0,509,8/1/2022,2022,Aug
0,4890,0,62,896,8/1/2022,2022,Aug
0,0,0,0,0,8/1/2022,2022,Aug
266,3842,0,0,3305,8/1/2022,2022,Aug
0,0,0,0,0,8/1/2022,2022,Aug
0,0,0,0,0,8/1/2022,2022,Aug
0,0,0,0,0,8/1/2022,2022,Aug
0,0,0,0,0,8/1/2022,2022,Aug
0,3416,105,16,3701,8/1/2022,2022,Aug
0,0,0,0,0,8/1/2022,2022,Aug
0,0,0,0,0,8/1/2022,2022,Aug
0,3141,0,0,2324,8/1/2022,2022,Aug
0,0,0,0,0,8/1/2022,2022,Aug
0,0,0,0,0,8/1/2022,2022,Aug
0,0,0,0,0,8/1/2022,2022,Aug
0,0,0,7,584,8/1/2022,2022,Aug
0,0,0,0,0,8/1/2022,2022,Aug
0,2684,0,0,943,8/1/2022,2022,Aug
678,1852,0,18,1073,8/1/2022,2022,Aug
284,3080,0,0,2140,8/1/2022,2022,Aug
520,3175,0,0,452,8/1/2022,2022,Aug
0,0,0,0,23,8/1/2022,2022,Aug
0,2028,0,0,812,8/1/2022,2022,Aug
10,2291,0,3,1294,8/1/2022,2022,Aug
2,1202,0,0,617,8/1/2022,2022,Aug
11,3069,0,0,418,8/1/2022,2022,Aug
0,623,0,0,163,8/1/2022,2022,Aug
42,3009,0,0,2541,8/1/2022,2022,Aug
106,3135,0,0,265,8/1/2022,2022,Aug
0,0,0,0,9,8/1/2022,2022,Aug
0,0,0,0,0,8/1/2022,2022,Aug
0,0,0,0,0,8/1/2022,2022,Aug
0,0,0,0,3,8/1/2022,2022,Aug
177,1753,0,0,1197,8/1/2022,2022,Aug
0,0,0,0,0,8/1/2022,2022,Aug
29,2173,0,133,1715,8/1/2022,2022,Aug
3,4213,25,0,1129,8/1/2022,2022,Aug
0,1924,0,0,598,8/1/2022,2022,Aug
0,0,0,0,139,8/1/2022,2022,Aug
0,0,0,0,0,8/1/2022,2022,Aug
0,0,0,4,164,8/1/2022,2022,Aug
236,1769,0,0,86,8/1/2022,2022,Aug
612,2260,0,0,809,8/1/2022,2022,Aug
0,4454,0,0,350,8/1/2022,2022,Aug
0,0,0,0,0,8/1/2022,2022,Aug
102,2560,0,0,654,8/1/2022,2022,Aug
0,0,0,0,0,8/1/2022,2022,Aug
183,2419,0,0,335,8/1/2022,2022,Aug
0,0,0,0,0,8/1/2022,2022,Aug
238,1727,0,0,456,8/1/2022,2022,Aug
0,0,0,0,0,8/1/2022,2022,Aug
0,0,0,0,618,8/1/2022,2022,Aug
90,3045,0,0,1377,8/1/2022,2022,Aug
18,1505,0,0,432,8/1/2022,2022,Aug
0,2948,19,0,2712,8/1/2022,2022,Aug
0,0,0,0,0,8/1/2022,2022,Aug
124,1397,0,0,864,8/1/2022,2022,Aug
390,2185,0,0,482,8/1/2022,2022,Aug
0,0,0,0,22,8/1/2022,2022,Aug
0,2513,0,0,482,8/1/2022,2022,Aug
130,5343,0,0,828,8/1/2022,2022,Aug
585,2744,0,44,1479,8/1/2022,2022,Aug
0,0,0,0,165,8/1/2022,2022,Aug
0,0,0,0,0,8/1/2022,2022,Aug
145,1673,0,0,1148,8/1/2022,2022,Aug
1088,3625,0,0,1042,8/1/2022,2022,Aug
33,1429,0,0,430,8/1/2022,2022,Aug
1,3155,10,0,1363,8/1/2022,2022,Aug
525,8567,0,0,5009,8/1/2022,2022,Aug
758,3711,9,0,961,8/1/2022,2022,Aug
4,2970,79,11,1581,8/1/2022,2022,Aug
95,3557,8,0,1827,8/1/2022,2022,Aug
348,3766,0,244,1664,8/1/2022,2022,Aug
890,4387,3,0,3030,8/1/2022,2022,Aug
415,2508,0,21,759,8/1/2022,2022,Aug
346,4789,0,0,2531,8/1/2022,2022,Aug
774,2337,0,988,0,8/1/2022,2022,Aug
925,5408,45,271,1601,8/1/2022,2022,Aug
0,0,0,0,0,8/1/2022,2022,Aug
13,2743,0,0,667,8/1/2022,2022,Aug
486,2082,0,0,227,8/1/2022,2022,Aug
0,2810,0,0,712,8/1/2022,2022,Aug
223,1585,0,0,682,8/1/2022,2022,Aug
0,0,0,0,0,8/1/2022,2022,Aug
34,967,0,0,91,8/1/2022,2022,Aug
0,0,0,0,0,8/1/2022,2022,Aug
0,0,0,0,0,8/1/2022,2022,Aug
155,1936,0,0,1561,8/1/2022,2022,Aug
0,0,0,0,0,8/1/2022,2022,Aug
254,3230,0,0,1245,8/1/2022,2022,Aug
0,0,0,0,0,8/1/2022,2022,Aug
168,1973,0,0,487,8/1/2022,2022,Aug
278,1263,0,0,522,8/1/2022,2022,Aug
0,1701,0,0,311,8/1/2022,2022,Aug
924,3495,6,0,1337,8/1/2022,2022,Aug
70,1609,0,0,603,12/1/2022,2022,Dec
0,1273,0,0,234,12/1/2022,2022,Dec
1,2417,0,0,929,12/1/2022,2022,Dec
0,0,0,0,0,12/1/2022,2022,Dec
0,0,0,0,0,12/1/2022,2022,Dec
0,0,0,0,0,12/1/2022,2022,Dec
0,0,0,0,0,12/1/2022,2022,Dec
805,4360,0,0,474,12/1/2022,2022,Dec
63,2590,0,0,636,12/1/2022,2022,Dec
1136,5104,0,0,1148,12/1/2022,2022,Dec
0,0,0,0,0,12/1/2022,2022,Dec
69,4290,0,0,2070,12/1/2022,2022,Dec
0,0,0,59,0,12/1/2022,2022,Dec
0,839,0,0,204,12/1/2022,2022,Dec
1117,2610,0,0,1742,12/1/2022,2022,Dec
561,2185,0,88,783,12/1/2022,2022,Dec
0,0,0,0,0,12/1/2022,2022,Dec
105,2803,0,72,1740,12/1/2022,2022,Dec
0,0,0,0,0,12/1/2022,2022,Dec
0,0,0,0,0,12/1/2022,2022,Dec
0,0,0,0,0,12/1/2022,2022,Dec
462,3444,760,0,861,12/1/2022,2022,Dec
12,3391,0,0,944,12/1/2022,2022,Dec
604,2706,0,24,464,12/1/2022,2022,Dec
0,0,0,0,0,12/1/2022,2022,Dec
35,2776,0,0,349,12/1/2022,2022,Dec
145,1997,0,634,588,12/1/2022,2022,Dec
0,0,0,0,0,12/1/2022,2022,Dec
0,0,0,32,72,12/1/2022,2022,Dec
824,1634,0,0,1035,12/1/2022,2022,Dec
791,4114,0,0,923,12/1/2022,2022,Dec
535,1288,0,0,161,12/1/2022,2022,Dec
27,2795,0,0,349,12/1/2022,2022,Dec
0,0,0,0,0,12/1/2022,2022,Dec
0,0,0,0,0,12/1/2022,2022,Dec
501,3166,0,505,735,12/1/2022,2022,Dec
50,1334,0,0,472,12/1/2022,2022,Dec
0,0,0,0,0,12/1/2022,2022,Dec
191,2519,0,0,555,12/1/2022,2022,Dec
0,0,0,0,0,12/1/2022,2022,Dec
605,1005,0,0,152,12/1/2022,2022,Dec
1190,3656,0,431,1572,12/1/2022,2022,Dec
1053,4041,0,29,1406,12/1/2022,2022,Dec
0,0,0,0,0,12/1/2022,2022,Dec
356,4489,0,287,1273,12/1/2022,2022,Dec
5,3143,0,0,555,12/1/2022,2022,Dec
574,1989,4,0,293,12/1/2022,2022,Dec
0,0,0,0,0,12/1/2022,2022,Dec
0,0,0,0,0,12/1/2022,2022,Dec
0,0,0,0,0,12/1/2022,2022,Dec
0,5565,0,0,1314,12/1/2022,2022,Dec
538,1778,0,0,721,12/1/2022,2022,Dec
10,1923,0,0,59,12/1/2022,2022,Dec
0,0,0,0,17,12/1/2022,2022,Dec
781,2742,0,0,1474,12/1/2022,2022,Dec
0,0,0,0,0,12/1/2022,2022,Dec
170,2150,0,0,1370,12/1/2022,2022,Dec
33,3271,0,0,955,12/1/2022,2022,Dec
50,3817,0,0,1029,12/1/2022,2022,Dec
153,1239,0,0,384,12/1/2022,2022,Dec
0,3,0,0,0,12/1/2022,2022,Dec
0,0,0,0,0,12/1/2022,2022,Dec
0,0,0,0,0,12/1/2022,2022,Dec
50,1749,0,0,171,12/1/2022,2022,Dec
0,0,0,0,0,12/1/2022,2022,Dec
631,3101,0,0,2303,12/1/2022,2022,Dec
0,0,0,0,0,12/1/2022,2022,Dec
267,2848,0,0,920,12/1/2022,2022,Dec
323,1150,0,0,255,12/1/2022,2022,Dec
432,1798,0,0,397,12/1/2022,2022,Dec
0,0,0,0,0,12/1/2022,2022,Dec
0,2222,0,0,130,12/1/2022,2022,Dec
1209,3689,0,0,563,12/1/2022,2022,Dec
626,1937,0,203,563,12/1/2022,2022,Dec
153,2919,0,149,1308,12/1/2022,2022,Dec
0,0,0,0,0,12/1/2022,2022,Dec
1134,3760,0,0,1108,12/1/2022,2022,Dec
874,3549,0,0,1217,12/1/2022,2022,Dec
0,0,0,0,0,12/1/2022,2022,Dec
0,0,0,0,180,12/1/2022,2022,Dec
1306,4399,0,0,1480,12/1/2022,2022,Dec
0,0,99,0,12,12/1/2022,2022,Dec
0,0,0,0,0,12/1/2022,2022,Dec
0,0,0,0,0,12/1/2022,2022,Dec
597,6178,0,0,1288,12/1/2022,2022,Dec
0,0,0,0,0,12/1/2022,2022,Dec
114,4718,0,0,1043,12/1/2022,2022,Dec
780,6142,210,174,453,12/1/2022,2022,Dec
0,0,0,0,0,12/1/2022,2022,Dec
0,0,0,0,0,12/1/2022,2022,Dec
560,2247,0,0,1078,12/1/2022,2022,Dec
0,0,0,0,0,12/1/2022,2022,Dec
0,0,0,0,84,12/1/2022,2022,Dec
16,8305,0,280,1133,12/1/2022,2022,Dec
584,2445,0,0,862,12/1/2022,2022,Dec
42,3794,0,176,1009,12/1/2022,2022,Dec
0,1913,0,0,456,12/1/2022,2022,Dec
0,0,0,0,0,12/1/2022,2022,Dec
0,0,10,0,186,12/1/2022,2022,Dec
420,2583,0,0,1561,12/1/2022,2022,Dec
786,2080,0,0,1894,12/1/2022,2022,Dec
648,2383,0,0,770,12/1/2022,2022,Dec
0,0,0,0,0,12/1/2022,2022,Dec
859,1831,0,0,344,12/1/2022,2022,Dec
46,1820,0,596,2280,12/1/2022,2022,Dec
710,3168,0,115,1464,12/1/2022,2022,Dec
660,1936,0,0,1609,12/1/2022,2022,Dec
797,6775,0,392,1388,12/1/2022,2022,Dec
960,4092,0,0,648,12/1/2022,2022,Dec
24,5727,0,68,1022,12/1/2022,2022,Dec
0,0,0,0,0,12/1/2022,2022,Dec
799,4022,0,0,3609,12/1/2022,2022,Dec
0,0,0,0,0,12/1/2022,2022,Dec
0,0,0,0,0,12/1/2022,2022,Dec
0,0,0,0,0,12/1/2022,2022,Dec
0,0,0,0,0,12/1/2022,2022,Dec
0,0,0,0,0,12/1/2022,2022,Dec
3,3818,112,8,3906,12/1/2022,2022,Dec
0,0,0,0,0,12/1/2022,2022,Dec
0,0,0,0,0,12/1/2022,2022,Dec
0,3731,0,0,2127,12/1/2022,2022,Dec
0,0,0,0,0,12/1/2022,2022,Dec
0,0,0,0,0,12/1/2022,2022,Dec
0,0,0,0,0,12/1/2022,2022,Dec
0,0,0,4,450,12/1/2022,2022,Dec
0,0,0,0,0,12/1/2022,2022,Dec
0,2698,0,0,772,12/1/2022,2022,Dec
681,2154,0,31,1318,12/1/2022,2022,Dec
421,3595,0,0,2109,12/1/2022,2022,Dec
697,3408,0,0,443,12/1/2022,2022,Dec
0,0,0,0,27,12/1/2022,2022,Dec
41,2130,0,0,817,12/1/2022,2022,Dec
216,2313,0,5,1329,12/1/2022,2022,Dec
75,1213,0,0,810,12/1/2022,2022,Dec
375,3104,0,0,598,12/1/2022,2022,Dec
0,1057,0,0,194,12/1/2022,2022,Dec
75,3181,0,0,2321,12/1/2022,2022,Dec
502,3433,0,0,495,12/1/2022,2022,Dec
0,0,0,0,14,12/1/2022,2022,Dec
0,0,0,0,0,12/1/2022,2022,Dec
0,0,0,0,0,12/1/2022,2022,Dec
0,0,0,0,5,12/1/2022,2022,Dec
165,1977,0,0,1241,12/1/2022,2022,Dec
0,0,0,0,0,12/1/2022,2022,Dec
155,2436,0,81,1674,12/1/2022,2022,Dec
75,4513,19,0,1138,12/1/2022,2022,Dec
12,1856,0,0,504,12/1/2022,2022,Dec
0,0,0,0,119,12/1/2022,2022,Dec
0,0,0,0,0,12/1/2022,2022,Dec
0,0,0,2,195,12/1/2022,2022,Dec
352,2097,0,0,96,12/1/2022,2022,Dec
734,2379,0,0,790,12/1/2022,2022,Dec
17,4659,0,0,398,12/1/2022,2022,Dec
0,0,0,0,0,12/1/2022,2022,Dec
282,2573,0,0,709,12/1/2022,2022,Dec
0,0,0,0,0,12/1/2022,2022,Dec
574,3046,0,0,672,12/1/2022,2022,Dec
0,0,0,1,0,12/1/2022,2022,Dec
312,2250,0,0,492,12/1/2022,2022,Dec
0,0,0,0,0,12/1/2022,2022,Dec
0,0,0,0,628,12/1/2022,2022,Dec
67,3520,0,0,1433,12/1/2022,2022,Dec
110,1636,0,0,398,12/1/2022,2022,Dec
94,3592,13,0,2640,12/1/2022,2022,Dec
0,0,0,0,0,12/1/2022,2022,Dec
139,2009,0,0,436,12/1/2022,2022,Dec
655,2207,0,0,464,12/1/2022,2022,Dec
0,0,0,0,12,12/1/2022,2022,Dec
41,2787,0,0,609,12/1/2022,2022,Dec
487,5374,0,0,903,12/1/2022,2022,Dec
962,2792,0,55,1886,12/1/2022,2022,Dec
0,0,0,0,160,12/1/2022,2022,Dec
0,0,0,0,0,12/1/2022,2022,Dec
264,1744,0,0,1133,12/1/2022,2022,Dec
1034,4191,0,0,959,12/1/2022,2022,Dec
97,1381,0,0,256,12/1/2022,2022,Dec
6,3610,12,0,1331,12/1/2022,2022,Dec
1830,9356,0,0,4400,12/1/2022,2022,Dec
1217,4111,9,0,1147,12/1/2022,2022,Dec
134,3380,86,77,1425,12/1/2022,2022,Dec
332,3854,8,0,2110,12/1/2022,2022,Dec
872,3987,0,182,2137,12/1/2022,2022,Dec
1299,5145,4,0,3171,12/1/2022,2022,Dec
677,2674,0,25,839,12/1/2022,2022,Dec
1289,5280,0,0,2757,12/1/2022,2022,Dec
989,2154,0,1139,0,12/1/2022,2022,Dec
1680,5758,10,247,1381,12/1/2022,2022,Dec
0,0,0,0,0,12/1/2022,2022,Dec
259,3035,0,0,865,12/1/2022,2022,Dec
951,2535,0,0,230,12/1/2022,2022,Dec
0,3018,0,0,484,12/1/2022,2022,Dec
606,1904,0,0,710,12/1/2022,2022,Dec
0,0,0,0,0,12/1/2022,2022,Dec
350,1056,0,0,55,12/1/2022,2022,Dec
0,0,0,0,0,12/1/2022,2022,Dec
0,0,0,0,0,12/1/2022,2022,Dec
99,2280,0,0,1490,12/1/2022,2022,Dec
0,0,0,0,0,12/1/2022,2022,Dec
401,3436,0,0,1234,12/1/2022,2022,Dec
0,0,0,0,0,12/1/2022,2022,Dec
259,2248,0,0,517,12/1/2022,2022,Dec
346,1591,0,0,523,12/1/2022,2022,Dec
0,1780,0,0,334,12/1/2022,2022,Dec
1234,3821,3,0,1459,12/1/2022,2022,Dec
2,1376,0,0,501,2/1/2022,2022,Feb
0,1041,0,0,226,2/1/2022,2022,Feb
5,1749,0,0,335,2/1/2022,2022,Feb
0,0,0,0,0,2/1/2022,2022,Feb
0,0,0,0,0,2/1/2022,2022,Feb
0,0,0,0,0,2/1/2022,2022,Feb
0,0,0,0,0,2/1/2022,2022,Feb
732,3505,0,0,614,2/1/2022,2022,Feb
0,2218,0,0,463,2/1/2022,2022,Feb
361,4833,0,0,1233,2/1/2022,2022,Feb
0,0,0,0,0,2/1/2022,2022,Feb
4,4027,0,0,1196,2/1/2022,2022,Feb
0,0,0,25,0,2/1/2022,2022,Feb
0,0,0,0,0,2/1/2022,2022,Feb
0,979,0,0,162,2/1/2022,2022,Feb
735,2413,0,0,711,2/1/2022,2022,Feb
113,1910,0,23,668,2/1/2022,2022,Feb
0,0,0,0,0,2/1/2022,2022,Feb
2,2519,0,23,1310,2/1/2022,2022,Feb
0,0,0,0,0,2/1/2022,2022,Feb
0,0,0,0,0,2/1/2022,2022,Feb
0,0,0,0,0,2/1/2022,2022,Feb
0,3032,641,0,699,2/1/2022,2022,Feb
1,2656,0,0,764,2/1/2022,2022,Feb
227,2468,0,27,551,2/1/2022,2022,Feb
0,0,0,0,0,2/1/2022,2022,Feb
15,2328,0,0,312,2/1/2022,2022,Feb
0,2147,0,418,571,2/1/2022,2022,Feb
0,0,0,0,0,2/1/2022,2022,Feb
0,0,0,35,42,2/1/2022,2022,Feb
0,1378,0,0,867,2/1/2022,2022,Feb
10,4730,0,0,830,2/1/2022,2022,Feb
0,0,0,11,54,2/1/2022,2022,Feb
233,915,0,0,278,2/1/2022,2022,Feb
1,2582,0,0,354,2/1/2022,2022,Feb
0,0,0,0,0,2/1/2022,2022,Feb
0,0,0,0,0,2/1/2022,2022,Feb
23,2512,0,432,689,2/1/2022,2022,Feb
11,1234,0,0,308,2/1/2022,2022,Feb
0,0,0,0,0,2/1/2022,2022,Feb
19,2447,0,0,222,2/1/2022,2022,Feb
0,0,0,0,0,2/1/2022,2022,Feb
68,810,0,0,142,2/1/2022,2022,Feb
173,4403,0,353,1335,2/1/2022,2022,Feb
300,4093,0,11,955,2/1/2022,2022,Feb
0,0,0,0,0,2/1/2022,2022,Feb
4,4087,0,239,1328,2/1/2022,2022,Feb
0,3283,0,0,569,2/1/2022,2022,Feb
86,1755,2,0,117,2/1/2022,2022,Feb
0,0,0,0,0,2/1/2022,2022,Feb
0,0,0,0,0,2/1/2022,2022,Feb
0,0,0,0,0,2/1/2022,2022,Feb
2,4281,0,0,1031,2/1/2022,2022,Feb
0,1486,0,0,614,2/1/2022,2022,Feb
0,1248,0,0,72,2/1/2022,2022,Feb
0,0,0,0,8,2/1/2022,2022,Feb
394,2393,0,0,1025,2/1/2022,2022,Feb
0,0,0,0,0,2/1/2022,2022,Feb
77,1774,0,0,1414,2/1/2022,2022,Feb
29,3149,0,0,852,2/1/2022,2022,Feb
2,3134,0,0,860,2/1/2022,2022,Feb
37,944,0,0,305,2/1/2022,2022,Feb
0,0,0,0,1,2/1/2022,2022,Feb
0,0,0,0,0,2/1/2022,2022,Feb
0,0,0,0,0,2/1/2022,2022,Feb
0,0,0,0,0,2/1/2022,2022,Feb
5,1578,0,0,151,2/1/2022,2022,Feb
0,0,0,0,0,2/1/2022,2022,Feb
51,2199,0,0,1185,2/1/2022,2022,Feb
0,0,0,0,0,2/1/2022,2022,Feb
146,2442,0,0,1010,2/1/2022,2022,Feb
4,1016,0,0,145,2/1/2022,2022,Feb
341,1393,0,0,409,2/1/2022,2022,Feb
0,0,0,0,0,2/1/2022,2022,Feb
0,1754,0,0,168,2/1/2022,2022,Feb
187,3361,0,0,677,2/1/2022,2022,Feb
148,2303,0,187,441,2/1/2022,2022,Feb
45,2158,0,413,1024,2/1/2022,2022,Feb
0,0,0,0,0,2/1/2022,2022,Feb
140,3422,0,0,971,2/1/2022,2022,Feb
244,3547,0,0,893,2/1/2022,2022,Feb
0,0,0,0,0,2/1/2022,2022,Feb
0,0,0,0,201,2/1/2022,2022,Feb
0,4759,0,0,1392,2/1/2022,2022,Feb
0,0,84,0,12,2/1/2022,2022,Feb
0,0,0,0,0,2/1/2022,2022,Feb
0,0,0,0,0,2/1/2022,2022,Feb
21,4898,0,0,1385,2/1/2022,2022,Feb
0,0,0,0,0,2/1/2022,2022,Feb
2,4256,0,0,836,2/1/2022,2022,Feb
54,7069,36,5,1709,2/1/2022,2022,Feb
0,0,0,0,0,2/1/2022,2022,Feb
0,0,0,0,0,2/1/2022,2022,Feb
25,2306,0,0,1045,2/1/2022,2022,Feb
0,0,0,0,0,2/1/2022,2022,Feb
0,0,0,0,127,2/1/2022,2022,Feb
8,8078,0,220,1151,2/1/2022,2022,Feb
61,2345,0,0,732,2/1/2022,2022,Feb
0,3382,0,140,864,2/1/2022,2022,Feb
0,1550,0,0,395,2/1/2022,2022,Feb
0,0,0,0,0,2/1/2022,2022,Feb
0,0,23,0,139,2/1/2022,2022,Feb
299,1988,0,0,1269,2/1/2022,2022,Feb
367,2475,0,0,1625,2/1/2022,2022,Feb
340,1891,0,0,651,2/1/2022,2022,Feb
0,0,0,0,0,2/1/2022,2022,Feb
355,1562,0,0,152,2/1/2022,2022,Feb
0,1287,0,500,1892,2/1/2022,2022,Feb
365,2686,0,50,1351,2/1/2022,2022,Feb
394,1639,0,0,1405,2/1/2022,2022,Feb
441,5582,0,235,1393,2/1/2022,2022,Feb
22,944,0,0,392,2/1/2022,2022,Feb
307,3404,0,0,469,2/1/2022,2022,Feb
0,4584,0,24,825,2/1/2022,2022,Feb
0,0,0,0,0,2/1/2022,2022,Feb
535,3096,0,0,3540,2/1/2022,2022,Feb
0,0,0,0,0,2/1/2022,2022,Feb
0,0,0,0,0,2/1/2022,2022,Feb
0,0,0,0,0,2/1/2022,2022,Feb
0,0,0,0,0,2/1/2022,2022,Feb
0,0,0,0,0,2/1/2022,2022,Feb
1,3195,104,10,3406,2/1/2022,2022,Feb
0,0,0,0,0,2/1/2022,2022,Feb
0,0,0,0,0,2/1/2022,2022,Feb
0,3004,0,2,2391,2/1/2022,2022,Feb
0,0,0,0,0,2/1/2022,2022,Feb
0,0,0,0,0,2/1/2022,2022,Feb
0,0,0,0,0,2/1/2022,2022,Feb
0,0,0,4,493,2/1/2022,2022,Feb
0,0,0,0,0,2/1/2022,2022,Feb
0,2655,3,0,855,2/1/2022,2022,Feb
577,1405,0,23,1061,2/1/2022,2022,Feb
65,1973,0,0,1580,2/1/2022,2022,Feb
230,3153,0,0,444,2/1/2022,2022,Feb
0,0,0,0,28,2/1/2022,2022,Feb
0,2208,0,0,571,2/1/2022,2022,Feb
1,2089,0,6,1278,2/1/2022,2022,Feb
0,1217,0,0,648,2/1/2022,2022,Feb
2,2891,0,0,424,2/1/2022,2022,Feb
0,784,0,0,155,2/1/2022,2022,Feb
2,2907,0,0,2111,2/1/2022,2022,Feb
41,3188,0,0,332,2/1/2022,2022,Feb
0,0,0,0,5,2/1/2022,2022,Feb
0,0,0,0,0,2/1/2022,2022,Feb
0,0,0,0,0,2/1/2022,2022,Feb
0,0,0,0,2,2/1/2022,2022,Feb
83,1520,0,0,1025,2/1/2022,2022,Feb
0,0,0,0,0,2/1/2022,2022,Feb
10,2235,0,144,1771,2/1/2022,2022,Feb
0,3963,24,0,1169,2/1/2022,2022,Feb
0,1764,0,0,547,2/1/2022,2022,Feb
0,0,0,0,110,2/1/2022,2022,Feb
0,0,0,0,0,2/1/2022,2022,Feb
0,0,0,0,153,2/1/2022,2022,Feb
195,1878,0,0,103,2/1/2022,2022,Feb
387,2211,0,0,717,2/1/2022,2022,Feb
0,3869,0,0,307,2/1/2022,2022,Feb
9,2570,0,0,697,2/1/2022,2022,Feb
0,0,0,0,0,2/1/2022,2022,Feb
0,2278,0,0,352,2/1/2022,2022,Feb
0,0,0,0,0,2/1/2022,2022,Feb
92,1842,0,0,443,2/1/2022,2022,Feb
0,0,0,0,0,2/1/2022,2022,Feb
0,0,0,0,480,2/1/2022,2022,Feb
45,2848,0,0,1508,2/1/2022,2022,Feb
22,1370,0,0,470,2/1/2022,2022,Feb
0,3151,15,1,2126,2/1/2022,2022,Feb
0,0,0,0,0,2/1/2022,2022,Feb
274,1270,0,0,800,2/1/2022,2022,Feb
37,2212,0,0,511,2/1/2022,2022,Feb
0,0,0,0,17,2/1/2022,2022,Feb
0,2378,0,0,452,2/1/2022,2022,Feb
41,5012,0,0,739,2/1/2022,2022,Feb
336,2637,0,51,1664,2/1/2022,2022,Feb
0,0,0,0,136,2/1/2022,2022,Feb
0,0,0,0,0,2/1/2022,2022,Feb
123,1706,0,0,1032,2/1/2022,2022,Feb
637,3516,0,0,955,2/1/2022,2022,Feb
37,1312,0,0,371,2/1/2022,2022,Feb
2,2782,12,0,1179,2/1/2022,2022,Feb
87,8539,0,0,4421,2/1/2022,2022,Feb
844,3416,9,0,1486,2/1/2022,2022,Feb
5,2754,93,15,1970,2/1/2022,2022,Feb
52,3336,1,0,1973,2/1/2022,2022,Feb
116,3801,0,261,1620,2/1/2022,2022,Feb
628,3985,3,0,3087,2/1/2022,2022,Feb
268,2097,0,17,874,2/1/2022,2022,Feb
723,4727,0,0,2291,2/1/2022,2022,Feb
274,2011,0,899,0,2/1/2022,2022,Feb
337,5459,34,471,1343,2/1/2022,2022,Feb
0,0,0,0,0,2/1/2022,2022,Feb
1,2657,0,0,793,2/1/2022,2022,Feb
68,1784,0,0,199,2/1/2022,2022,Feb
0,2646,0,0,858,2/1/2022,2022,Feb
45,1639,0,0,505,2/1/2022,2022,Feb
0,0,0,0,0,2/1/2022,2022,Feb
17,996,0,0,76,2/1/2022,2022,Feb
0,0,0,0,0,2/1/2022,2022,Feb
0,0,0,0,0,2/1/2022,2022,Feb
7,2004,0,0,1446,2/1/2022,2022,Feb
0,0,0,0,0,2/1/2022,2022,Feb
221,3091,0,0,1123,2/1/2022,2022,Feb
0,0,0,0,0,2/1/2022,2022,Feb
52,1965,0,0,428,2/1/2022,2022,Feb
252,1250,0,0,313,2/1/2022,2022,Feb
0,1433,0,0,362,2/1/2022,2022,Feb
583,3459,3,0,1355,2/1/2022,2022,Feb
0,1429,0,0,535,1/1/2022,2022,Jan
0,1054,0,0,215,1/1/2022,2022,Jan
11,1989,0,0,355,1/1/2022,2022,Jan
0,0,0,0,0,1/1/2022,2022,Jan
0,0,0,0,0,1/1/2022,2022,Jan
0,0,0,0,0,1/1/2022,2022,Jan
0,0,0,0,0,1/1/2022,2022,Jan
810,3739,0,0,649,1/1/2022,2022,Jan
9,2374,0,0,462,1/1/2022,2022,Jan
311,5140,0,0,1253,1/1/2022,2022,Jan
0,0,0,0,0,1/1/2022,2022,Jan
6,4223,0,0,1411,1/1/2022,2022,Jan
0,0,0,52,0,1/1/2022,2022,Jan
0,0,0,0,0,1/1/2022,2022,Jan
0,1129,0,0,149,1/1/2022,2022,Jan
837,2501,0,0,752,1/1/2022,2022,Jan
156,1904,0,40,675,1/1/2022,2022,Jan
0,0,0,0,0,1/1/2022,2022,Jan
2,2573,0,22,1159,1/1/2022,2022,Jan
0,0,0,0,0,1/1/2022,2022,Jan
0,0,0,0,0,1/1/2022,2022,Jan
0,0,0,0,0,1/1/2022,2022,Jan
0,3196,766,0,629,1/1/2022,2022,Jan
4,2728,0,0,732,1/1/2022,2022,Jan
121,2614,0,43,571,1/1/2022,2022,Jan
0,0,0,0,0,1/1/2022,2022,Jan
8,2519,0,0,329,1/1/2022,2022,Jan
2,2014,0,409,460,1/1/2022,2022,Jan
0,0,0,0,0,1/1/2022,2022,Jan
0,0,0,24,64,1/1/2022,2022,Jan
0,1436,0,0,715,1/1/2022,2022,Jan
17,5039,0,0,820,1/1/2022,2022,Jan
0,0,0,11,67,1/1/2022,2022,Jan
120,1049,0,0,284,1/1/2022,2022,Jan
0,2729,0,0,352,1/1/2022,2022,Jan
0,0,0,0,0,1/1/2022,2022,Jan
0,0,0,0,0,1/1/2022,2022,Jan
79,2699,0,309,693,1/1/2022,2022,Jan
1,1377,0,0,321,1/1/2022,2022,Jan
0,0,0,4,3,1/1/2022,2022,Jan
16,2716,0,0,173,1/1/2022,2022,Jan
0,0,0,0,0,1/1/2022,2022,Jan
101,855,0,0,113,1/1/2022,2022,Jan
164,4831,0,423,1292,1/1/2022,2022,Jan
233,4126,0,15,924,1/1/2022,2022,Jan
0,0,0,0,0,1/1/2022,2022,Jan
4,4247,0,191,1115,1/1/2022,2022,Jan
0,3588,0,0,546,1/1/2022,2022,Jan
105,1989,4,0,110,1/1/2022,2022,Jan
0,0,0,0,0,1/1/2022,2022,Jan
0,0,0,0,0,1/1/2022,2022,Jan
0,0,0,0,0,1/1/2022,2022,Jan
2,4761,0,0,973,1/1/2022,2022,Jan
12,1626,0,0,685,1/1/2022,2022,Jan
0,1384,0,0,81,1/1/2022,2022,Jan
0,0,0,0,4,1/1/2022,2022,Jan
300,2985,0,0,1048,1/1/2022,2022,Jan
0,0,0,0,0,1/1/2022,2022,Jan
29,2011,0,0,1459,1/1/2022,2022,Jan
19,3225,0,0,849,1/1/2022,2022,Jan
1,3444,0,0,913,1/1/2022,2022,Jan
4,1039,0,0,280,1/1/2022,2022,Jan
0,0,0,0,0,1/1/2022,2022,Jan
0,0,0,0,0,1/1/2022,2022,Jan
0,0,0,0,0,1/1/2022,2022,Jan
0,0,0,0,0,1/1/2022,2022,Jan
4,1692,0,0,151,1/1/2022,2022,Jan
0,0,0,0,0,1/1/2022,2022,Jan
3,2408,0,0,1319,1/1/2022,2022,Jan
0,0,0,0,0,1/1/2022,2022,Jan
145,2678,0,0,990,1/1/2022,2022,Jan
18,1076,0,0,149,1/1/2022,2022,Jan
320,1506,0,0,393,1/1/2022,2022,Jan
0,0,0,0,0,1/1/2022,2022,Jan
0,1827,0,0,180,1/1/2022,2022,Jan
161,3742,0,0,775,1/1/2022,2022,Jan
40,2331,0,198,479,1/1/2022,2022,Jan
120,2220,0,409,1013,1/1/2022,2022,Jan
0,0,0,0,0,1/1/2022,2022,Jan
82,3774,0,0,952,1/1/2022,2022,Jan
169,3755,0,0,844,1/1/2022,2022,Jan
0,0,0,0,0,1/1/2022,2022,Jan
0,0,0,0,225,1/1/2022,2022,Jan
1,4996,0,0,1671,1/1/2022,2022,Jan
0,0,84,0,7,1/1/2022,2022,Jan
0,0,0,0,0,1/1/2022,2022,Jan
0,0,0,0,0,1/1/2022,2022,Jan
19,5342,0,0,1402,1/1/2022,2022,Jan
0,0,0,0,0,1/1/2022,2022,Jan
11,4623,0,0,912,1/1/2022,2022,Jan
288,7804,69,4,1723,1/1/2022,2022,Jan
0,0,0,0,0,1/1/2022,2022,Jan
0,0,0,0,0,1/1/2022,2022,Jan
74,2476,0,0,1102,1/1/2022,2022,Jan
0,0,0,0,0,1/1/2022,2022,Jan
0,0,0,0,124,1/1/2022,2022,Jan
2,8550,0,258,1213,1/1/2022,2022,Jan
95,2449,0,0,740,1/1/2022,2022,Jan
1,3777,0,168,895,1/1/2022,2022,Jan
0,1670,0,0,477,1/1/2022,2022,Jan
0,0,0,0,0,1/1/2022,2022,Jan
0,0,20,0,152,1/1/2022,2022,Jan
261,2216,0,0,1314,1/1/2022,2022,Jan
295,2954,0,0,1693,1/1/2022,2022,Jan
269,2097,0,0,665,1/1/2022,2022,Jan
0,0,0,0,0,1/1/2022,2022,Jan
399,1644,0,0,198,1/1/2022,2022,Jan
7,1398,0,496,1804,1/1/2022,2022,Jan
381,3072,0,63,1480,1/1/2022,2022,Jan
332,1756,0,0,1389,1/1/2022,2022,Jan
541,5867,0,232,1254,1/1/2022,2022,Jan
8,1105,0,0,430,1/1/2022,2022,Jan
224,3513,0,0,482,1/1/2022,2022,Jan
0,5021,0,31,792,1/1/2022,2022,Jan
0,0,0,0,0,1/1/2022,2022,Jan
514,4081,0,0,2994,1/1/2022,2022,Jan
0,0,0,0,0,1/1/2022,2022,Jan
0,0,0,0,0,1/1/2022,2022,Jan
0,0,0,0,0,1/1/2022,2022,Jan
0,0,0,0,0,1/1/2022,2022,Jan
0,0,0,0,0,1/1/2022,2022,Jan
0,3543,101,13,3840,1/1/2022,2022,Jan
0,0,0,0,0,1/1/2022,2022,Jan
0,0,0,0,0,1/1/2022,2022,Jan
0,3178,0,0,2696,1/1/2022,2022,Jan
0,0,0,0,0,1/1/2022,2022,Jan
0,0,0,0,0,1/1/2022,2022,Jan
0,0,0,0,0,1/1/2022,2022,Jan
0,0,0,5,479,1/1/2022,2022,Jan
0,0,0,0,0,1/1/2022,2022,Jan
0,2999,0,0,903,1/1/2022,2022,Jan
466,1590,0,24,1277,1/1/2022,2022,Jan
6,2139,0,0,1627,1/1/2022,2022,Jan
229,3385,0,0,467,1/1/2022,2022,Jan
0,0,0,0,21,1/1/2022,2022,Jan
0,2383,0,4,565,1/1/2022,2022,Jan
3,2191,0,4,1194,1/1/2022,2022,Jan
0,1329,0,0,672,1/1/2022,2022,Jan
49,3079,0,0,424,1/1/2022,2022,Jan
0,708,0,0,188,1/1/2022,2022,Jan
7,3051,0,0,2183,1/1/2022,2022,Jan
40,3341,0,2,416,1/1/2022,2022,Jan
0,0,0,0,3,1/1/2022,2022,Jan
0,0,0,0,0,1/1/2022,2022,Jan
0,0,0,0,0,1/1/2022,2022,Jan
0,0,0,0,1,1/1/2022,2022,Jan
118,1685,0,0,1086,1/1/2022,2022,Jan
0,0,0,0,0,1/1/2022,2022,Jan
22,2213,0,118,1730,1/1/2022,2022,Jan
0,4206,17,0,1093,1/1/2022,2022,Jan
0,1780,0,0,556,1/1/2022,2022,Jan
0,0,0,0,128,1/1/2022,2022,Jan
0,0,0,0,0,1/1/2022,2022,Jan
0,0,0,2,157,1/1/2022,2022,Jan
196,1851,0,0,101,1/1/2022,2022,Jan
344,2503,0,0,755,1/1/2022,2022,Jan
0,4101,0,0,309,1/1/2022,2022,Jan
40,2624,0,0,691,1/1/2022,2022,Jan
0,0,0,0,0,1/1/2022,2022,Jan
0,2451,0,0,429,1/1/2022,2022,Jan
0,0,0,0,0,1/1/2022,2022,Jan
37,1882,0,0,486,1/1/2022,2022,Jan
0,0,0,0,0,1/1/2022,2022,Jan
0,0,0,0,548,1/1/2022,2022,Jan
19,2796,0,0,1487,1/1/2022,2022,Jan
25,1462,0,0,491,1/1/2022,2022,Jan
0,3305,11,0,2224,1/1/2022,2022,Jan
0,0,0,0,0,1/1/2022,2022,Jan
253,1676,0,0,814,1/1/2022,2022,Jan
37,2479,0,0,504,1/1/2022,2022,Jan
0,0,0,0,16,1/1/2022,2022,Jan
0,2400,0,0,347,1/1/2022,2022,Jan
149,5255,0,0,749,1/1/2022,2022,Jan
497,2714,0,51,1617,1/1/2022,2022,Jan
0,0,0,0,148,1/1/2022,2022,Jan
0,0,0,0,0,1/1/2022,2022,Jan
132,1862,0,0,1012,1/1/2022,2022,Jan
465,3647,0,0,1061,1/1/2022,2022,Jan
26,1338,0,0,389,1/1/2022,2022,Jan
1,3110,9,0,1287,1/1/2022,2022,Jan
281,8645,0,0,4315,1/1/2022,2022,Jan
776,3662,7,0,604,1/1/2022,2022,Jan
14,2967,75,12,1896,1/1/2022,2022,Jan
58,3755,4,0,2086,1/1/2022,2022,Jan
295,4061,0,213,1669,1/1/2022,2022,Jan
624,4071,8,0,3200,1/1/2022,2022,Jan
239,2098,0,25,895,1/1/2022,2022,Jan
849,4909,0,0,2039,1/1/2022,2022,Jan
359,2055,0,964,0,1/1/2022,2022,Jan
418,6391,26,481,1502,1/1/2022,2022,Jan
0,0,0,0,0,1/1/2022,2022,Jan
3,2703,0,0,823,1/1/2022,2022,Jan
57,1911,0,0,178,1/1/2022,2022,Jan
0,3047,0,0,934,1/1/2022,2022,Jan
99,1606,0,0,497,1/1/2022,2022,Jan
0,0,0,0,0,1/1/2022,2022,Jan
7,1104,0,0,73,1/1/2022,2022,Jan
0,0,0,0,0,1/1/2022,2022,Jan
0,0,0,0,0,1/1/2022,2022,Jan
13,2189,0,0,1546,1/1/2022,2022,Jan
0,0,0,0,0,1/1/2022,2022,Jan
197,3241,0,0,1162,1/1/2022,2022,Jan
0,0,0,0,0,1/1/2022,2022,Jan
107,1922,0,0,437,1/1/2022,2022,Jan
276,1379,0,0,325,1/1/2022,2022,Jan
0,1747,0,0,241,1/1/2022,2022,Jan
463,3547,3,0,1264,1/1/2022,2022,Jan
10,2138,0,0,614,7/1/2022,2022,Jul
0,1016,0,0,223,7/1/2022,2022,Jul
5,2232,0,0,1059,7/1/2022,2022,Jul
0,0,0,0,0,7/1/2022,2022,Jul
0,0,0,0,0,7/1/2022,2022,Jul
0,0,0,0,0,7/1/2022,2022,Jul
0,0,0,0,0,7/1/2022,2022,Jul
680,4362,0,0,753,7/1/2022,2022,Jul
0,2439,0,0,559,7/1/2022,2022,Jul
351,5173,0,0,1138,7/1/2022,2022,Jul
0,0,0,0,0,7/1/2022,2022,Jul
8,4399,0,0,1615,7/1/2022,2022,Jul
0,0,0,0,0,7/1/2022,2022,Jul
0,886,0,0,184,7/1/2022,2022,Jul
935,2411,0,0,1008,7/1/2022,2022,Jul
383,1888,0,39,707,7/1/2022,2022,Jul
0,0,0,0,0,7/1/2022,2022,Jul
14,2456,0,64,1402,7/1/2022,2022,Jul
0,0,0,0,0,7/1/2022,2022,Jul
0,0,0,0,0,7/1/2022,2022,Jul
0,0,0,0,0,7/1/2022,2022,Jul
0,3582,750,0,956,7/1/2022,2022,Jul
2,2991,0,0,886,7/1/2022,2022,Jul
619,2601,0,40,502,7/1/2022,2022,Jul
0,0,0,0,0,7/1/2022,2022,Jul
38,2641,0,0,288,7/1/2022,2022,Jul
15,1826,0,825,538,7/1/2022,2022,Jul
0,0,0,0,0,7/1/2022,2022,Jul
0,0,0,17,61,7/1/2022,2022,Jul
444,1479,0,0,918,7/1/2022,2022,Jul
164,5097,0,0,869,7/1/2022,2022,Jul
0,0,0,7,84,7/1/2022,2022,Jul
429,1048,0,0,274,7/1/2022,2022,Jul
0,2632,0,0,338,7/1/2022,2022,Jul
0,0,0,0,0,7/1/2022,2022,Jul
0,0,0,0,0,7/1/2022,2022,Jul
123,2825,0,497,812,7/1/2022,2022,Jul
2,1249,0,0,414,7/1/2022,2022,Jul
0,0,0,0,1,7/1/2022,2022,Jul
170,2716,0,0,177,7/1/2022,2022,Jul
0,0,0,0,0,7/1/2022,2022,Jul
115,941,0,0,148,7/1/2022,2022,Jul
968,3973,0,429,1529,7/1/2022,2022,Jul
417,3949,0,21,1172,7/1/2022,2022,Jul
0,0,0,0,0,7/1/2022,2022,Jul
8,4250,0,193,1244,7/1/2022,2022,Jul
0,3251,0,0,525,7/1/2022,2022,Jul
181,1877,7,0,153,7/1/2022,2022,Jul
0,0,0,0,0,7/1/2022,2022,Jul
0,0,0,0,0,7/1/2022,2022,Jul
0,0,0,0,0,7/1/2022,2022,Jul
0,4168,0,0,186,7/1/2022,2022,Jul
18,1651,0,0,808,7/1/2022,2022,Jul
0,1629,0,0,102,7/1/2022,2022,Jul
0,0,0,0,3,7/1/2022,2022,Jul
629,2769,0,0,1184,7/1/2022,2022,Jul
0,0,0,0,0,7/1/2022,2022,Jul
40,2022,0,0,1541,7/1/2022,2022,Jul
40,3199,0,0,927,7/1/2022,2022,Jul
6,3435,0,0,886,7/1/2022,2022,Jul
37,1102,0,0,420,7/1/2022,2022,Jul
0,0,0,0,0,7/1/2022,2022,Jul
0,0,0,0,0,7/1/2022,2022,Jul
12,1660,0,0,206,7/1/2022,2022,Jul
0,0,0,0,0,7/1/2022,2022,Jul
458,3110,0,0,2030,7/1/2022,2022,Jul
0,0,0,0,0,7/1/2022,2022,Jul
145,2813,0,0,1063,7/1/2022,2022,Jul
45,1062,0,0,242,7/1/2022,2022,Jul
284,1588,0,0,476,7/1/2022,2022,Jul
0,0,0,0,0,7/1/2022,2022,Jul
0,2102,0,0,139,7/1/2022,2022,Jul
621,3627,0,0,658,7/1/2022,2022,Jul
544,1912,0,206,591,7/1/2022,2022,Jul
114,2248,0,467,1223,7/1/2022,2022,Jul
0,0,0,0,0,7/1/2022,2022,Jul
465,3581,0,0,1071,7/1/2022,2022,Jul
354,3678,0,0,1037,7/1/2022,2022,Jul
0,0,0,0,0,7/1/2022,2022,Jul
0,0,0,0,150,7/1/2022,2022,Jul
16,4917,0,0,1456,7/1/2022,2022,Jul
0,0,110,0,20,7/1/2022,2022,Jul
0,0,0,0,0,7/1/2022,2022,Jul
0,0,0,0,0,7/1/2022,2022,Jul
372,6184,0,0,1646,7/1/2022,2022,Jul
0,0,0,0,0,7/1/2022,2022,Jul
17,5067,0,0,867,7/1/2022,2022,Jul
9,7598,31,3,2056,7/1/2022,2022,Jul
0,0,0,0,0,7/1/2022,2022,Jul
0,0,0,0,0,7/1/2022,2022,Jul
138,2429,0,0,935,7/1/2022,2022,Jul
0,0,0,0,0,7/1/2022,2022,Jul
0,0,0,0,104,7/1/2022,2022,Jul
10,8410,0,241,1198,7/1/2022,2022,Jul
337,2160,0,0,783,7/1/2022,2022,Jul
22,3780,0,166,769,7/1/2022,2022,Jul
0,1686,0,0,472,7/1/2022,2022,Jul
0,0,0,0,0,7/1/2022,2022,Jul
0,0,5,0,201,7/1/2022,2022,Jul
570,2295,0,0,1496,7/1/2022,2022,Jul
304,3056,0,0,1348,7/1/2022,2022,Jul
367,2155,0,0,670,7/1/2022,2022,Jul
0,0,0,0,0,7/1/2022,2022,Jul
482,1671,0,0,327,7/1/2022,2022,Jul
24,1524,0,526,2075,7/1/2022,2022,Jul
609,2935,0,76,1543,7/1/2022,2022,Jul
767,1596,0,0,1693,7/1/2022,2022,Jul
753,5942,0,337,1404,7/1/2022,2022,Jul
532,3865,0,0,593,7/1/2022,2022,Jul
0,4991,0,37,940,7/1/2022,2022,Jul
0,0,0,0,0,7/1/2022,2022,Jul
604,4026,0,0,3480,7/1/2022,2022,Jul
0,0,0,0,0,7/1/2022,2022,Jul
0,0,0,0,0,7/1/2022,2022,Jul
0,0,0,0,0,7/1/2022,2022,Jul
0,0,0,0,0,7/1/2022,2022,Jul
0,0,0,0,0,7/1/2022,2022,Jul
3,3563,113,12,3908,7/1/2022,2022,Jul
0,0,0,0,0,7/1/2022,2022,Jul
0,0,0,0,0,7/1/2022,2022,Jul
10,3141,0,0,2695,7/1/2022,2022,Jul
0,0,0,0,0,7/1/2022,2022,Jul
0,0,0,0,0,7/1/2022,2022,Jul
0,0,0,0,0,7/1/2022,2022,Jul
0,0,0,2,618,7/1/2022,2022,Jul
0,0,0,0,0,7/1/2022,2022,Jul
0,2698,2,0,764,7/1/2022,2022,Jul
645,1873,0,29,1107,7/1/2022,2022,Jul
236,3007,0,0,2016,7/1/2022,2022,Jul
496,3305,0,0,473,7/1/2022,2022,Jul
0,0,0,0,29,7/1/2022,2022,Jul
0,2114,0,0,877,7/1/2022,2022,Jul
1,2272,0,2,1389,7/1/2022,2022,Jul
14,1266,0,0,645,7/1/2022,2022,Jul
22,3149,0,0,471,7/1/2022,2022,Jul
0,819,0,0,219,7/1/2022,2022,Jul
8,3095,0,0,2533,7/1/2022,2022,Jul
125,3176,0,0,336,7/1/2022,2022,Jul
0,0,0,0,5,7/1/2022,2022,Jul
0,0,0,0,0,7/1/2022,2022,Jul
0,0,0,0,0,7/1/2022,2022,Jul
0,0,0,0,7,7/1/2022,2022,Jul
66,1752,0,0,1202,7/1/2022,2022,Jul
0,0,0,0,0,7/1/2022,2022,Jul
79,2118,0,137,1766,7/1/2022,2022,Jul
0,4539,22,0,1151,7/1/2022,2022,Jul
0,1957,0,0,590,7/1/2022,2022,Jul
0,0,0,0,124,7/1/2022,2022,Jul
0,0,0,0,0,7/1/2022,2022,Jul
0,0,0,1,151,7/1/2022,2022,Jul
227,1959,0,0,101,7/1/2022,2022,Jul
579,2531,0,0,873,7/1/2022,2022,Jul
0,4462,0,0,288,7/1/2022,2022,Jul
0,0,0,0,0,7/1/2022,2022,Jul
252,2680,0,0,612,7/1/2022,2022,Jul
0,0,0,0,0,7/1/2022,2022,Jul
62,2494,0,0,350,7/1/2022,2022,Jul
0,0,0,0,0,7/1/2022,2022,Jul
140,1902,0,0,507,7/1/2022,2022,Jul
0,0,0,0,0,7/1/2022,2022,Jul
0,0,0,0,622,7/1/2022,2022,Jul
67,2925,0,0,1322,7/1/2022,2022,Jul
23,1621,0,0,420,7/1/2022,2022,Jul
1,3388,21,4,2493,7/1/2022,2022,Jul
0,0,0,0,0,7/1/2022,2022,Jul
198,1541,0,0,815,7/1/2022,2022,Jul
347,2220,0,0,505,7/1/2022,2022,Jul
0,0,0,0,20,7/1/2022,2022,Jul
0,2547,0,0,529,7/1/2022,2022,Jul
194,5360,0,0,837,7/1/2022,2022,Jul
649,2877,0,35,1641,7/1/2022,2022,Jul
0,0,0,0,165,7/1/2022,2022,Jul
0,0,0,0,0,7/1/2022,2022,Jul
162,1670,0,0,1074,7/1/2022,2022,Jul
752,3809,0,0,1026,7/1/2022,2022,Jul
95,1393,0,0,411,7/1/2022,2022,Jul
0,3123,9,0,1353,7/1/2022,2022,Jul
749,8752,0,0,4684,7/1/2022,2022,Jul
878,3864,5,0,842,7/1/2022,2022,Jul
1,3104,73,71,1519,7/1/2022,2022,Jul
83,3836,9,0,1958,7/1/2022,2022,Jul
333,3981,0,283,1633,7/1/2022,2022,Jul
1117,4439,3,0,2833,7/1/2022,2022,Jul
282,2407,0,22,917,7/1/2022,2022,Jul
665,4790,0,0,2463,7/1/2022,2022,Jul
637,2191,0,1103,0,7/1/2022,2022,Jul
733,5995,33,252,1444,7/1/2022,2022,Jul
0,0,0,0,0,7/1/2022,2022,Jul
35,2872,0,0,824,7/1/2022,2022,Jul
398,1980,0,0,221,7/1/2022,2022,Jul
0,2808,0,0,769,7/1/2022,2022,Jul
170,1655,0,0,741,7/1/2022,2022,Jul
0,0,0,0,0,7/1/2022,2022,Jul
95,1018,0,0,74,7/1/2022,2022,Jul
0,0,0,0,0,7/1/2022,2022,Jul
0,0,0,0,0,7/1/2022,2022,Jul
69,1978,0,0,1564,7/1/2022,2022,Jul
0,0,0,0,0,7/1/2022,2022,Jul
267,3213,0,0,1298,7/1/2022,2022,Jul
0,0,0,0,0,7/1/2022,2022,Jul
134,2133,0,0,454,7/1/2022,2022,Jul
318,1356,0,0,552,7/1/2022,2022,Jul
0,1636,0,0,284,7/1/2022,2022,Jul
896,3702,5,0,1446,7/1/2022,2022,Jul
1,1452,0,0,560,6/1/2022,2022,Jun
0,1035,0,0,220,6/1/2022,2022,Jun
1,2363,0,0,1148,6/1/2022,2022,Jun
0,0,0,0,0,6/1/2022,2022,Jun
0,0,0,0,0,6/1/2022,2022,Jun
0,0,0,0,0,6/1/2022,2022,Jun
0,0,0,0,0,6/1/2022,2022,Jun
481,4656,0,0,512,6/1/2022,2022,Jun
0,2287,0,0,528,6/1/2022,2022,Jun
396,5003,0,0,1174,6/1/2022,2022,Jun
0,0,0,0,0,6/1/2022,2022,Jun
1,4359,0,0,1629,6/1/2022,2022,Jun
0,0,0,34,0,6/1/2022,2022,Jun
0,975,0,0,214,6/1/2022,2022,Jun
524,2486,0,0,989,6/1/2022,2022,Jun
359,1846,0,39,739,6/1/2022,2022,Jun
0,0,0,0,0,6/1/2022,2022,Jun
4,2724,0,32,1498,6/1/2022,2022,Jun
0,0,0,0,0,6/1/2022,2022,Jun
0,0,0,0,0,6/1/2022,2022,Jun
0,0,0,0,0,6/1/2022,2022,Jun
0,3570,821,0,976,6/1/2022,2022,Jun
2,2939,0,0,822,6/1/2022,2022,Jun
351,2707,0,36,607,6/1/2022,2022,Jun
0,0,0,0,0,6/1/2022,2022,Jun
19,2543,0,0,308,6/1/2022,2022,Jun
6,1803,0,666,617,6/1/2022,2022,Jun
0,0,0,0,0,6/1/2022,2022,Jun
0,0,0,5,54,6/1/2022,2022,Jun
268,1531,0,0,852,6/1/2022,2022,Jun
63,5300,0,0,858,6/1/2022,2022,Jun
0,0,0,12,69,6/1/2022,2022,Jun
208,1154,0,0,251,6/1/2022,2022,Jun
5,2786,0,0,359,6/1/2022,2022,Jun
0,0,0,0,0,6/1/2022,2022,Jun
0,0,0,0,0,6/1/2022,2022,Jun
277,2854,0,469,745,6/1/2022,2022,Jun
0,1390,0,0,351,6/1/2022,2022,Jun
0,0,0,0,2,6/1/2022,2022,Jun
52,2567,0,0,186,6/1/2022,2022,Jun
0,0,0,0,0,6/1/2022,2022,Jun
78,957,0,0,138,6/1/2022,2022,Jun
548,4186,0,324,1596,6/1/2022,2022,Jun
233,4232,0,17,1306,6/1/2022,2022,Jun
0,0,0,0,0,6/1/2022,2022,Jun
5,4228,0,232,1400,6/1/2022,2022,Jun
0,3381,0,0,578,6/1/2022,2022,Jun
113,1921,3,0,131,6/1/2022,2022,Jun
0,0,0,0,0,6/1/2022,2022,Jun
0,0,0,0,0,6/1/2022,2022,Jun
0,0,0,0,0,6/1/2022,2022,Jun
0,5009,0,0,1042,6/1/2022,2022,Jun
11,1683,0,0,734,6/1/2022,2022,Jun
0,1579,0,0,111,6/1/2022,2022,Jun
0,0,0,0,8,6/1/2022,2022,Jun
634,2651,0,0,1350,6/1/2022,2022,Jun
0,0,0,0,0,6/1/2022,2022,Jun
67,1952,0,0,1398,6/1/2022,2022,Jun
41,3387,0,0,830,6/1/2022,2022,Jun
0,3438,0,0,948,6/1/2022,2022,Jun
15,1138,0,0,409,6/1/2022,2022,Jun
0,0,0,0,0,6/1/2022,2022,Jun
0,0,0,0,0,6/1/2022,2022,Jun
0,0,0,0,0,6/1/2022,2022,Jun
17,1559,0,0,199,6/1/2022,2022,Jun
0,0,0,0,0,6/1/2022,2022,Jun
427,2979,0,0,1775,6/1/2022,2022,Jun
0,0,0,0,0,6/1/2022,2022,Jun
70,2719,0,0,1124,6/1/2022,2022,Jun
29,1128,0,0,178,6/1/2022,2022,Jun
319,1592,0,0,450,6/1/2022,2022,Jun
0,0,0,0,0,6/1/2022,2022,Jun
0,1936,0,0,158,6/1/2022,2022,Jun
346,3590,0,0,663,6/1/2022,2022,Jun
250,2183,0,200,548,6/1/2022,2022,Jun
74,2289,0,481,1407,6/1/2022,2022,Jun
0,0,0,0,0,6/1/2022,2022,Jun
393,3493,0,0,1064,6/1/2022,2022,Jun
373,3787,0,0,1105,6/1/2022,2022,Jun
0,0,0,0,0,6/1/2022,2022,Jun
0,0,0,0,141,6/1/2022,2022,Jun
19,5155,0,0,1414,6/1/2022,2022,Jun
0,0,80,13,18,6/1/2022,2022,Jun
0,0,0,0,0,6/1/2022,2022,Jun
0,0,0,0,0,6/1/2022,2022,Jun
228,6375,0,0,1745,6/1/2022,2022,Jun
0,0,0,0,0,6/1/2022,2022,Jun
10,5170,0,0,989,6/1/2022,2022,Jun
68,7955,55,4,1933,6/1/2022,2022,Jun
0,0,0,0,0,6/1/2022,2022,Jun
0,0,0,0,0,6/1/2022,2022,Jun
23,2402,0,0,954,6/1/2022,2022,Jun
0,0,0,0,0,6/1/2022,2022,Jun
0,0,0,0,98,6/1/2022,2022,Jun
14,8426,0,239,1214,6/1/2022,2022,Jun
192,2268,0,0,794,6/1/2022,2022,Jun
2,3712,0,198,875,6/1/2022,2022,Jun
0,1646,0,0,472,6/1/2022,2022,Jun
0,0,0,0,0,6/1/2022,2022,Jun
0,0,10,0,218,6/1/2022,2022,Jun
367,2243,0,0,1492,6/1/2022,2022,Jun
297,2766,0,0,1615,6/1/2022,2022,Jun
199,2174,0,0,712,6/1/2022,2022,Jun
0,0,0,0,0,6/1/2022,2022,Jun
372,1727,0,0,322,6/1/2022,2022,Jun
13,1478,0,649,2193,6/1/2022,2022,Jun
517,2935,0,84,1536,6/1/2022,2022,Jun
602,1691,0,0,1605,6/1/2022,2022,Jun
630,6108,0,262,1415,6/1/2022,2022,Jun
502,3869,0,0,550,6/1/2022,2022,Jun
0,5052,0,43,822,6/1/2022,2022,Jun
0,0,0,0,0,6/1/2022,2022,Jun
490,3758,0,0,3429,6/1/2022,2022,Jun
0,0,0,0,0,6/1/2022,2022,Jun
0,0,0,0,0,6/1/2022,2022,Jun
0,0,0,0,0,6/1/2022,2022,Jun
0,0,0,0,0,6/1/2022,2022,Jun
0,0,0,0,0,6/1/2022,2022,Jun
0,3490,116,13,3891,6/1/2022,2022,Jun
0,0,0,0,0,6/1/2022,2022,Jun
0,0,0,0,0,6/1/2022,2022,Jun
0,3157,0,0,2538,6/1/2022,2022,Jun
0,0,0,0,0,6/1/2022,2022,Jun
0,0,0,0,0,6/1/2022,2022,Jun
0,0,0,0,0,6/1/2022,2022,Jun
0,0,0,6,614,6/1/2022,2022,Jun
0,0,0,0,0,6/1/2022,2022,Jun
0,2796,0,0,758,6/1/2022,2022,Jun
607,1919,0,28,1066,6/1/2022,2022,Jun
86,3241,0,0,2155,6/1/2022,2022,Jun
558,3244,0,0,474,6/1/2022,2022,Jun
0,0,0,0,19,6/1/2022,2022,Jun
0,2081,0,0,768,6/1/2022,2022,Jun
11,2311,0,6,1455,6/1/2022,2022,Jun
2,1260,0,0,655,6/1/2022,2022,Jun
40,3218,0,0,490,6/1/2022,2022,Jun
1,850,0,0,182,6/1/2022,2022,Jun
3,3209,0,0,2383,6/1/2022,2022,Jun
127,3231,0,0,326,6/1/2022,2022,Jun
0,0,0,0,6,6/1/2022,2022,Jun
0,0,0,0,0,6/1/2022,2022,Jun
0,0,0,0,0,6/1/2022,2022,Jun
0,0,0,0,4,6/1/2022,2022,Jun
44,1721,0,0,1197,6/1/2022,2022,Jun
0,0,0,0,0,6/1/2022,2022,Jun
38,2162,0,124,1715,6/1/2022,2022,Jun
3,4517,19,0,1101,6/1/2022,2022,Jun
0,1987,0,0,676,6/1/2022,2022,Jun
0,0,0,0,126,6/1/2022,2022,Jun
0,0,0,0,0,6/1/2022,2022,Jun
0,0,0,0,158,6/1/2022,2022,Jun
137,1955,0,0,90,6/1/2022,2022,Jun
426,2418,0,0,860,6/1/2022,2022,Jun
0,4648,0,0,297,6/1/2022,2022,Jun
0,0,0,0,0,6/1/2022,2022,Jun
51,2783,0,0,644,6/1/2022,2022,Jun
0,0,0,0,0,6/1/2022,2022,Jun
0,2466,0,0,444,6/1/2022,2022,Jun
0,0,0,0,0,6/1/2022,2022,Jun
264,1860,0,0,462,6/1/2022,2022,Jun
0,0,0,0,0,6/1/2022,2022,Jun
0,0,0,0,544,6/1/2022,2022,Jun
49,2984,0,0,1396,6/1/2022,2022,Jun
14,1577,0,0,469,6/1/2022,2022,Jun
0,3386,24,3,2290,6/1/2022,2022,Jun
0,0,0,0,0,6/1/2022,2022,Jun
99,1496,0,0,812,6/1/2022,2022,Jun
437,2123,0,0,528,6/1/2022,2022,Jun
0,0,0,0,13,6/1/2022,2022,Jun
0,2425,0,0,565,6/1/2022,2022,Jun
30,5540,0,0,842,6/1/2022,2022,Jun
392,2937,0,35,1712,6/1/2022,2022,Jun
0,0,0,0,148,6/1/2022,2022,Jun
0,0,0,0,0,6/1/2022,2022,Jun
178,1618,0,0,1163,6/1/2022,2022,Jun
692,3689,0,0,927,6/1/2022,2022,Jun
32,1438,0,0,403,6/1/2022,2022,Jun
2,3066,10,0,1318,6/1/2022,2022,Jun
552,8944,0,0,4702,6/1/2022,2022,Jun
576,3658,9,0,858,6/1/2022,2022,Jun
3,3161,75,107,1898,6/1/2022,2022,Jun
70,3846,4,0,1967,6/1/2022,2022,Jun
256,4196,0,292,1712,6/1/2022,2022,Jun
967,4703,5,0,3000,6/1/2022,2022,Jun
272,2313,0,21,958,6/1/2022,2022,Jun
555,5036,0,0,2510,6/1/2022,2022,Jun
475,2200,0,962,0,6/1/2022,2022,Jun
609,6236,30,343,1474,6/1/2022,2022,Jun
0,0,0,0,0,6/1/2022,2022,Jun
1,2850,0,0,759,6/1/2022,2022,Jun
313,1870,0,0,198,6/1/2022,2022,Jun
0,3063,0,0,710,6/1/2022,2022,Jun
85,1689,0,0,657,6/1/2022,2022,Jun
0,0,0,0,0,6/1/2022,2022,Jun
10,989,0,0,87,6/1/2022,2022,Jun
0,0,0,0,0,6/1/2022,2022,Jun
0,0,0,0,0,6/1/2022,2022,Jun
17,2112,0,0,1631,6/1/2022,2022,Jun
0,0,0,0,0,6/1/2022,2022,Jun
277,3304,0,0,1159,6/1/2022,2022,Jun
0,0,0,0,0,6/1/2022,2022,Jun
91,2691,0,0,477,6/1/2022,2022,Jun
232,1353,0,0,432,6/1/2022,2022,Jun
0,1712,0,0,309,6/1/2022,2022,Jun
727,3718,4,0,1464,6/1/2022,2022,Jun
11,1626,0,0,569,3/1/2022,2022,Mar
0,1076,0,0,266,3/1/2022,2022,Mar
4,1931,0,0,444,3/1/2022,2022,Mar
0,0,0,0,0,3/1/2022,2022,Mar
0,0,0,0,0,3/1/2022,2022,Mar
0,0,0,0,0,3/1/2022,2022,Mar
0,0,0,0,0,3/1/2022,2022,Mar
834,4515,0,0,668,3/1/2022,2022,Mar
0,2524,0,0,467,3/1/2022,2022,Mar
317,5232,0,0,1310,3/1/2022,2022,Mar
0,0,0,0,0,3/1/2022,2022,Mar
2,4410,0,0,1536,3/1/2022,2022,Mar
0,0,0,24,0,3/1/2022,2022,Mar
0,0,0,0,0,3/1/2022,2022,Mar
0,1022,0,0,221,3/1/2022,2022,Mar
971,2587,0,0,915,3/1/2022,2022,Mar
182,2107,0,36,834,3/1/2022,2022,Mar
0,0,0,0,0,3/1/2022,2022,Mar
2,2650,0,13,1109,3/1/2022,2022,Mar
0,0,0,0,0,3/1/2022,2022,Mar
0,0,0,0,0,3/1/2022,2022,Mar
0,0,0,0,0,3/1/2022,2022,Mar
0,3604,801,0,804,3/1/2022,2022,Mar
1,3018,0,0,927,3/1/2022,2022,Mar
507,2616,0,28,608,3/1/2022,2022,Mar
0,0,0,0,0,3/1/2022,2022,Mar
10,2660,0,0,341,3/1/2022,2022,Mar
0,2349,0,509,672,3/1/2022,2022,Mar
0,0,0,0,0,3/1/2022,2022,Mar
0,0,0,18,68,3/1/2022,2022,Mar
0,1528,0,0,920,3/1/2022,2022,Mar
0,6037,0,0,895,3/1/2022,2022,Mar
0,0,0,9,73,3/1/2022,2022,Mar
120,1184,0,0,293,3/1/2022,2022,Mar
1,2943,0,0,396,3/1/2022,2022,Mar
0,0,0,0,0,3/1/2022,2022,Mar
0,0,0,0,0,3/1/2022,2022,Mar
24,2808,0,477,720,3/1/2022,2022,Mar
10,1264,0,0,336,3/1/2022,2022,Mar
0,0,0,0,0,3/1/2022,2022,Mar
42,2789,0,0,257,3/1/2022,2022,Mar
0,0,0,0,0,3/1/2022,2022,Mar
78,960,0,0,155,3/1/2022,2022,Mar
372,4747,0,380,1512,3/1/2022,2022,Mar
809,4306,0,15,1232,3/1/2022,2022,Mar
0,0,0,0,0,3/1/2022,2022,Mar
30,4220,0,212,1577,3/1/2022,2022,Mar
0,3453,0,0,551,3/1/2022,2022,Mar
127,2003,1,0,144,3/1/2022,2022,Mar
0,0,0,0,0,3/1/2022,2022,Mar
0,0,0,0,0,3/1/2022,2022,Mar
0,0,0,0,0,3/1/2022,2022,Mar
0,4969,0,0,1168,3/1/2022,2022,Mar
5,1667,0,0,798,3/1/2022,2022,Mar
0,1486,0,0,85,3/1/2022,2022,Mar
0,0,0,0,3,3/1/2022,2022,Mar
588,2613,0,0,1221,3/1/2022,2022,Mar
0,0,0,0,0,3/1/2022,2022,Mar
93,1980,0,0,1492,3/1/2022,2022,Mar
39,3506,0,0,918,3/1/2022,2022,Mar
1,3493,0,0,1007,3/1/2022,2022,Mar
25,1188,0,0,408,3/1/2022,2022,Mar
0,0,0,0,1,3/1/2022,2022,Mar
0,0,0,0,0,3/1/2022,2022,Mar
0,0,0,0,0,3/1/2022,2022,Mar
0,0,0,0,0,3/1/2022,2022,Mar
4,1718,0,0,189,3/1/2022,2022,Mar
0,0,0,0,0,3/1/2022,2022,Mar
155,2469,0,0,1326,3/1/2022,2022,Mar
0,0,0,0,0,3/1/2022,2022,Mar
170,2841,0,0,1096,3/1/2022,2022,Mar
34,1158,0,0,169,3/1/2022,2022,Mar
362,1524,0,0,475,3/1/2022,2022,Mar
0,0,0,0,0,3/1/2022,2022,Mar
0,1971,0,0,163,3/1/2022,2022,Mar
296,3805,0,0,720,3/1/2022,2022,Mar
0,2273,0,209,470,3/1/2022,2022,Mar
128,2428,0,420,1260,3/1/2022,2022,Mar
0,0,0,0,0,3/1/2022,2022,Mar
356,3808,0,0,1026,3/1/2022,2022,Mar
389,4094,0,0,1080,3/1/2022,2022,Mar
0,0,0,0,0,3/1/2022,2022,Mar
0,0,0,0,193,3/1/2022,2022,Mar
0,5042,0,0,1592,3/1/2022,2022,Mar
0,0,91,0,14,3/1/2022,2022,Mar
0,0,0,0,0,3/1/2022,2022,Mar
0,0,0,0,0,3/1/2022,2022,Mar
33,5849,0,0,1760,3/1/2022,2022,Mar
0,0,0,0,0,3/1/2022,2022,Mar
13,4906,0,0,974,3/1/2022,2022,Mar
69,8524,45,14,2113,3/1/2022,2022,Mar
0,0,0,0,0,3/1/2022,2022,Mar
0,0,0,0,0,3/1/2022,2022,Mar
75,2568,0,0,1060,3/1/2022,2022,Mar
0,0,0,0,0,3/1/2022,2022,Mar
0,0,0,0,116,3/1/2022,2022,Mar
9,8577,0,209,1338,3/1/2022,2022,Mar
167,2556,0,0,853,3/1/2022,2022,Mar
3,4045,0,171,1070,3/1/2022,2022,Mar
0,1712,0,0,476,3/1/2022,2022,Mar
0,0,0,0,0,3/1/2022,2022,Mar
0,0,8,0,181,3/1/2022,2022,Mar
351,2311,0,0,1514,3/1/2022,2022,Mar
449,2676,0,0,1816,3/1/2022,2022,Mar
240,2148,0,0,744,3/1/2022,2022,Mar
0,0,0,0,0,3/1/2022,2022,Mar
483,1753,0,0,377,3/1/2022,2022,Mar
0,1479,0,505,2215,3/1/2022,2022,Mar
502,3053,0,100,1600,3/1/2022,2022,Mar
350,1727,0,0,1545,3/1/2022,2022,Mar
452,6352,0,310,1648,3/1/2022,2022,Mar
22,1070,0,0,407,3/1/2022,2022,Mar
577,3888,0,0,583,3/1/2022,2022,Mar
0,5106,0,45,923,3/1/2022,2022,Mar
0,0,0,0,0,3/1/2022,2022,Mar
611,4070,0,0,2565,3/1/2022,2022,Mar
0,0,0,0,0,3/1/2022,2022,Mar
0,0,0,0,0,3/1/2022,2022,Mar
0,0,0,0,0,3/1/2022,2022,Mar
0,0,0,0,0,3/1/2022,2022,Mar
0,0,0,0,0,3/1/2022,2022,Mar
3,3507,106,10,4293,3/1/2022,2022,Mar
0,0,0,0,0,3/1/2022,2022,Mar
0,0,0,0,0,3/1/2022,2022,Mar
0,3223,0,0,2941,3/1/2022,2022,Mar
0,0,0,0,0,3/1/2022,2022,Mar
0,0,0,0,0,3/1/2022,2022,Mar
0,0,0,0,0,3/1/2022,2022,Mar
0,0,0,3,544,3/1/2022,2022,Mar
0,0,0,0,0,3/1/2022,2022,Mar
0,2862,1,0,857,3/1/2022,2022,Mar
759,1636,0,21,1049,3/1/2022,2022,Mar
120,2168,0,0,1786,3/1/2022,2022,Mar
604,3321,0,0,489,3/1/2022,2022,Mar
0,0,0,0,44,3/1/2022,2022,Mar
0,2455,0,2,716,3/1/2022,2022,Mar
39,2320,0,4,1367,3/1/2022,2022,Mar
0,1195,0,0,644,3/1/2022,2022,Mar
7,3427,0,0,533,3/1/2022,2022,Mar
0,923,0,0,183,3/1/2022,2022,Mar
7,3399,0,0,2514,3/1/2022,2022,Mar
49,3493,0,1,364,3/1/2022,2022,Mar
0,0,0,0,3,3/1/2022,2022,Mar
0,0,0,0,0,3/1/2022,2022,Mar
0,0,0,0,0,3/1/2022,2022,Mar
0,0,0,0,5,3/1/2022,2022,Mar
180,1694,0,0,1221,3/1/2022,2022,Mar
0,0,0,0,0,3/1/2022,2022,Mar
9,2359,0,141,1891,3/1/2022,2022,Mar
0,4346,26,0,1510,3/1/2022,2022,Mar
0,2002,0,0,671,3/1/2022,2022,Mar
0,0,0,0,145,3/1/2022,2022,Mar
0,0,0,0,0,3/1/2022,2022,Mar
0,0,0,0,165,3/1/2022,2022,Mar
147,1983,0,0,135,3/1/2022,2022,Mar
418,2573,0,0,721,3/1/2022,2022,Mar
0,4682,0,0,334,3/1/2022,2022,Mar
11,3015,0,0,690,3/1/2022,2022,Mar
0,0,0,0,0,3/1/2022,2022,Mar
0,2458,0,0,429,3/1/2022,2022,Mar
0,0,0,0,0,3/1/2022,2022,Mar
116,1966,0,0,523,3/1/2022,2022,Mar
0,0,0,0,0,3/1/2022,2022,Mar
0,0,0,0,583,3/1/2022,2022,Mar
48,3258,0,0,1451,3/1/2022,2022,Mar
19,1506,0,0,540,3/1/2022,2022,Mar
0,3577,19,1,2490,3/1/2022,2022,Mar
0,0,0,0,0,3/1/2022,2022,Mar
176,1496,0,0,864,3/1/2022,2022,Mar
273,2285,0,0,518,3/1/2022,2022,Mar
0,0,0,0,17,3/1/2022,2022,Mar
0,2431,0,0,499,3/1/2022,2022,Mar
99,5686,0,0,908,3/1/2022,2022,Mar
307,2980,0,45,1842,3/1/2022,2022,Mar
0,0,0,0,158,3/1/2022,2022,Mar
0,0,0,0,0,3/1/2022,2022,Mar
202,1717,0,0,1165,3/1/2022,2022,Mar
834,3755,0,0,999,3/1/2022,2022,Mar
20,1558,0,0,424,3/1/2022,2022,Mar
3,3219,11,0,1378,3/1/2022,2022,Mar
182,9457,0,0,4961,3/1/2022,2022,Mar
952,3749,10,0,934,3/1/2022,2022,Mar
0,3201,93,12,2030,3/1/2022,2022,Mar
74,3826,8,0,2032,3/1/2022,2022,Mar
183,4254,0,251,1615,3/1/2022,2022,Mar
906,4425,1,0,3478,3/1/2022,2022,Mar
389,2368,0,16,945,3/1/2022,2022,Mar
872,5176,0,0,2460,3/1/2022,2022,Mar
334,2099,0,1055,0,3/1/2022,2022,Mar
772,5722,31,462,1598,3/1/2022,2022,Mar
0,0,0,0,0,3/1/2022,2022,Mar
5,2935,0,0,813,3/1/2022,2022,Mar
235,2001,0,0,247,3/1/2022,2022,Mar
0,3013,0,0,910,3/1/2022,2022,Mar
141,1769,0,0,712,3/1/2022,2022,Mar
0,0,0,0,0,3/1/2022,2022,Mar
37,1191,0,0,93,3/1/2022,2022,Mar
0,0,0,0,0,3/1/2022,2022,Mar
0,0,0,0,0,3/1/2022,2022,Mar
17,2112,0,0,1753,3/1/2022,2022,Mar
0,0,0,0,0,3/1/2022,2022,Mar
241,3247,0,0,1333,3/1/2022,2022,Mar
0,0,0,0,0,3/1/2022,2022,Mar
125,2312,0,0,487,3/1/2022,2022,Mar
390,1311,0,0,405,3/1/2022,2022,Mar
0,1657,0,0,279,3/1/2022,2022,Mar
696,3690,6,0,1447,3/1/2022,2022,Mar
3,1546,0,0,563,5/1/2022,2022,May
0,1043,0,0,253,5/1/2022,2022,May
5,2218,0,0,967,5/1/2022,2022,May
0,0,0,0,0,5/1/2022,2022,May
0,0,0,0,0,5/1/2022,2022,May
0,0,0,0,0,5/1/2022,2022,May
0,0,0,0,0,5/1/2022,2022,May
513,4401,0,0,901,5/1/2022,2022,May
0,2435,0,0,492,5/1/2022,2022,May
292,5348,0,0,1227,5/1/2022,2022,May
0,0,0,0,0,5/1/2022,2022,May
4,4507,0,0,1571,5/1/2022,2022,May
0,0,0,36,0,5/1/2022,2022,May
0,1039,0,0,221,5/1/2022,2022,May
741,2514,0,0,899,5/1/2022,2022,May
223,2134,0,28,747,5/1/2022,2022,May
0,0,0,0,0,5/1/2022,2022,May
2,2683,0,15,1683,5/1/2022,2022,May
0,0,0,0,0,5/1/2022,2022,May
0,0,0,0,0,5/1/2022,2022,May
0,0,0,0,0,5/1/2022,2022,May
0,3934,800,0,958,5/1/2022,2022,May
1,2992,0,0,911,5/1/2022,2022,May
313,2678,0,24,593,5/1/2022,2022,May
0,0,0,0,0,5/1/2022,2022,May
32,2619,0,0,309,5/1/2022,2022,May
1,1970,0,608,667,5/1/2022,2022,May
0,0,0,0,0,5/1/2022,2022,May
0,0,0,11,55,5/1/2022,2022,May
545,1466,0,0,841,5/1/2022,2022,May
53,5635,0,0,940,5/1/2022,2022,May
0,0,0,15,84,5/1/2022,2022,May
124,1175,0,0,252,5/1/2022,2022,May
2,2906,0,0,406,5/1/2022,2022,May
0,0,0,0,0,5/1/2022,2022,May
0,0,0,0,0,5/1/2022,2022,May
148,2928,0,425,780,5/1/2022,2022,May
2,1286,0,0,407,5/1/2022,2022,May
0,0,0,1,0,5/1/2022,2022,May
39,2717,0,0,197,5/1/2022,2022,May
0,0,0,0,0,5/1/2022,2022,May
211,939,0,0,154,5/1/2022,2022,May
541,4542,0,420,1595,5/1/2022,2022,May
488,4246,0,11,1333,5/1/2022,2022,May
0,0,0,0,0,5/1/2022,2022,May
2,4390,0,219,1392,5/1/2022,2022,May
0,3630,0,0,523,5/1/2022,2022,May
102,1879,6,0,153,5/1/2022,2022,May
0,0,0,0,0,5/1/2022,2022,May
0,0,0,0,0,5/1/2022,2022,May
0,0,0,0,0,5/1/2022,2022,May
0,4811,0,0,1132,5/1/2022,2022,May
4,1707,0,0,735,5/1/2022,2022,May
0,1501,0,0,85,5/1/2022,2022,May
0,0,0,0,11,5/1/2022,2022,May
616,2697,0,0,1304,5/1/2022,2022,May
0,0,0,0,0,5/1/2022,2022,May
98,2098,0,0,1384,5/1/2022,2022,May
36,3544,0,0,920,5/1/2022,2022,May
1,3508,0,0,948,5/1/2022,2022,May
18,1130,0,0,406,5/1/2022,2022,May
0,1,0,0,0,5/1/2022,2022,May
0,0,0,0,0,5/1/2022,2022,May
0,0,0,0,0,5/1/2022,2022,May
15,1587,0,0,175,5/1/2022,2022,May
0,0,0,0,0,5/1/2022,2022,May
336,2996,0,0,1943,5/1/2022,2022,May
0,0,0,0,0,5/1/2022,2022,May
144,2799,0,0,1112,5/1/2022,2022,May
35,1156,0,0,187,5/1/2022,2022,May
201,1573,0,0,455,5/1/2022,2022,May
0,0,0,0,0,5/1/2022,2022,May
0,1970,0,0,154,5/1/2022,2022,May
370,3740,0,0,691,5/1/2022,2022,May
235,2304,0,236,539,5/1/2022,2022,May
134,2322,0,464,1316,5/1/2022,2022,May
0,0,0,0,0,5/1/2022,2022,May
247,3659,0,0,1096,5/1/2022,2022,May
279,3818,0,0,1081,5/1/2022,2022,May
0,0,0,0,0,5/1/2022,2022,May
0,0,0,0,159,5/1/2022,2022,May
4,5257,0,0,1638,5/1/2022,2022,May
0,0,88,0,18,5/1/2022,2022,May
0,0,0,0,0,5/1/2022,2022,May
0,0,0,0,0,5/1/2022,2022,May
139,6390,0,0,1785,5/1/2022,2022,May
0,0,0,0,0,5/1/2022,2022,May
10,5143,0,0,1068,5/1/2022,2022,May
20,8115,52,7,1902,5/1/2022,2022,May
0,0,0,0,0,5/1/2022,2022,May
0,0,0,0,0,5/1/2022,2022,May
40,2457,0,0,1112,5/1/2022,2022,May
0,0,0,0,0,5/1/2022,2022,May
0,0,0,0,153,5/1/2022,2022,May
23,8840,0,207,1325,5/1/2022,2022,May
176,2590,0,0,702,5/1/2022,2022,May
3,3832,0,175,825,5/1/2022,2022,May
0,1760,0,0,490,5/1/2022,2022,May
0,0,0,0,0,5/1/2022,2022,May
0,0,3,0,208,5/1/2022,2022,May
321,2344,0,0,1541,5/1/2022,2022,May
0,3460,0,0,1541,5/1/2022,2022,May
378,2145,0,0,730,5/1/2022,2022,May
0,0,0,0,0,5/1/2022,2022,May
318,1794,0,0,354,5/1/2022,2022,May
10,1494,0,608,2273,5/1/2022,2022,May
435,3067,0,77,1643,5/1/2022,2022,May
272,1790,0,0,1645,5/1/2022,2022,May
533,6033,0,290,1463,5/1/2022,2022,May
395,4018,0,0,665,5/1/2022,2022,May
0,5250,0,50,945,5/1/2022,2022,May
0,0,0,0,0,5/1/2022,2022,May
370,4098,0,0,3418,5/1/2022,2022,May
0,0,0,0,0,5/1/2022,2022,May
0,0,0,0,0,5/1/2022,2022,May
0,0,0,0,0,5/1/2022,2022,May
0,0,0,0,0,5/1/2022,2022,May
0,0,0,0,0,5/1/2022,2022,May
0,3528,86,15,3773,5/1/2022,2022,May
0,0,0,0,0,5/1/2022,2022,May
0,0,0,0,0,5/1/2022,2022,May
0,3275,0,0,2388,5/1/2022,2022,May
0,0,0,0,0,5/1/2022,2022,May
0,0,0,0,0,5/1/2022,2022,May
0,0,0,0,0,5/1/2022,2022,May
0,0,0,9,599,5/1/2022,2022,May
0,0,0,0,0,5/1/2022,2022,May
0,2902,2,0,813,5/1/2022,2022,May
656,1698,0,28,1165,5/1/2022,2022,May
72,3377,0,0,2241,5/1/2022,2022,May
440,3551,0,0,487,5/1/2022,2022,May
0,0,0,0,33,5/1/2022,2022,May
0,2302,0,0,753,5/1/2022,2022,May
2,2301,0,3,1570,5/1/2022,2022,May
7,1286,0,0,645,5/1/2022,2022,May
12,3191,0,0,482,5/1/2022,2022,May
0,880,0,0,242,5/1/2022,2022,May
16,3382,0,0,2431,5/1/2022,2022,May
96,3345,0,0,331,5/1/2022,2022,May
0,0,0,0,5,5/1/2022,2022,May
0,0,0,0,0,5/1/2022,2022,May
0,0,0,0,0,5/1/2022,2022,May
0,0,0,0,6,5/1/2022,2022,May
56,1763,0,0,1265,5/1/2022,2022,May
0,0,0,0,0,5/1/2022,2022,May
39,2125,0,133,1550,5/1/2022,2022,May
2,4494,22,0,1264,5/1/2022,2022,May
0,1959,0,0,675,5/1/2022,2022,May
0,0,0,0,130,5/1/2022,2022,May
0,0,0,0,0,5/1/2022,2022,May
0,0,0,2,164,5/1/2022,2022,May
65,2159,0,0,121,5/1/2022,2022,May
471,2455,0,0,777,5/1/2022,2022,May
0,4984,0,0,320,5/1/2022,2022,May
0,0,0,0,0,5/1/2022,2022,May
37,2922,0,0,707,5/1/2022,2022,May
0,0,0,0,0,5/1/2022,2022,May
0,2573,0,0,366,5/1/2022,2022,May
0,0,0,0,0,5/1/2022,2022,May
264,1871,0,0,537,5/1/2022,2022,May
0,0,0,0,0,5/1/2022,2022,May
0,0,0,0,545,5/1/2022,2022,May
79,3152,0,0,1502,5/1/2022,2022,May
30,1547,0,0,497,5/1/2022,2022,May
0,3567,28,4,2374,5/1/2022,2022,May
0,0,0,0,0,5/1/2022,2022,May
150,1539,0,0,877,5/1/2022,2022,May
199,2400,0,0,548,5/1/2022,2022,May
0,0,0,0,13,5/1/2022,2022,May
0,2543,0,0,543,5/1/2022,2022,May
20,5661,0,0,854,5/1/2022,2022,May
176,3040,0,31,1743,5/1/2022,2022,May
0,0,0,0,158,5/1/2022,2022,May
0,0,0,0,0,5/1/2022,2022,May
71,1776,0,0,1246,5/1/2022,2022,May
680,3682,0,0,1078,5/1/2022,2022,May
35,1453,0,0,458,5/1/2022,2022,May
1,3289,17,0,1409,5/1/2022,2022,May
211,9542,0,0,4852,5/1/2022,2022,May
579,3796,9,0,830,5/1/2022,2022,May
0,3321,102,114,1973,5/1/2022,2022,May
78,4196,9,0,2217,5/1/2022,2022,May
388,4208,0,264,1614,5/1/2022,2022,May
992,4793,2,0,3002,5/1/2022,2022,May
208,2570,0,25,996,5/1/2022,2022,May
390,5026,0,0,2413,5/1/2022,2022,May
351,2185,0,1028,0,5/1/2022,2022,May
548,6047,45,432,1681,5/1/2022,2022,May
0,0,0,0,0,5/1/2022,2022,May
10,2877,0,0,815,5/1/2022,2022,May
227,1926,0,0,208,5/1/2022,2022,May
0,3051,0,0,727,5/1/2022,2022,May
42,1687,0,0,673,5/1/2022,2022,May
0,0,0,0,0,5/1/2022,2022,May
25,1039,0,0,86,5/1/2022,2022,May
0,0,0,0,0,5/1/2022,2022,May
0,0,0,0,0,5/1/2022,2022,May
24,2235,0,0,1637,5/1/2022,2022,May
0,0,0,0,0,5/1/2022,2022,May
247,3334,0,0,1270,5/1/2022,2022,May
0,0,0,0,0,5/1/2022,2022,May
118,2269,0,0,524,5/1/2022,2022,May
249,1361,0,0,456,5/1/2022,2022,May
0,1734,0,0,355,5/1/2022,2022,May
691,3729,5,0,1559,5/1/2022,2022,May
8,1513,0,0,632,11/1/2022,2022,Nov
0,1112,0,0,245,11/1/2022,2022,Nov
4,2328,0,0,1210,11/1/2022,2022,Nov
0,0,0,0,0,11/1/2022,2022,Nov
0,0,0,0,0,11/1/2022,2022,Nov
0,0,0,0,0,11/1/2022,2022,Nov
0,0,0,0,0,11/1/2022,2022,Nov
798,4186,0,0,553,11/1/2022,2022,Nov
2,2544,0,0,585,11/1/2022,2022,Nov
802,5129,0,0,1217,11/1/2022,2022,Nov
0,0,0,0,0,11/1/2022,2022,Nov
2,4309,0,0,2055,11/1/2022,2022,Nov
0,0,0,59,0,11/1/2022,2022,Nov
0,898,0,0,233,11/1/2022,2022,Nov
832,2467,0,0,1677,11/1/2022,2022,Nov
354,2005,0,94,855,11/1/2022,2022,Nov
0,0,0,0,0,11/1/2022,2022,Nov
36,2816,0,53,1774,11/1/2022,2022,Nov
0,0,0,0,0,11/1/2022,2022,Nov
0,0,0,0,0,11/1/2022,2022,Nov
0,0,0,0,0,11/1/2022,2022,Nov
281,3442,918,0,1047,11/1/2022,2022,Nov
2,3158,0,0,1027,11/1/2022,2022,Nov
308,2807,0,38,543,11/1/2022,2022,Nov
0,0,0,0,0,11/1/2022,2022,Nov
17,2690,0,0,396,11/1/2022,2022,Nov
48,1689,0,996,563,11/1/2022,2022,Nov
0,0,0,0,0,11/1/2022,2022,Nov
0,0,0,21,52,11/1/2022,2022,Nov
743,1509,0,0,994,11/1/2022,2022,Nov
353,3798,0,0,858,11/1/2022,2022,Nov
442,1124,0,0,184,11/1/2022,2022,Nov
36,2546,0,0,411,11/1/2022,2022,Nov
0,0,0,0,0,11/1/2022,2022,Nov
0,0,0,0,0,11/1/2022,2022,Nov
289,3182,0,603,823,11/1/2022,2022,Nov
18,1202,0,0,464,11/1/2022,2022,Nov
0,0,0,1,0,11/1/2022,2022,Nov
48,2770,0,0,343,11/1/2022,2022,Nov
0,0,0,0,0,11/1/2022,2022,Nov
236,954,0,0,179,11/1/2022,2022,Nov
1004,3595,0,370,1609,11/1/2022,2022,Nov
866,4072,0,23,1354,11/1/2022,2022,Nov
0,0,0,0,0,11/1/2022,2022,Nov
142,4076,0,256,1704,11/1/2022,2022,Nov
0,3257,0,0,546,11/1/2022,2022,Nov
375,1974,2,0,169,11/1/2022,2022,Nov
0,0,0,0,0,11/1/2022,2022,Nov
0,0,0,0,0,11/1/2022,2022,Nov
0,0,0,0,0,11/1/2022,2022,Nov
0,5398,0,0,1406,11/1/2022,2022,Nov
172,1738,0,0,788,11/1/2022,2022,Nov
0,857,0,0,82,11/1/2022,2022,Nov
0,0,0,0,18,11/1/2022,2022,Nov
658,2609,0,0,1391,11/1/2022,2022,Nov
0,0,0,0,0,11/1/2022,2022,Nov
98,2021,0,0,1560,11/1/2022,2022,Nov
38,3510,0,0,962,11/1/2022,2022,Nov
2,3792,0,0,1176,11/1/2022,2022,Nov
67,1193,0,0,470,11/1/2022,2022,Nov
0,0,0,0,0,11/1/2022,2022,Nov
0,0,0,0,0,11/1/2022,2022,Nov
0,0,0,0,0,11/1/2022,2022,Nov
29,1697,0,0,162,11/1/2022,2022,Nov
0,0,0,0,0,11/1/2022,2022,Nov
509,2952,0,0,2232,11/1/2022,2022,Nov
0,0,0,0,0,11/1/2022,2022,Nov
119,2775,0,0,1096,11/1/2022,2022,Nov
192,988,0,0,273,11/1/2022,2022,Nov
333,1682,0,0,457,11/1/2022,2022,Nov
0,0,0,0,0,11/1/2022,2022,Nov
0,1966,0,0,169,11/1/2022,2022,Nov
872,3512,0,0,673,11/1/2022,2022,Nov
395,2076,0,183,579,11/1/2022,2022,Nov
143,2817,0,95,1388,11/1/2022,2022,Nov
0,0,0,0,0,11/1/2022,2022,Nov
921,3540,0,0,1189,11/1/2022,2022,Nov
620,3722,0,0,1153,11/1/2022,2022,Nov
0,0,0,0,0,11/1/2022,2022,Nov
0,0,0,0,137,11/1/2022,2022,Nov
1204,4704,0,0,1701,11/1/2022,2022,Nov
0,0,87,0,13,11/1/2022,2022,Nov
0,0,0,0,0,11/1/2022,2022,Nov
0,0,0,0,0,11/1/2022,2022,Nov
440,6363,0,0,1594,11/1/2022,2022,Nov
0,0,0,0,0,11/1/2022,2022,Nov
16,5257,0,0,1062,11/1/2022,2022,Nov
449,6028,215,153,343,11/1/2022,2022,Nov
0,0,0,0,0,11/1/2022,2022,Nov
0,0,0,0,0,11/1/2022,2022,Nov
263,2116,0,0,1089,11/1/2022,2022,Nov
0,0,0,0,0,11/1/2022,2022,Nov
0,0,0,0,91,11/1/2022,2022,Nov
15,8208,0,262,1134,11/1/2022,2022,Nov
319,2478,0,0,903,11/1/2022,2022,Nov
15,3599,0,150,1030,11/1/2022,2022,Nov
0,1773,0,0,526,11/1/2022,2022,Nov
0,0,0,0,0,11/1/2022,2022,Nov
0,0,8,0,186,11/1/2022,2022,Nov
321,2452,0,0,1603,11/1/2022,2022,Nov
433,3044,0,0,1638,11/1/2022,2022,Nov
728,2178,0,0,823,11/1/2022,2022,Nov
0,0,0,0,0,11/1/2022,2022,Nov
638,1662,0,0,406,11/1/2022,2022,Nov
6,1539,0,609,2328,11/1/2022,2022,Nov
640,3277,0,84,1616,11/1/2022,2022,Nov
585,1760,0,0,1740,11/1/2022,2022,Nov
763,6302,0,416,1428,11/1/2022,2022,Nov
536,4211,0,0,584,11/1/2022,2022,Nov
0,5497,0,62,1064,11/1/2022,2022,Nov
0,0,0,0,0,11/1/2022,2022,Nov
407,3932,0,0,3307,11/1/2022,2022,Nov
0,0,0,0,0,11/1/2022,2022,Nov
0,0,0,0,0,11/1/2022,2022,Nov
0,0,0,0,0,11/1/2022,2022,Nov
0,0,0,0,0,11/1/2022,2022,Nov
0,0,0,0,0,11/1/2022,2022,Nov
1,3659,122,13,3968,11/1/2022,2022,Nov
0,0,0,0,0,11/1/2022,2022,Nov
0,0,0,0,0,11/1/2022,2022,Nov
0,3474,0,0,2391,11/1/2022,2022,Nov
0,0,0,0,0,11/1/2022,2022,Nov
0,0,0,0,0,11/1/2022,2022,Nov
0,0,0,0,0,11/1/2022,2022,Nov
0,0,0,5,568,11/1/2022,2022,Nov
0,0,0,0,0,11/1/2022,2022,Nov
0,2718,0,0,909,11/1/2022,2022,Nov
412,2061,0,29,1341,11/1/2022,2022,Nov
257,3332,0,0,2297,11/1/2022,2022,Nov
518,3248,0,0,469,11/1/2022,2022,Nov
0,0,0,0,39,11/1/2022,2022,Nov
2,2202,0,0,1001,11/1/2022,2022,Nov
1,2478,0,5,1457,11/1/2022,2022,Nov
22,1150,0,0,814,11/1/2022,2022,Nov
109,3058,0,0,424,11/1/2022,2022,Nov
0,1128,0,0,168,11/1/2022,2022,Nov
7,2953,0,0,2844,11/1/2022,2022,Nov
111,3074,0,0,579,11/1/2022,2022,Nov
0,0,0,0,2,11/1/2022,2022,Nov
0,0,0,0,0,11/1/2022,2022,Nov
0,0,0,0,0,11/1/2022,2022,Nov
0,0,0,0,0,11/1/2022,2022,Nov
33,1779,0,0,1310,11/1/2022,2022,Nov
0,0,0,0,0,11/1/2022,2022,Nov
105,2220,0,103,1636,11/1/2022,2022,Nov
2,4239,14,0,1297,11/1/2022,2022,Nov
0,2026,0,0,613,11/1/2022,2022,Nov
0,0,0,0,120,11/1/2022,2022,Nov
0,0,0,0,0,11/1/2022,2022,Nov
0,0,0,1,159,11/1/2022,2022,Nov
379,2031,0,0,106,11/1/2022,2022,Nov
697,2272,0,0,855,11/1/2022,2022,Nov
1,4719,0,0,460,11/1/2022,2022,Nov
0,0,0,0,0,11/1/2022,2022,Nov
231,2717,0,0,809,11/1/2022,2022,Nov
0,0,0,0,0,11/1/2022,2022,Nov
434,2936,0,0,686,11/1/2022,2022,Nov
0,0,0,0,0,11/1/2022,2022,Nov
227,2013,0,0,517,11/1/2022,2022,Nov
0,0,0,0,0,11/1/2022,2022,Nov
0,0,0,0,569,11/1/2022,2022,Nov
20,3580,0,0,1576,11/1/2022,2022,Nov
25,1594,0,0,404,11/1/2022,2022,Nov
27,3453,18,0,2732,11/1/2022,2022,Nov
0,0,0,0,0,11/1/2022,2022,Nov
144,1818,0,0,549,11/1/2022,2022,Nov
782,2105,0,0,476,11/1/2022,2022,Nov
0,0,0,0,15,11/1/2022,2022,Nov
0,2631,0,0,528,11/1/2022,2022,Nov
84,5695,0,0,930,11/1/2022,2022,Nov
1090,2727,0,45,1882,11/1/2022,2022,Nov
0,0,0,0,151,11/1/2022,2022,Nov
0,0,0,0,0,11/1/2022,2022,Nov
210,1777,0,0,1137,11/1/2022,2022,Nov
560,3965,0,0,1031,11/1/2022,2022,Nov
72,1377,0,0,304,11/1/2022,2022,Nov
3,3187,13,0,1362,11/1/2022,2022,Nov
1233,9513,0,0,5082,11/1/2022,2022,Nov
862,4136,12,0,1255,11/1/2022,2022,Nov
4,3464,97,73,1594,11/1/2022,2022,Nov
141,3734,4,0,2088,11/1/2022,2022,Nov
323,3849,0,174,2163,11/1/2022,2022,Nov
1110,4926,2,0,3345,11/1/2022,2022,Nov
338,2594,0,23,933,11/1/2022,2022,Nov
947,5061,0,0,2750,11/1/2022,2022,Nov
914,2049,0,1069,0,11/1/2022,2022,Nov
1010,5813,38,203,1612,11/1/2022,2022,Nov
0,0,0,0,0,11/1/2022,2022,Nov
91,2964,0,0,837,11/1/2022,2022,Nov
718,2912,0,0,272,11/1/2022,2022,Nov
0,3020,0,0,664,11/1/2022,2022,Nov
399,1903,0,0,697,11/1/2022,2022,Nov
0,0,0,0,0,11/1/2022,2022,Nov
256,929,0,0,64,11/1/2022,2022,Nov
0,0,0,0,0,11/1/2022,2022,Nov
0,0,0,0,0,11/1/2022,2022,Nov
182,2069,0,0,1582,11/1/2022,2022,Nov
0,0,0,0,0,11/1/2022,2022,Nov
336,3394,0,0,1269,11/1/2022,2022,Nov
0,0,0,0,0,11/1/2022,2022,Nov
199,1997,0,0,591,11/1/2022,2022,Nov
238,1499,0,0,519,11/1/2022,2022,Nov
0,1635,0,0,350,11/1/2022,2022,Nov
994,3763,8,0,1675,11/1/2022,2022,Nov
8,1480,0,0,634,10/1/2022,2022,Oct
0,1051,0,0,249,10/1/2022,2022,Oct
2,2372,0,0,1347,10/1/2022,2022,Oct
0,0,0,0,0,10/1/2022,2022,Oct
0,0,0,0,0,10/1/2022,2022,Oct
0,0,0,0,0,10/1/2022,2022,Oct
0,0,0,0,0,10/1/2022,2022,Oct
735,4505,0,0,597,10/1/2022,2022,Oct
0,2564,0,0,454,10/1/2022,2022,Oct
1022,5066,0,0,1205,10/1/2022,2022,Oct
0,0,0,0,0,10/1/2022,2022,Oct
13,4306,0,0,1634,10/1/2022,2022,Oct
0,0,0,57,0,10/1/2022,2022,Oct
0,1269,0,0,906,10/1/2022,2022,Oct
1020,2345,0,0,1653,10/1/2022,2022,Oct
480,1973,0,125,812,10/1/2022,2022,Oct
10,0,0,0,0,10/1/2022,2022,Oct
17,2735,0,93,1543,10/1/2022,2022,Oct
0,0,0,0,0,10/1/2022,2022,Oct
0,0,0,0,0,10/1/2022,2022,Oct
0,0,0,0,0,10/1/2022,2022,Oct
291,3129,753,0,868,10/1/2022,2022,Oct
3,3092,0,0,875,10/1/2022,2022,Oct
687,2525,0,19,465,10/1/2022,2022,Oct
0,0,0,0,0,10/1/2022,2022,Oct
22,2706,0,0,368,10/1/2022,2022,Oct
104,1671,0,938,564,10/1/2022,2022,Oct
0,0,0,0,0,10/1/2022,2022,Oct
0,0,0,20,87,10/1/2022,2022,Oct
716,1545,0,0,917,10/1/2022,2022,Oct
288,3735,0,0,775,10/1/2022,2022,Oct
470,1131,0,0,183,10/1/2022,2022,Oct
2,2711,0,0,395,10/1/2022,2022,Oct
0,0,0,0,0,10/1/2022,2022,Oct
0,0,0,0,0,10/1/2022,2022,Oct
369,3171,0,565,696,10/1/2022,2022,Oct
37,1287,0,0,417,10/1/2022,2022,Oct
0,0,0,1,1,10/1/2022,2022,Oct
151,2802,0,0,217,10/1/2022,2022,Oct
0,0,0,0,0,10/1/2022,2022,Oct
421,895,0,0,169,10/1/2022,2022,Oct
1028,3513,0,374,1497,10/1/2022,2022,Oct
985,3955,0,32,1301,10/1/2022,2022,Oct
0,0,0,0,0,10/1/2022,2022,Oct
147,4118,0,278,1526,10/1/2022,2022,Oct
0,3116,0,0,620,10/1/2022,2022,Oct
308,1964,1,0,172,10/1/2022,2022,Oct
0,0,0,0,0,10/1/2022,2022,Oct
0,0,0,0,0,10/1/2022,2022,Oct
0,0,0,0,0,10/1/2022,2022,Oct
0,5707,0,0,1370,10/1/2022,2022,Oct
134,1682,0,0,839,10/1/2022,2022,Oct
0,1818,0,0,107,10/1/2022,2022,Oct
0,0,0,0,6,10/1/2022,2022,Oct
653,2388,0,0,1441,10/1/2022,2022,Oct
0,0,0,0,0,10/1/2022,2022,Oct
104,2000,0,0,1528,10/1/2022,2022,Oct
45,3657,0,0,937,10/1/2022,2022,Oct
7,3796,0,0,1106,10/1/2022,2022,Oct
72,1134,0,0,426,10/1/2022,2022,Oct
0,1,0,0,0,10/1/2022,2022,Oct
0,0,0,0,0,10/1/2022,2022,Oct
0,0,0,0,0,10/1/2022,2022,Oct
19,1701,0,0,204,10/1/2022,2022,Oct
0,0,0,0,0,10/1/2022,2022,Oct
604,3202,0,0,1848,10/1/2022,2022,Oct
0,0,0,0,0,10/1/2022,2022,Oct
186,2850,0,0,1132,10/1/2022,2022,Oct
186,963,0,0,210,10/1/2022,2022,Oct
472,1541,0,0,423,10/1/2022,2022,Oct
0,0,0,0,0,10/1/2022,2022,Oct
0,1957,0,0,149,10/1/2022,2022,Oct
1038,3540,0,0,645,10/1/2022,2022,Oct
554,1948,0,194,534,10/1/2022,2022,Oct
175,2632,0,85,1248,10/1/2022,2022,Oct
0,0,0,0,0,10/1/2022,2022,Oct
1102,3356,0,0,1115,10/1/2022,2022,Oct
771,3562,0,0,1232,10/1/2022,2022,Oct
0,0,0,0,0,10/1/2022,2022,Oct
0,0,0,0,100,10/1/2022,2022,Oct
1106,4897,0,0,1605,10/1/2022,2022,Oct
0,0,95,0,23,10/1/2022,2022,Oct
0,0,0,0,0,10/1/2022,2022,Oct
0,0,0,0,0,10/1/2022,2022,Oct
497,6096,0,0,1556,10/1/2022,2022,Oct
0,0,0,0,0,10/1/2022,2022,Oct
85,5166,0,0,1085,10/1/2022,2022,Oct
450,6605,234,137,425,10/1/2022,2022,Oct
0,0,0,0,0,10/1/2022,2022,Oct
0,0,0,0,0,10/1/2022,2022,Oct
418,2047,0,0,1024,10/1/2022,2022,Oct
0,0,0,0,0,10/1/2022,2022,Oct
0,0,0,0,87,10/1/2022,2022,Oct
8,8051,0,243,1070,10/1/2022,2022,Oct
516,2395,0,0,816,10/1/2022,2022,Oct
11,3699,0,149,785,10/1/2022,2022,Oct
0,1747,0,0,507,10/1/2022,2022,Oct
0,0,0,0,0,10/1/2022,2022,Oct
0,0,13,0,162,10/1/2022,2022,Oct
632,2335,0,0,1501,10/1/2022,2022,Oct
482,3195,0,0,1478,10/1/2022,2022,Oct
523,2311,0,0,743,10/1/2022,2022,Oct
0,0,0,0,0,10/1/2022,2022,Oct
495,1814,0,0,345,10/1/2022,2022,Oct
27,1412,0,600,2244,10/1/2022,2022,Oct
678,3128,0,70,1584,10/1/2022,2022,Oct
700,1766,0,0,1817,10/1/2022,2022,Oct
915,6097,0,455,1329,10/1/2022,2022,Oct
618,4068,0,0,581,10/1/2022,2022,Oct
0,5490,0,44,978,10/1/2022,2022,Oct
0,0,0,0,0,10/1/2022,2022,Oct
686,3820,0,0,3179,10/1/2022,2022,Oct
0,0,0,0,0,10/1/2022,2022,Oct
0,0,0,0,0,10/1/2022,2022,Oct
0,0,0,0,0,10/1/2022,2022,Oct
0,0,0,0,0,10/1/2022,2022,Oct
0,0,0,0,0,10/1/2022,2022,Oct
1,3564,123,14,4021,10/1/2022,2022,Oct
0,0,0,0,0,10/1/2022,2022,Oct
0,0,0,0,0,10/1/2022,2022,Oct
0,3386,0,0,2406,10/1/2022,2022,Oct
0,0,0,0,0,10/1/2022,2022,Oct
0,0,0,0,0,10/1/2022,2022,Oct
0,0,0,0,0,10/1/2022,2022,Oct
0,0,0,5,560,10/1/2022,2022,Oct
0,0,0,0,0,10/1/2022,2022,Oct
0,2830,5,0,861,10/1/2022,2022,Oct
708,1923,0,26,1048,10/1/2022,2022,Oct
263,3338,0,1,2189,10/1/2022,2022,Oct
867,3248,0,0,469,10/1/2022,2022,Oct
0,0,0,0,21,10/1/2022,2022,Oct
5,2150,0,0,851,10/1/2022,2022,Oct
16,2379,0,4,1302,10/1/2022,2022,Oct
26,1211,0,0,683,10/1/2022,2022,Oct
32,3240,0,0,553,10/1/2022,2022,Oct
0,895,0,0,196,10/1/2022,2022,Oct
29,3269,0,0,2403,10/1/2022,2022,Oct
98,3294,0,0,261,10/1/2022,2022,Oct
0,0,0,0,5,10/1/2022,2022,Oct
0,0,0,0,0,10/1/2022,2022,Oct
0,0,0,0,0,10/1/2022,2022,Oct
0,0,0,0,1,10/1/2022,2022,Oct
177,1731,0,0,1276,10/1/2022,2022,Oct
0,0,0,0,0,10/1/2022,2022,Oct
107,2318,0,135,1723,10/1/2022,2022,Oct
0,4357,14,0,1286,10/1/2022,2022,Oct
0,2020,0,0,528,10/1/2022,2022,Oct
0,0,0,0,134,10/1/2022,2022,Oct
0,0,0,0,0,10/1/2022,2022,Oct
0,0,0,2,164,10/1/2022,2022,Oct
328,1852,0,0,126,10/1/2022,2022,Oct
691,2464,0,0,831,10/1/2022,2022,Oct
3,4740,0,0,440,10/1/2022,2022,Oct
0,0,0,0,0,10/1/2022,2022,Oct
266,2674,0,0,753,10/1/2022,2022,Oct
0,0,0,0,0,10/1/2022,2022,Oct
432,2756,0,0,581,10/1/2022,2022,Oct
0,0,0,0,0,10/1/2022,2022,Oct
356,2048,0,0,554,10/1/2022,2022,Oct
0,0,0,0,0,10/1/2022,2022,Oct
0,0,0,0,578,10/1/2022,2022,Oct
129,3446,0,0,1435,10/1/2022,2022,Oct
22,1629,0,0,350,10/1/2022,2022,Oct
27,3462,17,0,2829,10/1/2022,2022,Oct
0,0,0,0,0,10/1/2022,2022,Oct
187,1572,0,0,866,10/1/2022,2022,Oct
650,2036,0,0,478,10/1/2022,2022,Oct
0,0,0,0,30,10/1/2022,2022,Oct
0,2564,0,0,519,10/1/2022,2022,Oct
208,5778,0,0,937,10/1/2022,2022,Oct
972,2808,0,42,1623,10/1/2022,2022,Oct
0,0,0,0,158,10/1/2022,2022,Oct
0,0,0,0,0,10/1/2022,2022,Oct
213,1723,0,0,1162,10/1/2022,2022,Oct
1114,3816,0,0,997,10/1/2022,2022,Oct
66,1433,0,0,295,10/1/2022,2022,Oct
2,3186,16,0,1327,10/1/2022,2022,Oct
1384,9491,0,0,5062,10/1/2022,2022,Oct
941,4150,14,0,1018,10/1/2022,2022,Oct
4,3371,84,71,1545,10/1/2022,2022,Oct
282,3495,4,0,2045,10/1/2022,2022,Oct
785,3853,0,210,1819,10/1/2022,2022,Oct
981,4963,1,0,3200,10/1/2022,2022,Oct
525,2623,0,15,835,10/1/2022,2022,Oct
1028,5031,0,0,2313,10/1/2022,2022,Oct
914,2006,0,1022,0,10/1/2022,2022,Oct
1261,5602,32,276,1438,10/1/2022,2022,Oct
0,0,0,0,0,10/1/2022,2022,Oct
63,2903,0,0,718,10/1/2022,2022,Oct
605,2201,0,0,226,10/1/2022,2022,Oct
0,2902,0,0,719,10/1/2022,2022,Oct
408,1839,0,0,760,10/1/2022,2022,Oct
0,0,0,0,0,10/1/2022,2022,Oct
294,952,0,0,68,10/1/2022,2022,Oct
0,0,0,0,0,10/1/2022,2022,Oct
0,0,0,0,0,10/1/2022,2022,Oct
59,1920,0,0,1729,10/1/2022,2022,Oct
0,0,0,0,0,10/1/2022,2022,Oct
335,3434,0,0,1230,10/1/2022,2022,Oct
0,0,0,0,0,10/1/2022,2022,Oct
221,2043,0,0,520,10/1/2022,2022,Oct
322,1409,0,0,532,10/1/2022,2022,Oct
0,1584,0,0,325,10/1/2022,2022,Oct
1081,3810,5,0,1523,10/1/2022,2022,Oct
14,1503,0,0,560,9/1/2022,2022,Sep
0,963,0,0,211,9/1/2022,2022,Sep
0,2324,0,0,1241,9/1/2022,2022,Sep
0,0,0,0,0,9/1/2022,2022,Sep
0,0,0,0,0,9/1/2022,2022,Sep
0,0,0,0,0,9/1/2022,2022,Sep
0,0,0,0,0,9/1/2022,2022,Sep
567,4464,0,0,732,9/1/2022,2022,Sep
1,2338,0,0,515,9/1/2022,2022,Sep
611,5135,0,0,1070,9/1/2022,2022,Sep
0,0,0,0,0,9/1/2022,2022,Sep
7,4125,0,0,1441,9/1/2022,2022,Sep
0,0,0,33,0,9/1/2022,2022,Sep
0,896,0,0,211,9/1/2022,2022,Sep
964,2256,0,0,1301,9/1/2022,2022,Sep
470,1870,0,71,690,9/1/2022,2022,Sep
0,0,0,0,0,9/1/2022,2022,Sep
16,2528,0,59,1575,9/1/2022,2022,Sep
0,0,0,0,0,9/1/2022,2022,Sep
0,0,0,0,0,9/1/2022,2022,Sep
0,0,0,0,0,9/1/2022,2022,Sep
0,3472,792,0,902,9/1/2022,2022,Sep
2,2914,0,0,855,9/1/2022,2022,Sep
515,2612,0,27,515,9/1/2022,2022,Sep
0,0,0,0,0,9/1/2022,2022,Sep
11,2534,0,0,359,9/1/2022,2022,Sep
18,1741,0,858,538,9/1/2022,2022,Sep
0,0,0,0,0,9/1/2022,2022,Sep
0,0,0,32,60,9/1/2022,2022,Sep
682,1361,0,0,901,9/1/2022,2022,Sep
213,4875,0,0,806,9/1/2022,2022,Sep
222,1119,0,0,155,9/1/2022,2022,Sep
1,2557,0,0,299,9/1/2022,2022,Sep
0,0,0,0,0,9/1/2022,2022,Sep
0,0,0,0,0,9/1/2022,2022,Sep
261,2915,0,441,738,9/1/2022,2022,Sep
25,1236,0,0,414,9/1/2022,2022,Sep
0,0,0,1,2,9/1/2022,2022,Sep
45,2761,0,0,280,9/1/2022,2022,Sep
0,0,0,0,0,9/1/2022,2022,Sep
355,796,0,0,134,9/1/2022,2022,Sep
1126,3524,0,478,1469,9/1/2022,2022,Sep
626,3838,0,21,1076,9/1/2022,2022,Sep
0,0,0,0,0,9/1/2022,2022,Sep
16,4189,0,209,1384,9/1/2022,2022,Sep
0,3029,0,0,638,9/1/2022,2022,Sep
269,1782,5,0,143,9/1/2022,2022,Sep
0,0,0,0,0,9/1/2022,2022,Sep
0,0,0,0,0,9/1/2022,2022,Sep
0,0,0,0,0,9/1/2022,2022,Sep
0,4003,0,0,415,9/1/2022,2022,Sep
164,1607,0,0,772,9/1/2022,2022,Sep
0,1703,0,0,92,9/1/2022,2022,Sep
0,0,0,1,7,9/1/2022,2022,Sep
642,2190,0,0,1155,9/1/2022,2022,Sep
0,0,0,0,0,9/1/2022,2022,Sep
93,2020,0,0,1473,9/1/2022,2022,Sep
30,3384,0,0,922,9/1/2022,2022,Sep
6,3759,0,0,924,9/1/2022,2022,Sep
60,1091,0,0,368,9/1/2022,2022,Sep
0,1,0,0,0,9/1/2022,2022,Sep
0,0,0,0,0,9/1/2022,2022,Sep
13,0,0,0,0,9/1/2022,2022,Sep
17,1653,0,0,222,9/1/2022,2022,Sep
0,0,0,0,0,9/1/2022,2022,Sep
653,2841,0,0,1833,9/1/2022,2022,Sep
0,0,0,0,0,9/1/2022,2022,Sep
78,2664,0,0,1105,9/1/2022,2022,Sep
104,1064,0,0,194,9/1/2022,2022,Sep
378,1576,0,0,471,9/1/2022,2022,Sep
0,0,0,0,0,9/1/2022,2022,Sep
0,1908,0,0,124,9/1/2022,2022,Sep
745,3519,0,0,652,9/1/2022,2022,Sep
411,1837,0,138,479,9/1/2022,2022,Sep
130,2535,0,125,1409,9/1/2022,2022,Sep
0,0,0,0,0,9/1/2022,2022,Sep
635,3352,0,0,1031,9/1/2022,2022,Sep
621,3446,0,0,1193,9/1/2022,2022,Sep
0,0,0,0,0,9/1/2022,2022,Sep
0,0,0,0,102,9/1/2022,2022,Sep
374,5160,0,0,1499,9/1/2022,2022,Sep
0,0,98,0,25,9/1/2022,2022,Sep
0,0,0,0,0,9/1/2022,2022,Sep
0,0,0,0,0,9/1/2022,2022,Sep
217,6192,0,0,1591,9/1/2022,2022,Sep
0,0,0,0,0,9/1/2022,2022,Sep
40,4984,0,0,977,9/1/2022,2022,Sep
197,7123,126,61,1855,9/1/2022,2022,Sep
0,0,0,0,0,9/1/2022,2022,Sep
0,0,0,0,0,9/1/2022,2022,Sep
166,2360,0,0,968,9/1/2022,2022,Sep
0,0,0,0,0,9/1/2022,2022,Sep
0,0,0,0,81,9/1/2022,2022,Sep
5,7898,0,251,1047,9/1/2022,2022,Sep
405,2114,0,0,710,9/1/2022,2022,Sep
3,3657,0,171,717,9/1/2022,2022,Sep
0,1602,0,0,419,9/1/2022,2022,Sep
0,0,0,0,0,9/1/2022,2022,Sep
0,0,26,0,159,9/1/2022,2022,Sep
796,2033,0,0,1553,9/1/2022,2022,Sep
261,3210,0,0,1355,9/1/2022,2022,Sep
477,2180,0,0,700,9/1/2022,2022,Sep
0,0,0,0,0,9/1/2022,2022,Sep
546,1662,0,0,375,9/1/2022,2022,Sep
10,1395,0,512,2087,9/1/2022,2022,Sep
578,2982,0,61,1492,9/1/2022,2022,Sep
705,1502,0,0,1612,9/1/2022,2022,Sep
772,5761,0,387,1266,9/1/2022,2022,Sep
708,3646,0,0,560,9/1/2022,2022,Sep
0,4982,0,59,996,9/1/2022,2022,Sep
0,0,0,0,0,9/1/2022,2022,Sep
560,3719,0,0,3470,9/1/2022,2022,Sep
0,0,0,0,0,9/1/2022,2022,Sep
0,0,0,0,0,9/1/2022,2022,Sep
0,0,0,0,0,9/1/2022,2022,Sep
0,0,0,0,0,9/1/2022,2022,Sep
0,3490,103,21,3642,9/1/2022,2022,Sep
0,0,0,0,0,9/1/2022,2022,Sep
0,0,0,0,0,9/1/2022,2022,Sep
0,3162,0,0,2477,9/1/2022,2022,Sep
0,0,0,0,0,9/1/2022,2022,Sep
0,0,0,0,0,9/1/2022,2022,Sep
0,0,0,0,0,9/1/2022,2022,Sep
0,0,0,10,547,9/1/2022,2022,Sep
0,0,0,0,0,9/1/2022,2022,Sep
0,2757,1,0,819,9/1/2022,2022,Sep
669,1859,0,27,959,9/1/2022,2022,Sep
204,3174,0,0,2069,9/1/2022,2022,Sep
628,3280,0,0,478,9/1/2022,2022,Sep
0,0,0,0,31,9/1/2022,2022,Sep
0,2105,0,0,860,9/1/2022,2022,Sep
112,2325,0,1,1237,9/1/2022,2022,Sep
9,1225,0,0,607,9/1/2022,2022,Sep
7,3071,0,0,495,9/1/2022,2022,Sep
0,821,0,0,169,9/1/2022,2022,Sep
3,3084,0,0,2563,9/1/2022,2022,Sep
150,3129,0,0,309,9/1/2022,2022,Sep
0,0,0,0,10,9/1/2022,2022,Sep
0,0,0,0,0,9/1/2022,2022,Sep
0,0,0,0,0,9/1/2022,2022,Sep
0,0,0,0,1,9/1/2022,2022,Sep
65,1729,0,0,1263,9/1/2022,2022,Sep
0,0,0,0,0,9/1/2022,2022,Sep
44,2057,0,149,1635,9/1/2022,2022,Sep
0,4208,14,0,1204,9/1/2022,2022,Sep
0,1907,0,0,579,9/1/2022,2022,Sep
0,0,0,0,113,9/1/2022,2022,Sep
0,0,0,0,0,9/1/2022,2022,Sep
0,0,0,2,147,9/1/2022,2022,Sep
205,1894,0,0,124,9/1/2022,2022,Sep
351,2388,0,0,800,9/1/2022,2022,Sep
0,4707,0,0,479,9/1/2022,2022,Sep
0,0,0,0,0,9/1/2022,2022,Sep
417,2483,0,0,752,9/1/2022,2022,Sep
0,0,0,0,0,9/1/2022,2022,Sep
267,2511,0,0,443,9/1/2022,2022,Sep
0,0,0,0,0,9/1/2022,2022,Sep
249,1758,0,0,468,9/1/2022,2022,Sep
0,0,0,0,0,9/1/2022,2022,Sep
0,0,0,0,595,9/1/2022,2022,Sep
95,3024,0,0,1448,9/1/2022,2022,Sep
24,1569,0,0,441,9/1/2022,2022,Sep
1,3060,15,0,2626,9/1/2022,2022,Sep
0,0,0,0,0,9/1/2022,2022,Sep
139,1401,0,0,862,9/1/2022,2022,Sep
475,2069,0,0,479,9/1/2022,2022,Sep
0,0,0,0,23,9/1/2022,2022,Sep
10,2381,0,0,563,9/1/2022,2022,Sep
100,5411,0,0,831,9/1/2022,2022,Sep
632,2818,0,41,1484,9/1/2022,2022,Sep
0,0,0,0,178,9/1/2022,2022,Sep
0,0,0,0,0,9/1/2022,2022,Sep
245,1579,0,0,1082,9/1/2022,2022,Sep
869,3667,0,0,991,9/1/2022,2022,Sep
67,1353,0,0,269,9/1/2022,2022,Sep
7,3069,6,0,1266,9/1/2022,2022,Sep
775,9013,0,0,4676,9/1/2022,2022,Sep
717,3897,14,0,1086,9/1/2022,2022,Sep
0,3070,77,15,1610,9/1/2022,2022,Sep
113,3505,10,0,1992,9/1/2022,2022,Sep
390,3768,0,224,1622,9/1/2022,2022,Sep
825,4839,4,0,3339,9/1/2022,2022,Sep
553,2416,0,17,772,9/1/2022,2022,Sep
695,4819,0,0,2412,9/1/2022,2022,Sep
741,2091,0,939,0,9/1/2022,2022,Sep
933,5535,31,211,1390,9/1/2022,2022,Sep
0,0,0,0,0,9/1/2022,2022,Sep
14,2721,0,0,696,9/1/2022,2022,Sep
549,2131,0,0,204,9/1/2022,2022,Sep
0,2861,0,0,629,9/1/2022,2022,Sep
163,1521,0,0,720,9/1/2022,2022,Sep
0,0,0,0,0,9/1/2022,2022,Sep
68,930,0,0,82,9/1/2022,2022,Sep
0,0,0,0,0,9/1/2022,2022,Sep
0,0,0,0,0,9/1/2022,2022,Sep
18,1966,0,0,1539,9/1/2022,2022,Sep
0,0,0,0,0,9/1/2022,2022,Sep
176,3451,0,0,1171,9/1/2022,2022,Sep
0,0,0,0,0,9/1/2022,2022,Sep
131,2103,0,0,513,9/1/2022,2022,Sep
296,1258,0,0,493,9/1/2022,2022,Sep
0,1795,0,0,243,9/1/2022,2022,Sep
924,3592,3,0,1441,9/1/2022,2022,Sep
14,1354,0,0,479,4/1/2023,2023,Apr
0,906,0,0,248,4/1/2023,2023,Apr
8,2671,0,0,720,4/1/2023,2023,Apr
0,0,0,0,0,4/1/2023,2023,Apr
0,0,0,0,0,4/1/2023,2023,Apr
0,0,0,0,0,4/1/2023,2023,Apr
0,0,0,0,0,4/1/2023,2023,Apr
722,4526,0,0,377,4/1/2023,2023,Apr
1,2383,0,0,470,4/1/2023,2023,Apr
365,5017,0,0,985,4/1/2023,2023,Apr
0,0,0,0,0,4/1/2023,2023,Apr
3,4256,0,0,2076,4/1/2023,2023,Apr
0,0,0,36,0,4/1/2023,2023,Apr
0,856,0,0,114,4/1/2023,2023,Apr
698,2457,0,0,1397,4/1/2023,2023,Apr
356,1903,0,79,697,4/1/2023,2023,Apr
0,0,0,0,0,4/1/2023,2023,Apr
52,2585,0,86,1248,4/1/2023,2023,Apr
0,0,0,0,0,4/1/2023,2023,Apr
0,0,0,0,0,4/1/2023,2023,Apr
0,0,0,0,0,4/1/2023,2023,Apr
286,3356,739,0,858,4/1/2023,2023,Apr
2,2759,0,0,802,4/1/2023,2023,Apr
311,2433,0,32,466,4/1/2023,2023,Apr
0,0,0,0,0,4/1/2023,2023,Apr
22,2552,0,0,355,4/1/2023,2023,Apr
63,2302,0,239,513,4/1/2023,2023,Apr
0,0,0,0,0,4/1/2023,2023,Apr
0,0,0,15,51,4/1/2023,2023,Apr
646,1542,0,0,898,4/1/2023,2023,Apr
11,3816,0,0,627,4/1/2023,2023,Apr
0,0,0,8,50,4/1/2023,2023,Apr
281,1363,0,0,112,4/1/2023,2023,Apr
0,2722,0,0,304,4/1/2023,2023,Apr
0,0,0,0,0,4/1/2023,2023,Apr
0,0,0,0,0,4/1/2023,2023,Apr
64,3341,0,378,969,4/1/2023,2023,Apr
3,1567,0,0,404,4/1/2023,2023,Apr
0,0,0,5,0,4/1/2023,2023,Apr
27,2728,0,0,224,4/1/2023,2023,Apr
0,0,0,0,0,4/1/2023,2023,Apr
335,769,0,0,114,4/1/2023,2023,Apr
989,3675,0,428,1479,4/1/2023,2023,Apr
874,3784,0,18,918,4/1/2023,2023,Apr
0,0,0,0,0,4/1/2023,2023,Apr
50,4431,0,228,811,4/1/2023,2023,Apr
0,3048,0,0,488,4/1/2023,2023,Apr
332,1795,4,0,116,4/1/2023,2023,Apr
0,0,0,0,0,4/1/2023,2023,Apr
0,0,0,0,0,4/1/2023,2023,Apr
0,0,0,0,0,4/1/2023,2023,Apr
0,5163,0,0,234,4/1/2023,2023,Apr
0,1656,0,0,718,4/1/2023,2023,Apr
1,926,0,0,31,4/1/2023,2023,Apr
0,0,0,0,50,4/1/2023,2023,Apr
630,2527,0,0,1401,4/1/2023,2023,Apr
0,0,0,0,0,4/1/2023,2023,Apr
79,1984,0,0,1260,4/1/2023,2023,Apr
40,3365,0,0,872,4/1/2023,2023,Apr
5,3877,0,0,925,4/1/2023,2023,Apr
0,0,0,0,0,4/1/2023,2023,Apr
4,1168,0,0,382,4/1/2023,2023,Apr
0,1,0,0,0,4/1/2023,2023,Apr
0,0,0,0,0,4/1/2023,2023,Apr
0,0,0,0,0,4/1/2023,2023,Apr
15,1548,0,0,187,4/1/2023,2023,Apr
0,0,0,0,0,4/1/2023,2023,Apr
167,3114,0,0,1780,4/1/2023,2023,Apr
0,0,0,0,0,4/1/2023,2023,Apr
42,2711,0,0,1082,4/1/2023,2023,Apr
432,1046,0,0,264,4/1/2023,2023,Apr
192,1467,0,0,430,4/1/2023,2023,Apr
0,0,0,0,0,4/1/2023,2023,Apr
0,1907,0,0,146,4/1/2023,2023,Apr
767,3467,0,0,480,4/1/2023,2023,Apr
415,1725,0,115,505,4/1/2023,2023,Apr
159,2919,0,163,1279,4/1/2023,2023,Apr
0,0,0,0,0,4/1/2023,2023,Apr
228,3476,0,0,1060,4/1/2023,2023,Apr
551,3329,0,0,1135,4/1/2023,2023,Apr
0,0,0,0,0,4/1/2023,2023,Apr
0,0,0,0,124,4/1/2023,2023,Apr
1058,4769,0,0,1624,4/1/2023,2023,Apr
0,0,75,0,26,4/1/2023,2023,Apr
0,0,0,0,0,4/1/2023,2023,Apr
0,0,0,0,0,4/1/2023,2023,Apr
363,6112,0,0,1088,4/1/2023,2023,Apr
0,0,0,0,0,4/1/2023,2023,Apr
0,5531,0,0,1011,4/1/2023,2023,Apr
131,5307,190,147,501,4/1/2023,2023,Apr
0,0,0,0,0,4/1/2023,2023,Apr
0,0,0,0,0,4/1/2023,2023,Apr
131,2027,0,0,937,4/1/2023,2023,Apr
0,0,0,0,0,4/1/2023,2023,Apr
0,0,0,0,67,4/1/2023,2023,Apr
17,7721,0,190,1097,4/1/2023,2023,Apr
131,2254,0,0,976,4/1/2023,2023,Apr
1,3750,0,177,946,4/1/2023,2023,Apr
0,1725,0,0,390,4/1/2023,2023,Apr
0,0,0,0,0,4/1/2023,2023,Apr
0,0,12,0,215,4/1/2023,2023,Apr
297,2460,0,0,1537,4/1/2023,2023,Apr
2,3125,0,0,1574,4/1/2023,2023,Apr
350,2162,0,0,648,4/1/2023,2023,Apr
0,0,0,0,0,4/1/2023,2023,Apr
382,1644,0,0,149,4/1/2023,2023,Apr
3,1620,0,409,1786,4/1/2023,2023,Apr
647,2838,0,105,1126,4/1/2023,2023,Apr
770,1618,0,0,1225,4/1/2023,2023,Apr
461,6058,0,337,1470,4/1/2023,2023,Apr
454,4106,0,0,513,4/1/2023,2023,Apr
0,4893,0,57,969,4/1/2023,2023,Apr
0,0,0,0,0,4/1/2023,2023,Apr
347,3827,0,0,2934,4/1/2023,2023,Apr
0,0,0,0,0,4/1/2023,2023,Apr
0,0,0,0,0,4/1/2023,2023,Apr
0,0,0,0,0,4/1/2023,2023,Apr
0,0,0,0,0,4/1/2023,2023,Apr
4,3471,127,21,3817,4/1/2023,2023,Apr
0,0,0,0,0,4/1/2023,2023,Apr
0,0,0,0,0,4/1/2023,2023,Apr
0,3479,0,0,2012,4/1/2023,2023,Apr
0,0,0,0,0,4/1/2023,2023,Apr
0,0,0,0,0,4/1/2023,2023,Apr
0,0,0,0,0,4/1/2023,2023,Apr
0,0,0,5,543,4/1/2023,2023,Apr
0,0,0,0,0,4/1/2023,2023,Apr
0,2149,2,0,829,4/1/2023,2023,Apr
597,2110,0,25,1046,4/1/2023,2023,Apr
103,3273,0,0,1906,4/1/2023,2023,Apr
473,3866,0,0,480,4/1/2023,2023,Apr
0,0,0,0,24,4/1/2023,2023,Apr
0,2118,0,0,782,4/1/2023,2023,Apr
16,2259,0,7,1205,4/1/2023,2023,Apr
16,1200,0,0,696,4/1/2023,2023,Apr
39,2850,0,0,352,4/1/2023,2023,Apr
0,812,0,0,83,4/1/2023,2023,Apr
6,3106,0,0,2737,4/1/2023,2023,Apr
83,3083,0,0,357,4/1/2023,2023,Apr
0,0,0,0,1,4/1/2023,2023,Apr
0,0,0,0,0,4/1/2023,2023,Apr
0,0,0,0,0,4/1/2023,2023,Apr
0,0,0,0,8,4/1/2023,2023,Apr
31,3226,0,0,1521,4/1/2023,2023,Apr
0,0,0,0,0,4/1/2023,2023,Apr
61,2326,0,148,1751,4/1/2023,2023,Apr
1,3994,18,0,1056,4/1/2023,2023,Apr
0,1840,0,0,576,4/1/2023,2023,Apr
0,0,0,0,136,4/1/2023,2023,Apr
0,0,0,0,0,4/1/2023,2023,Apr
0,0,0,6,153,4/1/2023,2023,Apr
105,1842,0,0,82,4/1/2023,2023,Apr
331,2220,0,0,753,4/1/2023,2023,Apr
3,4853,0,0,429,4/1/2023,2023,Apr
0,0,0,0,0,4/1/2023,2023,Apr
67,2713,0,0,679,4/1/2023,2023,Apr
0,0,0,0,0,4/1/2023,2023,Apr
118,2973,0,0,816,4/1/2023,2023,Apr
0,0,0,0,0,4/1/2023,2023,Apr
2,2023,0,0,193,4/1/2023,2023,Apr
0,0,0,0,0,4/1/2023,2023,Apr
0,0,0,0,585,4/1/2023,2023,Apr
10,3257,0,0,1631,4/1/2023,2023,Apr
9,1704,0,0,324,4/1/2023,2023,Apr
45,3134,27,0,2573,4/1/2023,2023,Apr
0,0,0,0,0,4/1/2023,2023,Apr
28,1974,0,0,378,4/1/2023,2023,Apr
243,2248,0,0,430,4/1/2023,2023,Apr
0,0,0,0,22,4/1/2023,2023,Apr
0,2767,0,0,571,4/1/2023,2023,Apr
16,5721,0,0,771,4/1/2023,2023,Apr
524,2554,0,45,1931,4/1/2023,2023,Apr
0,0,0,0,138,4/1/2023,2023,Apr
0,0,0,0,0,4/1/2023,2023,Apr
82,1756,0,0,919,4/1/2023,2023,Apr
665,3744,0,0,1031,4/1/2023,2023,Apr
26,1306,0,0,257,4/1/2023,2023,Apr
6,3299,16,0,1305,4/1/2023,2023,Apr
858,9456,0,0,4360,4/1/2023,2023,Apr
324,4398,8,0,1192,4/1/2023,2023,Apr
7,2995,73,50,1529,4/1/2023,2023,Apr
169,3733,9,0,1953,4/1/2023,2023,Apr
133,3938,0,157,1904,4/1/2023,2023,Apr
960,4798,3,0,3130,4/1/2023,2023,Apr
441,2538,0,30,744,4/1/2023,2023,Apr
286,5405,0,0,2554,4/1/2023,2023,Apr
587,2397,0,956,0,4/1/2023,2023,Apr
637,7567,33,48,1294,4/1/2023,2023,Apr
0,0,0,0,0,4/1/2023,2023,Apr
51,2816,0,0,738,4/1/2023,2023,Apr
564,2002,0,0,172,4/1/2023,2023,Apr
0,3165,0,0,761,4/1/2023,2023,Apr
46,1909,0,0,576,4/1/2023,2023,Apr
0,0,0,0,0,4/1/2023,2023,Apr
173,942,0,0,50,4/1/2023,2023,Apr
0,0,0,0,0,4/1/2023,2023,Apr
0,0,0,0,0,4/1/2023,2023,Apr
229,2005,0,0,1355,4/1/2023,2023,Apr
0,0,0,0,0,4/1/2023,2023,Apr
317,3092,0,0,1131,4/1/2023,2023,Apr
0,0,0,400,0,4/1/2023,2023,Apr
306,2095,0,0,680,4/1/2023,2023,Apr
107,1529,0,0,528,4/1/2023,2023,Apr
800,3775,4,0,1294,4/1/2023,2023,Apr
0,1518,0,0,544,8/1/2023,2023,Aug
0,700,0,0,351,8/1/2023,2023,Aug
4,2722,0,0,594,8/1/2023,2023,Aug
0,0,0,0,0,8/1/2023,2023,Aug
0,0,0,0,0,8/1/2023,2023,Aug
0,0,0,0,0,8/1/2023,2023,Aug
0,0,0,0,0,8/1/2023,2023,Aug
471,6867,0,0,396,8/1/2023,2023,Aug
0,2469,0,0,491,8/1/2023,2023,Aug
585,5207,0,0,1131,8/1/2023,2023,Aug
0,0,0,0,0,8/1/2023,2023,Aug
0,4257,0,0,2025,8/1/2023,2023,Aug
0,0,0,42,0,8/1/2023,2023,Aug
0,817,0,0,251,8/1/2023,2023,Aug
903,2602,0,0,1555,8/1/2023,2023,Aug
595,2117,0,75,635,8/1/2023,2023,Aug
0,0,0,0,0,8/1/2023,2023,Aug
44,2767,0,123,1358,8/1/2023,2023,Aug
0,0,0,0,0,8/1/2023,2023,Aug
0,0,0,0,0,8/1/2023,2023,Aug
0,0,0,0,0,8/1/2023,2023,Aug
234,3561,820,0,1149,8/1/2023,2023,Aug
7,2875,0,0,833,8/1/2023,2023,Aug
238,2802,0,18,387,8/1/2023,2023,Aug
0,0,0,0,0,8/1/2023,2023,Aug
46,2458,0,0,352,8/1/2023,2023,Aug
16,2490,0,223,527,8/1/2023,2023,Aug
0,0,0,0,0,8/1/2023,2023,Aug
0,0,0,7,79,8/1/2023,2023,Aug
576,1538,0,0,979,8/1/2023,2023,Aug
1,4093,0,0,700,8/1/2023,2023,Aug
0,0,0,8,74,8/1/2023,2023,Aug
310,1424,0,0,112,8/1/2023,2023,Aug
4,2555,0,0,346,8/1/2023,2023,Aug
0,0,0,0,0,8/1/2023,2023,Aug
0,0,0,0,0,8/1/2023,2023,Aug
85,3701,0,317,1071,8/1/2023,2023,Aug
8,1581,0,0,440,8/1/2023,2023,Aug
0,0,0,2,4,8/1/2023,2023,Aug
10,2694,0,0,242,8/1/2023,2023,Aug
0,0,0,0,0,8/1/2023,2023,Aug
119,924,0,0,161,8/1/2023,2023,Aug
908,4355,0,463,1558,8/1/2023,2023,Aug
1095,3223,0,87,1780,8/1/2023,2023,Aug
0,0,0,0,0,8/1/2023,2023,Aug
182,4628,0,234,843,8/1/2023,2023,Aug
0,3327,0,0,624,8/1/2023,2023,Aug
538,1807,7,0,140,8/1/2023,2023,Aug
0,0,0,0,0,8/1/2023,2023,Aug
0,0,0,0,0,8/1/2023,2023,Aug
0,0,0,0,0,8/1/2023,2023,Aug
0,5556,0,0,319,8/1/2023,2023,Aug
0,1575,0,0,783,8/1/2023,2023,Aug
10,865,0,0,31,8/1/2023,2023,Aug
0,0,0,0,26,8/1/2023,2023,Aug
573,2682,0,0,1420,8/1/2023,2023,Aug
0,0,0,0,0,8/1/2023,2023,Aug
69,2254,0,0,1412,8/1/2023,2023,Aug
58,3392,0,0,959,8/1/2023,2023,Aug
4,4074,0,0,1149,8/1/2023,2023,Aug
0,0,0,0,0,8/1/2023,2023,Aug
0,1263,0,0,456,8/1/2023,2023,Aug
0,0,0,0,0,8/1/2023,2023,Aug
0,0,0,0,0,8/1/2023,2023,Aug
0,0,0,0,0,8/1/2023,2023,Aug
28,1637,0,0,141,8/1/2023,2023,Aug
0,0,0,0,0,8/1/2023,2023,Aug
224,3521,0,0,1715,8/1/2023,2023,Aug
0,0,0,0,0,8/1/2023,2023,Aug
71,3100,1,0,1142,8/1/2023,2023,Aug
388,1061,0,0,265,8/1/2023,2023,Aug
262,1585,0,0,507,8/1/2023,2023,Aug
0,0,0,0,0,8/1/2023,2023,Aug
0,1945,0,0,171,8/1/2023,2023,Aug
409,3805,0,0,509,8/1/2023,2023,Aug
172,1830,0,150,650,8/1/2023,2023,Aug
131,3069,0,153,1435,8/1/2023,2023,Aug
0,0,0,0,0,8/1/2023,2023,Aug
143,3674,0,0,1121,8/1/2023,2023,Aug
221,3530,0,0,1166,8/1/2023,2023,Aug
0,0,0,0,0,8/1/2023,2023,Aug
0,0,0,0,189,8/1/2023,2023,Aug
1004,5221,0,0,2089,8/1/2023,2023,Aug
0,0,89,0,11,8/1/2023,2023,Aug
0,0,0,0,0,8/1/2023,2023,Aug
0,0,0,0,0,8/1/2023,2023,Aug
253,6476,0,0,1275,8/1/2023,2023,Aug
0,0,0,0,0,8/1/2023,2023,Aug
0,5660,0,0,1136,8/1/2023,2023,Aug
142,5343,171,387,503,8/1/2023,2023,Aug
0,0,0,0,0,8/1/2023,2023,Aug
0,0,0,0,0,8/1/2023,2023,Aug
289,2074,0,0,932,8/1/2023,2023,Aug
0,0,0,0,0,8/1/2023,2023,Aug
174,7300,0,0,606,8/1/2023,2023,Aug
0,0,0,0,77,8/1/2023,2023,Aug
6,8400,0,217,1338,8/1/2023,2023,Aug
235,2352,0,0,946,8/1/2023,2023,Aug
7,3592,0,171,791,8/1/2023,2023,Aug
0,1777,0,0,321,8/1/2023,2023,Aug
0,0,0,0,0,8/1/2023,2023,Aug
0,0,3,0,208,8/1/2023,2023,Aug
394,2433,0,0,1589,8/1/2023,2023,Aug
17,2781,0,0,1942,8/1/2023,2023,Aug
289,2222,0,0,741,8/1/2023,2023,Aug
0,0,0,0,0,8/1/2023,2023,Aug
765,1547,0,0,173,8/1/2023,2023,Aug
4,1475,0,491,1979,8/1/2023,2023,Aug
516,3064,0,104,1246,8/1/2023,2023,Aug
697,1774,0,0,1345,8/1/2023,2023,Aug
519,6515,0,354,1753,8/1/2023,2023,Aug
516,4289,0,0,487,8/1/2023,2023,Aug
0,5393,0,75,1062,8/1/2023,2023,Aug
0,0,0,0,0,8/1/2023,2023,Aug
719,3867,0,0,3294,8/1/2023,2023,Aug
0,0,0,0,0,8/1/2023,2023,Aug
0,0,0,0,0,8/1/2023,2023,Aug
0,0,0,0,0,8/1/2023,2023,Aug
0,0,0,0,0,8/1/2023,2023,Aug
0,3600,124,8,4096,8/1/2023,2023,Aug
0,0,0,0,0,8/1/2023,2023,Aug
0,0,0,0,0,8/1/2023,2023,Aug
14,3631,0,0,2418,8/1/2023,2023,Aug
0,0,0,0,0,8/1/2023,2023,Aug
0,0,0,0,0,8/1/2023,2023,Aug
0,0,0,0,0,8/1/2023,2023,Aug
0,0,0,5,499,8/1/2023,2023,Aug
0,0,0,0,0,8/1/2023,2023,Aug
0,2357,1,0,796,8/1/2023,2023,Aug
396,2190,0,23,1091,8/1/2023,2023,Aug
52,3758,0,0,2189,8/1/2023,2023,Aug
599,4030,0,0,485,8/1/2023,2023,Aug
0,0,0,0,33,8/1/2023,2023,Aug
1,2255,0,0,974,8/1/2023,2023,Aug
0,2412,0,4,1475,8/1/2023,2023,Aug
6,1270,0,0,687,8/1/2023,2023,Aug
139,2774,0,0,338,8/1/2023,2023,Aug
0,699,0,0,61,8/1/2023,2023,Aug
7,3473,0,0,3100,8/1/2023,2023,Aug
58,3234,0,0,348,8/1/2023,2023,Aug
0,0,0,0,2,8/1/2023,2023,Aug
0,0,0,0,0,8/1/2023,2023,Aug
0,0,0,0,0,8/1/2023,2023,Aug
0,0,0,0,13,8/1/2023,2023,Aug
24,3399,0,0,1638,8/1/2023,2023,Aug
0,0,0,0,0,8/1/2023,2023,Aug
6,2366,0,134,1941,8/1/2023,2023,Aug
2,4416,20,0,1022,8/1/2023,2023,Aug
0,2072,0,0,666,8/1/2023,2023,Aug
0,0,0,0,135,8/1/2023,2023,Aug
0,0,0,0,0,8/1/2023,2023,Aug
0,0,0,3,157,8/1/2023,2023,Aug
372,2527,0,0,684,8/1/2023,2023,Aug
0,0,0,0,0,8/1/2023,2023,Aug
63,2810,0,0,675,8/1/2023,2023,Aug
0,0,0,0,0,8/1/2023,2023,Aug
190,3151,0,0,792,8/1/2023,2023,Aug
0,0,0,0,0,8/1/2023,2023,Aug
71,2232,0,0,474,8/1/2023,2023,Aug
0,0,0,0,0,8/1/2023,2023,Aug
0,0,0,0,665,8/1/2023,2023,Aug
85,3305,0,0,1745,8/1/2023,2023,Aug
21,1579,0,0,382,8/1/2023,2023,Aug
34,3160,29,0,2909,8/1/2023,2023,Aug
0,0,0,0,0,8/1/2023,2023,Aug
80,2171,0,0,331,8/1/2023,2023,Aug
418,1951,0,0,616,8/1/2023,2023,Aug
0,0,0,0,23,8/1/2023,2023,Aug
0,2658,0,0,511,8/1/2023,2023,Aug
34,5807,0,0,843,8/1/2023,2023,Aug
803,2633,0,43,2108,8/1/2023,2023,Aug
0,0,0,0,153,8/1/2023,2023,Aug
0,0,0,0,0,8/1/2023,2023,Aug
162,1913,0,0,1247,8/1/2023,2023,Aug
894,4037,0,0,1051,8/1/2023,2023,Aug
45,1446,0,0,302,8/1/2023,2023,Aug
5,3311,10,0,1467,8/1/2023,2023,Aug
1243,10505,0,1,5152,8/1/2023,2023,Aug
112,4518,14,0,1420,8/1/2023,2023,Aug
1,2605,74,69,1582,8/1/2023,2023,Aug
0,4058,5,0,2162,8/1/2023,2023,Aug
158,4088,0,149,2317,8/1/2023,2023,Aug
1087,5251,4,0,3315,8/1/2023,2023,Aug
275,2934,0,32,748,8/1/2023,2023,Aug
463,5676,0,0,2821,8/1/2023,2023,Aug
334,2824,0,0,1171,8/1/2023,2023,Aug
673,8034,27,34,1329,8/1/2023,2023,Aug
0,0,0,0,0,8/1/2023,2023,Aug
57,3184,0,0,663,8/1/2023,2023,Aug
539,2277,0,0,204,8/1/2023,2023,Aug
0,3027,0,0,742,8/1/2023,2023,Aug
278,1870,0,0,584,8/1/2023,2023,Aug
0,0,0,0,0,8/1/2023,2023,Aug
84,905,0,0,46,8/1/2023,2023,Aug
0,0,0,0,0,8/1/2023,2023,Aug
0,0,0,0,0,8/1/2023,2023,Aug
167,2351,0,0,1465,8/1/2023,2023,Aug
0,0,0,0,0,8/1/2023,2023,Aug
300,3359,0,0,1250,8/1/2023,2023,Aug
0,0,0,0,0,8/1/2023,2023,Aug
222,2282,0,0,813,8/1/2023,2023,Aug
213,1575,0,0,564,8/1/2023,2023,Aug
635,4231,4,0,1407,8/1/2023,2023,Aug
143,1498,0,0,550,12/1/2023,2023,Dec
0,899,0,0,356,12/1/2023,2023,Dec
47,2556,0,0,401,12/1/2023,2023,Dec
0,0,0,0,0,12/1/2023,2023,Dec
0,0,0,0,0,12/1/2023,2023,Dec
0,0,0,0,0,12/1/2023,2023,Dec
0,0,0,0,0,12/1/2023,2023,Dec
587,7509,0,0,371,12/1/2023,2023,Dec
0,2987,0,0,498,12/1/2023,2023,Dec
699,5433,0,0,1093,12/1/2023,2023,Dec
0,0,0,0,0,12/1/2023,2023,Dec
12,4902,0,0,2217,12/1/2023,2023,Dec
0,0,0,40,0,12/1/2023,2023,Dec
0,935,0,0,206,12/1/2023,2023,Dec
357,2764,0,0,1524,12/1/2023,2023,Dec
614,2175,0,128,724,12/1/2023,2023,Dec
0,0,0,0,0,12/1/2023,2023,Dec
71,2606,0,95,1459,12/1/2023,2023,Dec
0,0,0,0,0,12/1/2023,2023,Dec
0,0,0,0,0,12/1/2023,2023,Dec
0,0,0,0,0,12/1/2023,2023,Dec
358,4131,774,0,1065,12/1/2023,2023,Dec
1,3199,0,0,746,12/1/2023,2023,Dec
584,2882,0,33,449,12/1/2023,2023,Dec
0,0,0,0,0,12/1/2023,2023,Dec
25,2785,0,0,367,12/1/2023,2023,Dec
145,2560,0,268,582,12/1/2023,2023,Dec
0,0,0,0,0,12/1/2023,2023,Dec
0,0,0,13,63,12/1/2023,2023,Dec
568,1726,0,0,1074,12/1/2023,2023,Dec
18,4548,0,0,795,12/1/2023,2023,Dec
0,0,0,6,49,12/1/2023,2023,Dec
529,1537,0,0,116,12/1/2023,2023,Dec
2,3174,0,0,323,12/1/2023,2023,Dec
0,0,0,0,0,12/1/2023,2023,Dec
0,0,0,0,0,12/1/2023,2023,Dec
305,3501,0,430,1143,12/1/2023,2023,Dec
29,1741,0,0,495,12/1/2023,2023,Dec
0,0,0,1,4,12/1/2023,2023,Dec
83,2829,0,0,274,12/1/2023,2023,Dec
0,0,0,0,0,12/1/2023,2023,Dec
299,1005,0,0,247,12/1/2023,2023,Dec
1260,3795,0,424,1067,12/1/2023,2023,Dec
1162,3882,0,84,2018,12/1/2023,2023,Dec
0,0,0,0,0,12/1/2023,2023,Dec
345,6058,0,290,1009,12/1/2023,2023,Dec
0,3719,0,0,565,12/1/2023,2023,Dec
692,2057,0,0,122,12/1/2023,2023,Dec
0,0,0,0,0,12/1/2023,2023,Dec
0,0,0,0,0,12/1/2023,2023,Dec
0,0,0,0,0,12/1/2023,2023,Dec
43,6554,0,0,284,12/1/2023,2023,Dec
7,1829,0,0,640,12/1/2023,2023,Dec
98,1074,0,0,44,12/1/2023,2023,Dec
0,0,0,0,30,12/1/2023,2023,Dec
905,2840,0,0,1820,12/1/2023,2023,Dec
0,0,0,0,0,12/1/2023,2023,Dec
41,2598,0,0,1390,12/1/2023,2023,Dec
5,1863,0,0,263,12/1/2023,2023,Dec
120,4252,0,0,1123,12/1/2023,2023,Dec
0,0,0,0,0,12/1/2023,2023,Dec
73,1349,0,0,422,12/1/2023,2023,Dec
0,0,0,0,0,12/1/2023,2023,Dec
0,0,0,0,0,12/1/2023,2023,Dec
0,0,0,0,0,12/1/2023,2023,Dec
25,1808,0,0,317,12/1/2023,2023,Dec
496,3673,0,0,1699,12/1/2023,2023,Dec
0,0,0,0,0,12/1/2023,2023,Dec
179,3696,0,0,1023,12/1/2023,2023,Dec
179,1083,0,0,325,12/1/2023,2023,Dec
265,1691,0,0,512,12/1/2023,2023,Dec
0,0,0,0,0,12/1/2023,2023,Dec
0,1960,0,0,177,12/1/2023,2023,Dec
1018,3612,0,0,527,12/1/2023,2023,Dec
353,2017,0,145,574,12/1/2023,2023,Dec
361,3157,0,196,1391,12/1/2023,2023,Dec
0,0,0,0,0,12/1/2023,2023,Dec
545,3958,0,0,1208,12/1/2023,2023,Dec
652,3779,0,0,1174,12/1/2023,2023,Dec
0,0,0,0,0,12/1/2023,2023,Dec
0,0,0,0,238,12/1/2023,2023,Dec
1165,5498,0,0,2027,12/1/2023,2023,Dec
0,0,91,0,12,12/1/2023,2023,Dec
0,0,0,0,0,12/1/2023,2023,Dec
0,0,0,0,0,12/1/2023,2023,Dec
488,7165,0,0,778,12/1/2023,2023,Dec
0,0,0,0,0,12/1/2023,2023,Dec
34,5051,0,0,1021,12/1/2023,2023,Dec
552,5869,170,180,474,12/1/2023,2023,Dec
0,0,0,0,0,12/1/2023,2023,Dec
0,0,0,0,0,12/1/2023,2023,Dec
785,2217,0,0,1053,12/1/2023,2023,Dec
0,0,0,0,0,12/1/2023,2023,Dec
384,7146,0,0,527,12/1/2023,2023,Dec
0,0,0,0,66,12/1/2023,2023,Dec
12,8712,0,144,1198,12/1/2023,2023,Dec
660,2346,0,0,979,12/1/2023,2023,Dec
309,3749,0,150,928,12/1/2023,2023,Dec
0,2152,0,0,480,12/1/2023,2023,Dec
0,0,0,0,0,12/1/2023,2023,Dec
0,0,5,0,202,12/1/2023,2023,Dec
97,2744,0,0,1552,12/1/2023,2023,Dec
269,2704,0,0,1944,12/1/2023,2023,Dec
683,2337,0,0,711,12/1/2023,2023,Dec
0,0,0,0,0,12/1/2023,2023,Dec
820,1627,0,0,217,12/1/2023,2023,Dec
12,1765,0,528,2103,12/1/2023,2023,Dec
702,3084,0,125,1402,12/1/2023,2023,Dec
1009,1962,0,0,1356,12/1/2023,2023,Dec
818,6939,0,418,1445,12/1/2023,2023,Dec
705,4623,0,0,557,12/1/2023,2023,Dec
0,5221,0,60,1256,12/1/2023,2023,Dec
0,0,0,0,0,12/1/2023,2023,Dec
901,3824,0,0,3537,12/1/2023,2023,Dec
0,0,0,0,0,12/1/2023,2023,Dec
0,0,0,0,0,12/1/2023,2023,Dec
0,0,0,0,0,12/1/2023,2023,Dec
0,0,0,0,0,12/1/2023,2023,Dec
3,4085,117,11,4215,12/1/2023,2023,Dec
0,0,0,0,0,12/1/2023,2023,Dec
0,0,0,0,0,12/1/2023,2023,Dec
12,3687,0,0,2282,12/1/2023,2023,Dec
0,0,0,0,0,12/1/2023,2023,Dec
0,0,0,0,0,12/1/2023,2023,Dec
0,0,0,0,0,12/1/2023,2023,Dec
0,0,0,2,480,12/1/2023,2023,Dec
0,0,0,0,0,12/1/2023,2023,Dec
0,2664,1,0,805,12/1/2023,2023,Dec
615,2150,0,35,1070,12/1/2023,2023,Dec
115,3883,0,0,2118,12/1/2023,2023,Dec
724,4325,0,0,483,12/1/2023,2023,Dec
0,0,0,0,36,12/1/2023,2023,Dec
134,2264,0,0,914,12/1/2023,2023,Dec
27,2630,0,6,1524,12/1/2023,2023,Dec
5,1314,0,0,786,12/1/2023,2023,Dec
418,2855,0,0,471,12/1/2023,2023,Dec
0,995,0,0,111,12/1/2023,2023,Dec
6,3843,0,0,2620,12/1/2023,2023,Dec
284,3385,0,0,336,12/1/2023,2023,Dec
0,0,0,0,0,12/1/2023,2023,Dec
0,0,0,0,0,12/1/2023,2023,Dec
0,0,0,0,0,12/1/2023,2023,Dec
0,0,0,0,0,12/1/2023,2023,Dec
93,3298,0,0,2044,12/1/2023,2023,Dec
0,0,0,0,0,12/1/2023,2023,Dec
118,2720,0,115,2002,12/1/2023,2023,Dec
0,4584,14,0,1098,12/1/2023,2023,Dec
8,2167,0,0,667,12/1/2023,2023,Dec
0,0,0,0,131,12/1/2023,2023,Dec
0,0,0,0,0,12/1/2023,2023,Dec
0,0,0,1,161,12/1/2023,2023,Dec
629,2505,0,0,778,12/1/2023,2023,Dec
0,0,0,0,0,12/1/2023,2023,Dec
505,2618,0,0,714,12/1/2023,2023,Dec
0,0,0,0,0,12/1/2023,2023,Dec
528,3031,0,0,795,12/1/2023,2023,Dec
0,0,0,0,0,12/1/2023,2023,Dec
156,2454,0,0,485,12/1/2023,2023,Dec
0,0,0,0,0,12/1/2023,2023,Dec
0,0,0,0,659,12/1/2023,2023,Dec
161,3653,0,0,1757,12/1/2023,2023,Dec
39,1991,0,0,156,12/1/2023,2023,Dec
63,3514,20,0,2652,12/1/2023,2023,Dec
0,0,0,0,0,12/1/2023,2023,Dec
95,2161,0,0,423,12/1/2023,2023,Dec
81,2838,0,0,585,12/1/2023,2023,Dec
0,0,0,0,18,12/1/2023,2023,Dec
7,2942,0,0,573,12/1/2023,2023,Dec
154,5811,0,0,862,12/1/2023,2023,Dec
1068,2916,0,54,2149,12/1/2023,2023,Dec
0,0,0,0,165,12/1/2023,2023,Dec
0,0,0,0,0,12/1/2023,2023,Dec
121,2155,0,0,1178,12/1/2023,2023,Dec
967,4248,0,0,1063,12/1/2023,2023,Dec
192,1383,0,0,279,12/1/2023,2023,Dec
9,3508,12,0,1452,12/1/2023,2023,Dec
1964,10816,0,1,5296,12/1/2023,2023,Dec
376,5083,7,0,1556,12/1/2023,2023,Dec
26,3143,70,90,1417,12/1/2023,2023,Dec
266,4089,8,0,1977,12/1/2023,2023,Dec
841,4184,0,6,2210,12/1/2023,2023,Dec
1167,5620,5,0,3256,12/1/2023,2023,Dec
305,3029,0,49,910,12/1/2023,2023,Dec
1059,5836,0,0,2881,12/1/2023,2023,Dec
607,2961,0,0,1117,12/1/2023,2023,Dec
1205,7945,32,36,1323,12/1/2023,2023,Dec
0,0,0,0,0,12/1/2023,2023,Dec
101,3735,0,0,773,12/1/2023,2023,Dec
767,1854,0,0,191,12/1/2023,2023,Dec
14,3250,0,0,449,12/1/2023,2023,Dec
519,1913,0,0,584,12/1/2023,2023,Dec
0,0,0,0,0,12/1/2023,2023,Dec
323,1162,0,0,47,12/1/2023,2023,Dec
0,0,0,0,0,12/1/2023,2023,Dec
0,0,0,0,0,12/1/2023,2023,Dec
573,2230,0,0,1564,12/1/2023,2023,Dec
0,0,0,0,0,12/1/2023,2023,Dec
260,3513,0,0,1371,12/1/2023,2023,Dec
0,0,0,0,0,12/1/2023,2023,Dec
406,2399,0,0,792,12/1/2023,2023,Dec
226,1942,0,0,590,12/1/2023,2023,Dec
811,4631,1,0,1440,12/1/2023,2023,Dec
0,1309,0,0,547,2/1/2023,2023,Feb
0,914,0,0,247,2/1/2023,2023,Feb
3,2447,0,0,929,2/1/2023,2023,Feb
0,0,0,0,0,2/1/2023,2023,Feb
0,0,0,0,0,2/1/2023,2023,Feb
0,0,0,0,0,2/1/2023,2023,Feb
0,0,0,0,0,2/1/2023,2023,Feb
838,3637,0,0,391,2/1/2023,2023,Feb
6,2280,0,0,501,2/1/2023,2023,Feb
648,4803,0,0,1102,2/1/2023,2023,Feb
0,0,0,0,0,2/1/2023,2023,Feb
1,4279,0,0,2046,2/1/2023,2023,Feb
0,0,0,39,0,2/1/2023,2023,Feb
0,777,0,0,161,2/1/2023,2023,Feb
857,2235,0,0,1332,2/1/2023,2023,Feb
469,1927,0,115,721,2/1/2023,2023,Feb
0,0,0,0,0,2/1/2023,2023,Feb
46,2557,0,107,1384,2/1/2023,2023,Feb
0,0,0,0,0,2/1/2023,2023,Feb
0,0,0,0,0,2/1/2023,2023,Feb
0,0,0,0,0,2/1/2023,2023,Feb
376,3329,804,0,793,2/1/2023,2023,Feb
0,2709,0,0,912,2/1/2023,2023,Feb
374,2530,0,26,543,2/1/2023,2023,Feb
0,0,0,0,0,2/1/2023,2023,Feb
31,2355,0,0,319,2/1/2023,2023,Feb
67,2195,0,187,532,2/1/2023,2023,Feb
0,0,0,0,0,2/1/2023,2023,Feb
0,0,0,17,53,2/1/2023,2023,Feb
665,1398,0,0,950,2/1/2023,2023,Feb
20,3557,0,0,733,2/1/2023,2023,Feb
406,1230,0,0,117,2/1/2023,2023,Feb
0,2591,0,0,399,2/1/2023,2023,Feb
0,0,0,0,0,2/1/2023,2023,Feb
0,0,0,0,0,2/1/2023,2023,Feb
112,2890,0,479,650,2/1/2023,2023,Feb
59,1186,0,0,361,2/1/2023,2023,Feb
0,0,0,0,1,2/1/2023,2023,Feb
52,2211,0,0,340,2/1/2023,2023,Feb
0,0,0,0,0,2/1/2023,2023,Feb
333,756,0,0,147,2/1/2023,2023,Feb
1021,3143,0,443,1597,2/1/2023,2023,Feb
349,3635,0,15,1170,2/1/2023,2023,Feb
0,0,0,0,0,2/1/2023,2023,Feb
62,4165,0,244,942,2/1/2023,2023,Feb
0,2960,0,0,496,2/1/2023,2023,Feb
389,1795,7,0,153,2/1/2023,2023,Feb
0,0,0,0,0,2/1/2023,2023,Feb
0,0,0,0,0,2/1/2023,2023,Feb
0,0,0,0,0,2/1/2023,2023,Feb
13,4702,0,0,1338,2/1/2023,2023,Feb
40,1527,0,0,695,2/1/2023,2023,Feb
1,1669,0,0,96,2/1/2023,2023,Feb
0,0,0,0,25,2/1/2023,2023,Feb
597,2413,0,0,1365,2/1/2023,2023,Feb
0,0,0,0,0,2/1/2023,2023,Feb
124,1782,0,0,1365,2/1/2023,2023,Feb
51,3053,0,0,813,2/1/2023,2023,Feb
10,2683,0,0,783,2/1/2023,2023,Feb
16,1048,0,0,424,2/1/2023,2023,Feb
0,0,0,0,0,2/1/2023,2023,Feb
0,0,0,0,0,2/1/2023,2023,Feb
0,0,0,0,0,2/1/2023,2023,Feb
26,1534,0,0,202,2/1/2023,2023,Feb
0,0,0,0,0,2/1/2023,2023,Feb
425,2899,0,0,1795,2/1/2023,2023,Feb
0,0,0,0,0,2/1/2023,2023,Feb
76,2656,0,0,1062,2/1/2023,2023,Feb
296,1099,0,0,186,2/1/2023,2023,Feb
316,1390,0,0,412,2/1/2023,2023,Feb
0,0,0,0,0,2/1/2023,2023,Feb
0,1811,0,0,172,2/1/2023,2023,Feb
931,3103,0,0,488,2/1/2023,2023,Feb
233,1795,0,105,518,2/1/2023,2023,Feb
134,2671,0,123,1349,2/1/2023,2023,Feb
0,0,0,0,0,2/1/2023,2023,Feb
600,3314,0,0,1024,2/1/2023,2023,Feb
749,3154,0,0,1118,2/1/2023,2023,Feb
0,0,0,0,0,2/1/2023,2023,Feb
0,0,0,0,145,2/1/2023,2023,Feb
1156,4506,0,0,1863,2/1/2023,2023,Feb
0,0,88,0,18,2/1/2023,2023,Feb
0,0,0,0,0,2/1/2023,2023,Feb
0,0,0,0,0,2/1/2023,2023,Feb
575,5963,0,0,1080,2/1/2023,2023,Feb
0,0,0,0,0,2/1/2023,2023,Feb
7,5191,0,0,1085,2/1/2023,2023,Feb
162,5781,193,162,354,2/1/2023,2023,Feb
0,0,0,0,0,2/1/2023,2023,Feb
0,0,0,0,0,2/1/2023,2023,Feb
428,1950,0,0,1051,2/1/2023,2023,Feb
0,0,0,0,0,2/1/2023,2023,Feb
0,0,0,0,108,2/1/2023,2023,Feb
15,7220,0,204,1102,2/1/2023,2023,Feb
335,2114,0,0,847,2/1/2023,2023,Feb
0,3217,0,158,886,2/1/2023,2023,Feb
0,1512,0,0,421,2/1/2023,2023,Feb
0,0,0,0,0,2/1/2023,2023,Feb
0,0,4,0,191,2/1/2023,2023,Feb
540,2085,0,0,1545,2/1/2023,2023,Feb
9,2902,0,0,1679,2/1/2023,2023,Feb
240,2018,0,0,773,2/1/2023,2023,Feb
0,0,0,0,0,2/1/2023,2023,Feb
692,1543,0,0,201,2/1/2023,2023,Feb
3,1377,0,508,1935,2/1/2023,2023,Feb
751,2791,0,101,1313,2/1/2023,2023,Feb
476,1662,0,0,1364,2/1/2023,2023,Feb
529,5636,0,325,1405,2/1/2023,2023,Feb
780,3879,0,0,587,2/1/2023,2023,Feb
0,4677,0,32,899,2/1/2023,2023,Feb
0,0,0,0,0,2/1/2023,2023,Feb
769,3500,0,0,3858,2/1/2023,2023,Feb
0,0,0,0,0,2/1/2023,2023,Feb
0,0,0,0,0,2/1/2023,2023,Feb
0,0,0,0,0,2/1/2023,2023,Feb
0,0,0,0,0,2/1/2023,2023,Feb
2,3288,141,10,3645,2/1/2023,2023,Feb
0,0,0,0,0,2/1/2023,2023,Feb
0,0,0,0,0,2/1/2023,2023,Feb
2,3362,0,0,2202,2/1/2023,2023,Feb
0,0,0,0,0,2/1/2023,2023,Feb
0,0,0,0,0,2/1/2023,2023,Feb
0,0,0,0,0,2/1/2023,2023,Feb
0,0,0,1,458,2/1/2023,2023,Feb
0,0,0,0,0,2/1/2023,2023,Feb
0,2358,1,0,809,2/1/2023,2023,Feb
614,1848,0,26,1067,2/1/2023,2023,Feb
213,3073,0,0,2075,2/1/2023,2023,Feb
547,3011,0,0,421,2/1/2023,2023,Feb
0,0,0,0,30,2/1/2023,2023,Feb
0,2057,0,0,781,2/1/2023,2023,Feb
66,2240,0,11,1223,2/1/2023,2023,Feb
23,1117,0,0,787,2/1/2023,2023,Feb
56,2780,0,0,531,2/1/2023,2023,Feb
0,838,0,0,196,2/1/2023,2023,Feb
27,2787,0,0,2978,2/1/2023,2023,Feb
103,3154,0,0,395,2/1/2023,2023,Feb
0,0,0,0,4,2/1/2023,2023,Feb
0,0,0,0,0,2/1/2023,2023,Feb
0,0,0,0,0,2/1/2023,2023,Feb
0,0,0,0,1,2/1/2023,2023,Feb
83,1704,0,0,1257,2/1/2023,2023,Feb
0,0,0,0,0,2/1/2023,2023,Feb
115,2104,0,171,1830,2/1/2023,2023,Feb
2,3756,21,0,1146,2/1/2023,2023,Feb
0,1734,0,0,593,2/1/2023,2023,Feb
0,0,0,0,134,2/1/2023,2023,Feb
0,0,0,0,0,2/1/2023,2023,Feb
0,0,0,1,148,2/1/2023,2023,Feb
244,1720,0,0,87,2/1/2023,2023,Feb
795,2093,0,0,795,2/1/2023,2023,Feb
0,4498,0,0,437,2/1/2023,2023,Feb
0,0,0,0,0,2/1/2023,2023,Feb
134,2376,0,0,727,2/1/2023,2023,Feb
0,0,0,0,0,2/1/2023,2023,Feb
417,2769,0,0,783,2/1/2023,2023,Feb
0,0,0,0,0,2/1/2023,2023,Feb
75,2016,0,0,427,2/1/2023,2023,Feb
0,0,0,0,0,2/1/2023,2023,Feb
0,0,0,0,557,2/1/2023,2023,Feb
26,3128,0,0,1677,2/1/2023,2023,Feb
15,1635,0,0,376,2/1/2023,2023,Feb
41,2979,15,0,2505,2/1/2023,2023,Feb
0,0,0,0,0,2/1/2023,2023,Feb
46,1884,0,0,428,2/1/2023,2023,Feb
351,2128,0,0,562,2/1/2023,2023,Feb
0,0,0,0,24,2/1/2023,2023,Feb
8,2461,0,0,617,2/1/2023,2023,Feb
89,5441,0,0,886,2/1/2023,2023,Feb
651,2410,0,40,1957,2/1/2023,2023,Feb
0,0,0,0,149,2/1/2023,2023,Feb
0,0,0,0,0,2/1/2023,2023,Feb
120,1729,0,0,1069,2/1/2023,2023,Feb
702,3535,0,0,1038,2/1/2023,2023,Feb
36,1294,0,0,266,2/1/2023,2023,Feb
6,3028,13,0,1287,2/1/2023,2023,Feb
1279,8796,0,0,4504,2/1/2023,2023,Feb
427,4188,11,0,1106,2/1/2023,2023,Feb
80,2905,61,81,1723,2/1/2023,2023,Feb
228,3160,2,0,1933,2/1/2023,2023,Feb
867,3298,0,165,2019,2/1/2023,2023,Feb
919,4384,3,0,2969,2/1/2023,2023,Feb
221,2414,0,23,789,2/1/2023,2023,Feb
690,4745,0,0,2629,2/1/2023,2023,Feb
771,2104,0,1022,0,2/1/2023,2023,Feb
760,6205,35,52,1423,2/1/2023,2023,Feb
0,0,0,0,0,2/1/2023,2023,Feb
125,2745,0,0,846,2/1/2023,2023,Feb
586,2302,0,0,222,2/1/2023,2023,Feb
0,2958,0,0,497,2/1/2023,2023,Feb
429,1728,0,0,715,2/1/2023,2023,Feb
0,0,0,0,0,2/1/2023,2023,Feb
378,880,0,0,44,2/1/2023,2023,Feb
0,0,0,0,0,2/1/2023,2023,Feb
0,0,0,0,0,2/1/2023,2023,Feb
442,1769,0,0,1459,2/1/2023,2023,Feb
0,0,0,0,0,2/1/2023,2023,Feb
283,3098,0,0,1229,2/1/2023,2023,Feb
0,0,0,0,0,2/1/2023,2023,Feb
383,1857,0,0,453,2/1/2023,2023,Feb
308,1350,0,0,541,2/1/2023,2023,Feb
0,1418,0,0,357,2/1/2023,2023,Feb
901,3460,4,0,1402,2/1/2023,2023,Feb
79,1466,0,0,556,1/1/2023,2023,Jan
0,1072,0,0,245,1/1/2023,2023,Jan
1,2299,0,0,862,1/1/2023,2023,Jan
0,0,0,0,0,1/1/2023,2023,Jan
0,0,0,0,0,1/1/2023,2023,Jan
0,0,0,0,0,1/1/2023,2023,Jan
0,0,0,0,0,1/1/2023,2023,Jan
953,4212,0,0,498,1/1/2023,2023,Jan
24,2493,0,0,601,1/1/2023,2023,Jan
733,4920,0,0,1156,1/1/2023,2023,Jan
0,0,0,0,0,1/1/2023,2023,Jan
36,4201,0,0,2134,1/1/2023,2023,Jan
0,0,0,52,0,1/1/2023,2023,Jan
0,799,0,0,204,1/1/2023,2023,Jan
996,2344,0,0,1540,1/1/2023,2023,Jan
486,2162,0,105,779,1/1/2023,2023,Jan
39,0,0,0,0,1/1/2023,2023,Jan
42,2765,0,98,1422,1/1/2023,2023,Jan
0,0,0,0,0,1/1/2023,2023,Jan
0,0,0,0,0,1/1/2023,2023,Jan
0,0,0,0,0,1/1/2023,2023,Jan
288,3335,802,0,885,1/1/2023,2023,Jan
7,3061,0,0,1033,1/1/2023,2023,Jan
363,2652,0,28,548,1/1/2023,2023,Jan
0,0,0,0,0,1/1/2023,2023,Jan
35,2520,0,0,378,1/1/2023,2023,Jan
85,2353,0,302,641,1/1/2023,2023,Jan
0,0,0,0,0,1/1/2023,2023,Jan
0,0,0,17,61,1/1/2023,2023,Jan
724,1544,0,0,1021,1/1/2023,2023,Jan
364,3829,0,0,824,1/1/2023,2023,Jan
374,1333,0,0,162,1/1/2023,2023,Jan
43,2573,0,0,408,1/1/2023,2023,Jan
0,0,0,0,0,1/1/2023,2023,Jan
0,0,0,0,0,1/1/2023,2023,Jan
383,3106,0,489,720,1/1/2023,2023,Jan
40,1259,0,0,388,1/1/2023,2023,Jan
0,0,0,3,5,1/1/2023,2023,Jan
123,2575,0,0,579,1/1/2023,2023,Jan
0,0,0,0,0,1/1/2023,2023,Jan
376,892,0,0,147,1/1/2023,2023,Jan
1164,3356,0,432,1670,1/1/2023,2023,Jan
648,3902,0,16,1238,1/1/2023,2023,Jan
0,0,0,0,0,1/1/2023,2023,Jan
351,4388,0,264,1068,1/1/2023,2023,Jan
9,3051,0,0,555,1/1/2023,2023,Jan
501,1819,1,0,188,1/1/2023,2023,Jan
0,0,0,0,0,1/1/2023,2023,Jan
0,0,0,0,0,1/1/2023,2023,Jan
0,0,0,0,0,1/1/2023,2023,Jan
73,5014,0,0,1308,1/1/2023,2023,Jan
320,1671,0,0,824,1/1/2023,2023,Jan
16,952,0,0,22,1/1/2023,2023,Jan
0,0,0,0,16,1/1/2023,2023,Jan
710,2421,0,0,1483,1/1/2023,2023,Jan
0,0,0,0,0,1/1/2023,2023,Jan
161,1932,0,0,1497,1/1/2023,2023,Jan
33,3342,0,0,955,1/1/2023,2023,Jan
1,3787,0,0,1122,1/1/2023,2023,Jan
115,1192,0,0,446,1/1/2023,2023,Jan
0,0,0,0,0,1/1/2023,2023,Jan
0,0,0,0,0,1/1/2023,2023,Jan
0,0,0,0,0,1/1/2023,2023,Jan
26,1763,0,0,194,1/1/2023,2023,Jan
0,0,0,0,0,1/1/2023,2023,Jan
383,2961,0,0,2285,1/1/2023,2023,Jan
0,0,0,0,0,1/1/2023,2023,Jan
119,2729,0,0,1084,1/1/2023,2023,Jan
143,1199,0,0,209,1/1/2023,2023,Jan
406,1578,0,0,453,1/1/2023,2023,Jan
0,0,0,0,0,1/1/2023,2023,Jan
0,2056,0,0,191,1/1/2023,2023,Jan
1125,3561,0,0,595,1/1/2023,2023,Jan
460,1958,0,143,565,1/1/2023,2023,Jan
125,2886,0,127,1358,1/1/2023,2023,Jan
0,0,0,0,0,1/1/2023,2023,Jan
610,3678,0,0,1028,1/1/2023,2023,Jan
649,3469,0,0,1312,1/1/2023,2023,Jan
0,0,0,0,0,1/1/2023,2023,Jan
0,0,0,0,143,1/1/2023,2023,Jan
1279,4537,0,0,1666,1/1/2023,2023,Jan
0,0,87,0,15,1/1/2023,2023,Jan
0,0,0,0,0,1/1/2023,2023,Jan
0,0,0,0,0,1/1/2023,2023,Jan
431,6522,0,0,1363,1/1/2023,2023,Jan
0,0,0,0,0,1/1/2023,2023,Jan
51,5195,0,0,1088,1/1/2023,2023,Jan
523,6051,228,162,499,1/1/2023,2023,Jan
0,0,0,0,0,1/1/2023,2023,Jan
0,0,0,0,0,1/1/2023,2023,Jan
422,2160,0,0,1085,1/1/2023,2023,Jan
0,0,0,0,0,1/1/2023,2023,Jan
0,0,0,0,93,1/1/2023,2023,Jan
35,8344,0,219,1232,1/1/2023,2023,Jan
591,2248,0,0,893,1/1/2023,2023,Jan
20,3533,0,152,931,1/1/2023,2023,Jan
0,1791,0,0,420,1/1/2023,2023,Jan
0,0,0,0,0,1/1/2023,2023,Jan
0,0,10,0,196,1/1/2023,2023,Jan
572,2348,0,0,1555,1/1/2023,2023,Jan
312,2917,0,0,1808,1/1/2023,2023,Jan
530,2139,0,0,778,1/1/2023,2023,Jan
0,0,0,0,0,1/1/2023,2023,Jan
724,1697,0,0,205,1/1/2023,2023,Jan
10,1510,0,550,2228,1/1/2023,2023,Jan
717,3207,0,121,1380,1/1/2023,2023,Jan
453,1803,0,0,1396,1/1/2023,2023,Jan
708,6412,0,344,1602,1/1/2023,2023,Jan
801,4136,0,0,650,1/1/2023,2023,Jan
8,5315,0,57,930,1/1/2023,2023,Jan
0,0,0,0,0,1/1/2023,2023,Jan
855,3737,0,0,3588,1/1/2023,2023,Jan
0,0,0,0,0,1/1/2023,2023,Jan
0,0,0,0,0,1/1/2023,2023,Jan
0,0,0,0,0,1/1/2023,2023,Jan
0,0,0,0,0,1/1/2023,2023,Jan
3,3493,126,14,3946,1/1/2023,2023,Jan
0,0,0,0,0,1/1/2023,2023,Jan
0,0,0,0,0,1/1/2023,2023,Jan
0,3610,0,0,2480,1/1/2023,2023,Jan
0,0,0,0,0,1/1/2023,2023,Jan
0,0,0,0,0,1/1/2023,2023,Jan
0,0,0,0,0,1/1/2023,2023,Jan
0,0,0,5,514,1/1/2023,2023,Jan
0,0,0,0,0,1/1/2023,2023,Jan
0,2693,1,0,857,1/1/2023,2023,Jan
645,1874,0,29,1259,1/1/2023,2023,Jan
345,3011,0,0,2350,1/1/2023,2023,Jan
855,3241,0,0,475,1/1/2023,2023,Jan
0,0,0,0,26,1/1/2023,2023,Jan
51,2093,0,0,864,1/1/2023,2023,Jan
62,2329,0,11,1355,1/1/2023,2023,Jan
39,1152,0,0,829,1/1/2023,2023,Jan
116,2948,0,0,564,1/1/2023,2023,Jan
0,859,0,0,219,1/1/2023,2023,Jan
10,3220,0,0,3073,1/1/2023,2023,Jan
289,3471,0,0,423,1/1/2023,2023,Jan
0,0,0,0,4,1/1/2023,2023,Jan
0,0,0,0,0,1/1/2023,2023,Jan
0,0,0,0,0,1/1/2023,2023,Jan
0,0,0,0,1,1/1/2023,2023,Jan
153,1770,0,0,1350,1/1/2023,2023,Jan
0,0,0,0,0,1/1/2023,2023,Jan
149,2243,0,163,1899,1/1/2023,2023,Jan
105,3927,31,0,1321,1/1/2023,2023,Jan
0,1951,0,0,654,1/1/2023,2023,Jan
0,0,0,0,126,1/1/2023,2023,Jan
0,0,0,0,0,1/1/2023,2023,Jan
0,0,0,6,186,1/1/2023,2023,Jan
354,1827,0,0,133,1/1/2023,2023,Jan
755,2391,0,0,846,1/1/2023,2023,Jan
0,4659,0,0,491,1/1/2023,2023,Jan
0,0,0,0,0,1/1/2023,2023,Jan
286,2612,0,0,763,1/1/2023,2023,Jan
0,0,0,0,0,1/1/2023,2023,Jan
302,3016,0,0,808,1/1/2023,2023,Jan
0,0,0,1,0,1/1/2023,2023,Jan
273,2123,0,0,515,1/1/2023,2023,Jan
0,0,0,0,0,1/1/2023,2023,Jan
0,0,0,0,711,1/1/2023,2023,Jan
56,3393,0,0,1716,1/1/2023,2023,Jan
55,1632,0,0,435,1/1/2023,2023,Jan
105,3281,18,0,2792,1/1/2023,2023,Jan
0,0,0,0,0,1/1/2023,2023,Jan
80,1885,0,0,426,1/1/2023,2023,Jan
544,2176,0,0,521,1/1/2023,2023,Jan
0,0,0,0,24,1/1/2023,2023,Jan
55,2670,0,0,562,1/1/2023,2023,Jan
101,5649,0,0,965,1/1/2023,2023,Jan
629,2679,0,30,2082,1/1/2023,2023,Jan
0,0,0,0,153,1/1/2023,2023,Jan
0,0,0,0,0,1/1/2023,2023,Jan
193,1675,0,0,1164,1/1/2023,2023,Jan
647,4000,0,0,1053,1/1/2023,2023,Jan
45,1387,0,0,235,1/1/2023,2023,Jan
7,3485,21,0,1478,1/1/2023,2023,Jan
1493,9224,0,0,5132,1/1/2023,2023,Jan
1006,4477,15,0,1247,1/1/2023,2023,Jan
125,3231,87,99,1692,1/1/2023,2023,Jan
215,3552,8,0,2105,1/1/2023,2023,Jan
648,3815,0,173,2341,1/1/2023,2023,Jan
880,4957,0,0,3467,1/1/2023,2023,Jan
428,2627,0,16,870,1/1/2023,2023,Jan
1039,4868,0,0,2969,1/1/2023,2023,Jan
917,2093,0,1117,0,1/1/2023,2023,Jan
1017,6200,29,41,1466,1/1/2023,2023,Jan
0,0,0,0,0,1/1/2023,2023,Jan
148,3045,0,0,899,1/1/2023,2023,Jan
795,2141,0,0,211,1/1/2023,2023,Jan
22,2871,0,0,525,1/1/2023,2023,Jan
405,1728,0,0,739,1/1/2023,2023,Jan
0,0,0,0,0,1/1/2023,2023,Jan
407,992,0,0,54,1/1/2023,2023,Jan
0,0,0,0,0,1/1/2023,2023,Jan
0,0,0,0,0,1/1/2023,2023,Jan
405,1948,0,0,1549,1/1/2023,2023,Jan
0,0,0,0,0,1/1/2023,2023,Jan
329,3278,0,0,1382,1/1/2023,2023,Jan
0,0,0,0,0,1/1/2023,2023,Jan
299,2046,0,0,571,1/1/2023,2023,Jan
288,1503,0,0,570,1/1/2023,2023,Jan
0,1478,0,0,376,1/1/2023,2023,Jan
808,3822,0,0,1556,1/1/2023,2023,Jan
0,1457,0,0,608,7/1/2023,2023,Jul
0,941,0,0,187,7/1/2023,2023,Jul
3,2832,0,0,474,7/1/2023,2023,Jul
0,0,0,0,0,7/1/2023,2023,Jul
0,0,0,0,0,7/1/2023,2023,Jul
0,0,0,0,0,7/1/2023,2023,Jul
0,0,0,0,0,7/1/2023,2023,Jul
310,6828,0,0,396,7/1/2023,2023,Jul
0,2556,0,0,472,7/1/2023,2023,Jul
268,5376,0,0,1132,7/1/2023,2023,Jul
0,0,0,0,0,7/1/2023,2023,Jul
0,4523,0,0,2130,7/1/2023,2023,Jul
0,0,0,43,0,7/1/2023,2023,Jul
0,885,0,0,215,7/1/2023,2023,Jul
856,2513,0,0,1473,7/1/2023,2023,Jul
539,2077,0,89,665,7/1/2023,2023,Jul
0,0,0,0,0,7/1/2023,2023,Jul
5,2848,0,128,1462,7/1/2023,2023,Jul
0,0,0,0,0,7/1/2023,2023,Jul
0,0,0,0,0,7/1/2023,2023,Jul
0,0,0,0,0,7/1/2023,2023,Jul
123,3853,791,0,1140,7/1/2023,2023,Jul
0,2943,0,0,923,7/1/2023,2023,Jul
99,2870,0,23,461,7/1/2023,2023,Jul
0,0,0,0,0,7/1/2023,2023,Jul
35,2513,0,0,346,7/1/2023,2023,Jul
13,2602,0,218,594,7/1/2023,2023,Jul
0,0,0,0,0,7/1/2023,2023,Jul
0,0,0,9,51,7/1/2023,2023,Jul
594,1568,0,0,966,7/1/2023,2023,Jul
1,4131,0,0,733,7/1/2023,2023,Jul
0,0,0,5,60,7/1/2023,2023,Jul
233,1439,0,0,122,7/1/2023,2023,Jul
1,2776,0,0,390,7/1/2023,2023,Jul
0,0,0,0,0,7/1/2023,2023,Jul
0,0,0,0,0,7/1/2023,2023,Jul
38,3654,0,441,1156,7/1/2023,2023,Jul
18,1532,0,0,430,7/1/2023,2023,Jul
0,0,0,2,2,7/1/2023,2023,Jul
3,2732,0,0,272,7/1/2023,2023,Jul
0,0,0,0,0,7/1/2023,2023,Jul
44,949,0,0,183,7/1/2023,2023,Jul
769,4379,0,506,1647,7/1/2023,2023,Jul
1071,3121,0,70,1752,7/1/2023,2023,Jul
0,0,0,0,0,7/1/2023,2023,Jul
5,4770,0,264,870,7/1/2023,2023,Jul
0,3447,0,0,536,7/1/2023,2023,Jul
480,1867,5,0,124,7/1/2023,2023,Jul
0,0,0,0,0,7/1/2023,2023,Jul
0,0,0,0,0,7/1/2023,2023,Jul
0,0,0,0,0,7/1/2023,2023,Jul
0,5867,0,0,313,7/1/2023,2023,Jul
11,1626,0,0,776,7/1/2023,2023,Jul
0,966,0,0,22,7/1/2023,2023,Jul
0,0,0,0,24,7/1/2023,2023,Jul
712,2590,0,0,1441,7/1/2023,2023,Jul
0,0,0,0,0,7/1/2023,2023,Jul
81,2245,0,0,1537,7/1/2023,2023,Jul
44,3508,0,0,911,7/1/2023,2023,Jul
6,4028,0,0,1086,7/1/2023,2023,Jul
0,0,0,0,0,7/1/2023,2023,Jul
1,1250,0,0,421,7/1/2023,2023,Jul
0,0,0,0,0,7/1/2023,2023,Jul
0,0,0,0,0,7/1/2023,2023,Jul
0,0,0,0,0,7/1/2023,2023,Jul
23,1681,0,0,181,7/1/2023,2023,Jul
0,0,0,0,0,7/1/2023,2023,Jul
127,3306,0,0,1839,7/1/2023,2023,Jul
0,0,0,0,0,7/1/2023,2023,Jul
50,3200,0,0,1197,7/1/2023,2023,Jul
474,1094,0,0,239,7/1/2023,2023,Jul
95,1607,0,0,487,7/1/2023,2023,Jul
0,0,0,0,0,7/1/2023,2023,Jul
0,1928,0,0,147,7/1/2023,2023,Jul
286,3938,0,0,498,7/1/2023,2023,Jul
88,1845,0,136,527,7/1/2023,2023,Jul
152,2969,0,185,1445,7/1/2023,2023,Jul
0,0,0,0,0,7/1/2023,2023,Jul
62,3734,0,0,1118,7/1/2023,2023,Jul
324,3540,0,0,1221,7/1/2023,2023,Jul
0,0,0,0,0,7/1/2023,2023,Jul
0,0,0,0,180,7/1/2023,2023,Jul
1254,5216,0,0,1982,7/1/2023,2023,Jul
0,0,79,0,12,7/1/2023,2023,Jul
0,0,0,0,0,7/1/2023,2023,Jul
0,0,0,0,0,7/1/2023,2023,Jul
96,6703,0,0,1330,7/1/2023,2023,Jul
0,0,0,0,0,7/1/2023,2023,Jul
2,5813,0,0,1062,7/1/2023,2023,Jul
91,5558,184,330,505,7/1/2023,2023,Jul
0,0,0,0,0,7/1/2023,2023,Jul
0,0,0,0,0,7/1/2023,2023,Jul
343,2187,0,0,927,7/1/2023,2023,Jul
0,0,0,0,0,7/1/2023,2023,Jul
197,7226,0,0,553,7/1/2023,2023,Jul
0,0,0,0,82,7/1/2023,2023,Jul
11,8324,0,260,1288,7/1/2023,2023,Jul
210,2417,0,0,1028,7/1/2023,2023,Jul
9,3976,0,185,862,7/1/2023,2023,Jul
0,1951,0,0,323,7/1/2023,2023,Jul
0,0,0,0,0,7/1/2023,2023,Jul
0,0,6,0,219,7/1/2023,2023,Jul
357,2367,0,0,1576,7/1/2023,2023,Jul
12,2964,0,0,1764,7/1/2023,2023,Jul
216,2333,0,0,714,7/1/2023,2023,Jul
0,0,0,0,0,7/1/2023,2023,Jul
545,1554,0,0,139,7/1/2023,2023,Jul
1,1515,0,469,2101,7/1/2023,2023,Jul
530,3099,0,107,1315,7/1/2023,2023,Jul
410,1895,0,0,1364,7/1/2023,2023,Jul
360,6793,0,372,1737,7/1/2023,2023,Jul
542,4370,0,0,534,7/1/2023,2023,Jul
0,4967,0,48,1434,7/1/2023,2023,Jul
0,0,0,0,0,7/1/2023,2023,Jul
779,3961,0,0,3376,7/1/2023,2023,Jul
0,0,0,0,0,7/1/2023,2023,Jul
0,0,0,0,0,7/1/2023,2023,Jul
0,0,0,0,0,7/1/2023,2023,Jul
0,0,0,0,0,7/1/2023,2023,Jul
0,3739,121,11,4018,7/1/2023,2023,Jul
0,0,0,0,0,7/1/2023,2023,Jul
0,0,0,0,0,7/1/2023,2023,Jul
24,3681,0,0,2376,7/1/2023,2023,Jul
0,0,0,0,0,7/1/2023,2023,Jul
0,0,0,0,0,7/1/2023,2023,Jul
0,0,0,0,0,7/1/2023,2023,Jul
0,0,0,4,540,7/1/2023,2023,Jul
0,0,0,0,0,7/1/2023,2023,Jul
0,2386,1,0,801,7/1/2023,2023,Jul
435,2254,0,35,1187,7/1/2023,2023,Jul
28,3743,0,0,2164,7/1/2023,2023,Jul
218,4484,0,0,537,7/1/2023,2023,Jul
0,0,0,0,31,7/1/2023,2023,Jul
3,2288,0,0,1006,7/1/2023,2023,Jul
5,2432,0,2,1414,7/1/2023,2023,Jul
1,1301,0,0,772,7/1/2023,2023,Jul
73,2909,0,0,388,7/1/2023,2023,Jul
0,835,0,0,98,7/1/2023,2023,Jul
10,3303,0,0,2998,7/1/2023,2023,Jul
32,3285,0,0,397,7/1/2023,2023,Jul
0,0,0,0,3,7/1/2023,2023,Jul
0,0,0,0,0,7/1/2023,2023,Jul
0,0,0,0,0,7/1/2023,2023,Jul
0,0,0,0,11,7/1/2023,2023,Jul
3,3287,0,0,1470,7/1/2023,2023,Jul
0,0,0,0,0,7/1/2023,2023,Jul
15,2468,0,135,1950,7/1/2023,2023,Jul
2,4343,26,0,1147,7/1/2023,2023,Jul
0,2118,0,0,603,7/1/2023,2023,Jul
0,0,0,0,123,7/1/2023,2023,Jul
0,0,0,0,0,7/1/2023,2023,Jul
0,0,0,8,139,7/1/2023,2023,Jul
376,2564,0,0,756,7/1/2023,2023,Jul
0,0,0,0,0,7/1/2023,2023,Jul
101,2881,0,0,660,7/1/2023,2023,Jul
0,0,0,0,0,7/1/2023,2023,Jul
139,3053,0,0,801,7/1/2023,2023,Jul
0,0,0,0,0,7/1/2023,2023,Jul
15,2376,0,0,148,7/1/2023,2023,Jul
0,0,0,0,0,7/1/2023,2023,Jul
0,0,0,0,642,7/1/2023,2023,Jul
69,3385,0,0,1748,7/1/2023,2023,Jul
35,1674,0,0,412,7/1/2023,2023,Jul
8,3299,14,0,2845,7/1/2023,2023,Jul
0,0,0,0,0,7/1/2023,2023,Jul
92,2066,0,0,387,7/1/2023,2023,Jul
283,2072,0,0,591,7/1/2023,2023,Jul
0,0,0,0,27,7/1/2023,2023,Jul
0,2886,0,0,655,7/1/2023,2023,Jul
21,6061,0,0,863,7/1/2023,2023,Jul
859,2668,0,54,2090,7/1/2023,2023,Jul
0,0,0,0,155,7/1/2023,2023,Jul
0,0,0,0,0,7/1/2023,2023,Jul
56,2147,0,0,1188,7/1/2023,2023,Jul
697,4123,0,0,1011,7/1/2023,2023,Jul
34,1417,0,0,285,7/1/2023,2023,Jul
8,3235,13,3248,1369,7/1/2023,2023,Jul
1097,11075,0,1,4891,7/1/2023,2023,Jul
34,4594,10,0,1328,7/1/2023,2023,Jul
2,2656,88,72,1522,7/1/2023,2023,Jul
4,3993,3,0,2229,7/1/2023,2023,Jul
168,4099,0,199,2249,7/1/2023,2023,Jul
654,5130,6,0,3293,7/1/2023,2023,Jul
275,2902,0,19,863,7/1/2023,2023,Jul
692,5935,0,0,2774,7/1/2023,2023,Jul
185,2917,0,0,1159,7/1/2023,2023,Jul
516,8263,30,41,1269,7/1/2023,2023,Jul
0,0,0,0,0,7/1/2023,2023,Jul
47,3147,0,0,741,7/1/2023,2023,Jul
406,2312,0,0,222,7/1/2023,2023,Jul
0,3100,0,0,740,7/1/2023,2023,Jul
115,1907,0,0,583,7/1/2023,2023,Jul
0,0,0,0,0,7/1/2023,2023,Jul
281,975,0,0,41,7/1/2023,2023,Jul
0,0,0,0,0,7/1/2023,2023,Jul
0,0,0,0,0,7/1/2023,2023,Jul
243,2108,0,0,1516,7/1/2023,2023,Jul
0,0,0,0,0,7/1/2023,2023,Jul
295,3320,0,0,1334,7/1/2023,2023,Jul
0,0,0,0,0,7/1/2023,2023,Jul
298,2206,0,0,908,7/1/2023,2023,Jul
178,1605,0,0,554,7/1/2023,2023,Jul
255,4212,6,0,1437,7/1/2023,2023,Jul
0,1432,0,0,552,6/1/2023,2023,Jun
0,932,0,0,253,6/1/2023,2023,Jun
8,2941,0,0,687,6/1/2023,2023,Jun
0,0,0,0,0,6/1/2023,2023,Jun
0,0,0,0,0,6/1/2023,2023,Jun
0,0,0,0,0,6/1/2023,2023,Jun
0,0,0,0,0,6/1/2023,2023,Jun
611,6185,0,0,454,6/1/2023,2023,Jun
0,2504,0,0,572,6/1/2023,2023,Jun
381,5231,0,0,1092,6/1/2023,2023,Jun
0,0,0,0,0,6/1/2023,2023,Jun
0,4460,0,0,2233,6/1/2023,2023,Jun
0,0,0,45,0,6/1/2023,2023,Jun
0,876,0,0,224,6/1/2023,2023,Jun
804,2552,0,0,1523,6/1/2023,2023,Jun
454,1983,0,68,705,6/1/2023,2023,Jun
0,0,0,0,0,6/1/2023,2023,Jun
10,2632,0,91,1455,6/1/2023,2023,Jun
0,0,0,0,0,6/1/2023,2023,Jun
0,0,0,0,0,6/1/2023,2023,Jun
0,0,0,0,0,6/1/2023,2023,Jun
346,3651,779,0,1145,6/1/2023,2023,Jun
1,2899,0,0,920,6/1/2023,2023,Jun
257,2635,0,23,557,6/1/2023,2023,Jun
0,0,0,0,0,6/1/2023,2023,Jun
37,2488,0,0,404,6/1/2023,2023,Jun
17,2513,0,224,622,6/1/2023,2023,Jun
0,0,0,0,0,6/1/2023,2023,Jun
0,0,0,15,51,6/1/2023,2023,Jun
495,1495,0,0,1107,6/1/2023,2023,Jun
11,3980,0,0,712,6/1/2023,2023,Jun
0,0,0,9,58,6/1/2023,2023,Jun
536,1280,0,0,138,6/1/2023,2023,Jun
0,2703,0,0,357,6/1/2023,2023,Jun
0,0,0,0,0,6/1/2023,2023,Jun
0,0,0,0,0,6/1/2023,2023,Jun
58,3458,0,385,1083,6/1/2023,2023,Jun
27,1519,0,0,480,6/1/2023,2023,Jun
0,0,0,4,2,6/1/2023,2023,Jun
67,2745,0,0,279,6/1/2023,2023,Jun
0,0,0,0,0,6/1/2023,2023,Jun
263,880,0,0,176,6/1/2023,2023,Jun
929,4189,0,385,1693,6/1/2023,2023,Jun
797,3028,0,18,696,6/1/2023,2023,Jun
0,0,0,0,0,6/1/2023,2023,Jun
95,4421,0,251,955,6/1/2023,2023,Jun
0,3416,0,0,597,6/1/2023,2023,Jun
366,1930,4,0,108,6/1/2023,2023,Jun
0,0,0,0,0,6/1/2023,2023,Jun
0,0,0,0,0,6/1/2023,2023,Jun
0,0,0,0,0,6/1/2023,2023,Jun
0,5784,0,0,302,6/1/2023,2023,Jun
0,1650,0,0,758,6/1/2023,2023,Jun
0,964,0,0,20,6/1/2023,2023,Jun
0,0,0,0,38,6/1/2023,2023,Jun
1001,2640,0,0,1580,6/1/2023,2023,Jun
0,0,0,0,0,6/1/2023,2023,Jun
96,2197,0,0,1425,6/1/2023,2023,Jun
63,3490,0,0,936,6/1/2023,2023,Jun
4,3810,0,0,1070,6/1/2023,2023,Jun
0,0,0,0,0,6/1/2023,2023,Jun
1,1250,0,0,491,6/1/2023,2023,Jun
0,0,0,0,0,6/1/2023,2023,Jun
0,0,0,0,0,6/1/2023,2023,Jun
0,0,0,0,0,6/1/2023,2023,Jun
17,1647,0,0,185,6/1/2023,2023,Jun
0,0,0,0,0,6/1/2023,2023,Jun
240,3307,0,0,1696,6/1/2023,2023,Jun
0,0,0,0,0,6/1/2023,2023,Jun
49,3002,0,0,1135,6/1/2023,2023,Jun
223,1117,0,0,246,6/1/2023,2023,Jun
165,1622,0,0,466,6/1/2023,2023,Jun
0,0,0,0,0,6/1/2023,2023,Jun
0,1954,0,0,160,6/1/2023,2023,Jun
270,3995,0,0,509,6/1/2023,2023,Jun
274,1755,0,136,577,6/1/2023,2023,Jun
69,2966,0,213,1354,6/1/2023,2023,Jun
0,0,0,0,0,6/1/2023,2023,Jun
116,3683,0,0,1064,6/1/2023,2023,Jun
465,3498,0,0,1249,6/1/2023,2023,Jun
0,0,0,0,0,6/1/2023,2023,Jun
0,0,0,0,152,6/1/2023,2023,Jun
1218,5213,0,0,2096,6/1/2023,2023,Jun
0,0,92,0,23,6/1/2023,2023,Jun
0,0,0,0,0,6/1/2023,2023,Jun
0,0,0,0,0,6/1/2023,2023,Jun
178,6530,0,0,1295,6/1/2023,2023,Jun
0,0,0,0,0,6/1/2023,2023,Jun
0,5756,0,0,1207,6/1/2023,2023,Jun
66,5503,184,376,488,6/1/2023,2023,Jun
0,0,0,0,0,6/1/2023,2023,Jun
0,0,0,0,0,6/1/2023,2023,Jun
190,2173,0,0,906,6/1/2023,2023,Jun
0,0,0,0,0,6/1/2023,2023,Jun
0,0,0,0,74,6/1/2023,2023,Jun
7,8352,0,251,1308,6/1/2023,2023,Jun
292,2494,0,0,1040,6/1/2023,2023,Jun
8,3797,0,181,969,6/1/2023,2023,Jun
0,1747,0,0,418,6/1/2023,2023,Jun
0,0,0,0,0,6/1/2023,2023,Jun
0,0,8,0,211,6/1/2023,2023,Jun
280,2271,0,0,1583,6/1/2023,2023,Jun
10,3065,0,0,1921,6/1/2023,2023,Jun
211,2262,0,0,759,6/1/2023,2023,Jun
0,0,0,0,0,6/1/2023,2023,Jun
606,1551,0,0,195,6/1/2023,2023,Jun
1,1528,0,486,2115,6/1/2023,2023,Jun
616,2990,0,114,1323,6/1/2023,2023,Jun
582,1859,0,0,1230,6/1/2023,2023,Jun
243,6576,0,341,1822,6/1/2023,2023,Jun
628,4280,0,0,574,6/1/2023,2023,Jun
0,5029,0,69,1050,6/1/2023,2023,Jun
0,0,0,0,0,6/1/2023,2023,Jun
682,3777,0,0,3319,6/1/2023,2023,Jun
0,0,0,0,0,6/1/2023,2023,Jun
0,0,0,0,0,6/1/2023,2023,Jun
0,0,0,0,0,6/1/2023,2023,Jun
0,0,0,0,0,6/1/2023,2023,Jun
0,3803,135,9,4009,6/1/2023,2023,Jun
0,0,0,0,0,6/1/2023,2023,Jun
0,0,0,0,0,6/1/2023,2023,Jun
0,3565,0,0,2424,6/1/2023,2023,Jun
0,0,0,0,0,6/1/2023,2023,Jun
0,0,0,0,0,6/1/2023,2023,Jun
0,0,0,0,0,6/1/2023,2023,Jun
0,0,0,1,597,6/1/2023,2023,Jun
0,0,0,0,0,6/1/2023,2023,Jun
0,2335,1,0,803,6/1/2023,2023,Jun
407,2169,0,22,1097,6/1/2023,2023,Jun
68,3475,0,0,2157,6/1/2023,2023,Jun
501,4036,0,0,512,6/1/2023,2023,Jun
0,0,0,0,36,6/1/2023,2023,Jun
4,2179,0,0,971,6/1/2023,2023,Jun
50,2371,0,5,1346,6/1/2023,2023,Jun
1,1244,0,0,776,6/1/2023,2023,Jun
32,2956,0,0,540,6/1/2023,2023,Jun
0,917,0,0,120,6/1/2023,2023,Jun
4,3247,0,0,3099,6/1/2023,2023,Jun
78,3242,0,0,344,6/1/2023,2023,Jun
0,0,0,0,6,6/1/2023,2023,Jun
0,0,0,0,0,6/1/2023,2023,Jun
0,0,0,0,0,6/1/2023,2023,Jun
0,0,0,0,10,6/1/2023,2023,Jun
21,3193,0,0,1638,6/1/2023,2023,Jun
0,0,0,0,0,6/1/2023,2023,Jun
40,2388,0,105,2023,6/1/2023,2023,Jun
3,4290,22,0,1249,6/1/2023,2023,Jun
0,1971,0,0,623,6/1/2023,2023,Jun
0,0,0,0,137,6/1/2023,2023,Jun
0,0,0,0,0,6/1/2023,2023,Jun
0,0,0,6,155,6/1/2023,2023,Jun
236,1964,0,0,102,6/1/2023,2023,Jun
589,2430,0,0,773,6/1/2023,2023,Jun
6,5101,0,0,512,6/1/2023,2023,Jun
0,0,0,0,0,6/1/2023,2023,Jun
55,2854,0,0,739,6/1/2023,2023,Jun
0,0,0,0,0,6/1/2023,2023,Jun
204,2984,0,0,798,6/1/2023,2023,Jun
0,0,0,0,1,6/1/2023,2023,Jun
15,2164,0,0,138,6/1/2023,2023,Jun
0,0,0,0,0,6/1/2023,2023,Jun
0,0,0,0,624,6/1/2023,2023,Jun
31,3501,0,0,1787,6/1/2023,2023,Jun
17,1714,0,0,447,6/1/2023,2023,Jun
4,3192,22,0,2779,6/1/2023,2023,Jun
0,0,0,0,0,6/1/2023,2023,Jun
77,2076,0,0,409,6/1/2023,2023,Jun
410,2236,0,0,592,6/1/2023,2023,Jun
0,0,0,0,35,6/1/2023,2023,Jun
0,2858,0,0,605,6/1/2023,2023,Jun
23,6076,0,0,878,6/1/2023,2023,Jun
525,2661,0,47,2075,6/1/2023,2023,Jun
0,0,0,0,162,6/1/2023,2023,Jun
0,0,0,0,0,6/1/2023,2023,Jun
129,1643,0,0,1032,6/1/2023,2023,Jun
702,4101,0,0,1170,6/1/2023,2023,Jun
41,1380,0,0,313,6/1/2023,2023,Jun
18,3283,13,0,1425,6/1/2023,2023,Jun
1143,10350,0,1,5175,6/1/2023,2023,Jun
214,4427,14,0,1337,6/1/2023,2023,Jun
1,2750,83,56,1265,6/1/2023,2023,Jun
14,4218,7,0,2132,6/1/2023,2023,Jun
176,4056,0,179,2141,6/1/2023,2023,Jun
910,4958,7,0,3219,6/1/2023,2023,Jun
388,2686,0,26,890,6/1/2023,2023,Jun
696,5705,0,0,2840,6/1/2023,2023,Jun
355,2742,0,0,1051,6/1/2023,2023,Jun
591,7820,32,57,1374,6/1/2023,2023,Jun
0,0,0,0,0,6/1/2023,2023,Jun
25,3129,0,0,661,6/1/2023,2023,Jun
551,2137,0,0,179,6/1/2023,2023,Jun
0,3242,0,0,840,6/1/2023,2023,Jun
80,1940,0,0,642,6/1/2023,2023,Jun
0,0,0,0,0,6/1/2023,2023,Jun
195,953,0,0,69,6/1/2023,2023,Jun
0,0,0,0,0,6/1/2023,2023,Jun
0,0,0,0,0,6/1/2023,2023,Jun
128,2040,0,0,1526,6/1/2023,2023,Jun
0,0,0,0,0,6/1/2023,2023,Jun
286,3203,0,0,1265,6/1/2023,2023,Jun
0,0,0,555,0,6/1/2023,2023,Jun
249,2228,0,0,783,6/1/2023,2023,Jun
259,1601,0,0,549,6/1/2023,2023,Jun
495,3989,0,0,1516,6/1/2023,2023,Jun
3,1462,0,0,624,3/1/2023,2023,Mar
0,1085,0,0,227,3/1/2023,2023,Mar
5,2867,0,0,953,3/1/2023,2023,Mar
0,0,0,0,0,3/1/2023,2023,Mar
0,0,0,0,0,3/1/2023,2023,Mar
0,0,0,0,0,3/1/2023,2023,Mar
0,0,0,0,0,3/1/2023,2023,Mar
778,4433,0,0,447,3/1/2023,2023,Mar
1,2618,0,0,545,3/1/2023,2023,Mar
812,5346,0,0,1172,3/1/2023,2023,Mar
0,0,0,0,0,3/1/2023,2023,Mar
29,4699,0,0,2415,3/1/2023,2023,Mar
0,0,0,45,0,3/1/2023,2023,Mar
0,803,0,0,224,3/1/2023,2023,Mar
1045,2524,0,0,1592,3/1/2023,2023,Mar
477,2067,0,122,856,3/1/2023,2023,Mar
0,0,0,0,0,3/1/2023,2023,Mar
88,2854,0,110,1562,3/1/2023,2023,Mar
0,0,0,0,0,3/1/2023,2023,Mar
0,0,0,0,0,3/1/2023,2023,Mar
0,0,0,0,0,3/1/2023,2023,Mar
339,3570,840,0,955,3/1/2023,2023,Mar
2,3033,0,0,902,3/1/2023,2023,Mar
388,2776,0,21,487,3/1/2023,2023,Mar
0,0,0,0,0,3/1/2023,2023,Mar
42,2644,0,0,377,3/1/2023,2023,Mar
124,2423,0,236,628,3/1/2023,2023,Mar
0,0,0,0,0,3/1/2023,2023,Mar
0,0,0,20,69,3/1/2023,2023,Mar
755,1520,0,0,1113,3/1/2023,2023,Mar
2,4067,0,0,751,3/1/2023,2023,Mar
220,1462,0,0,164,3/1/2023,2023,Mar
1,2859,0,0,419,3/1/2023,2023,Mar
0,0,0,0,0,3/1/2023,2023,Mar
0,0,0,0,0,3/1/2023,2023,Mar
116,3200,0,349,843,3/1/2023,2023,Mar
17,1387,0,0,489,3/1/2023,2023,Mar
0,0,0,1,2,3/1/2023,2023,Mar
106,2640,0,0,357,3/1/2023,2023,Mar
0,0,0,0,0,3/1/2023,2023,Mar
361,879,0,0,159,3/1/2023,2023,Mar
1189,3566,0,386,1674,3/1/2023,2023,Mar
676,4158,0,24,1275,3/1/2023,2023,Mar
0,0,0,0,0,3/1/2023,2023,Mar
261,4678,0,285,1028,3/1/2023,2023,Mar
0,3144,0,0,591,3/1/2023,2023,Mar
379,1889,4,0,144,3/1/2023,2023,Mar
0,0,0,0,0,3/1/2023,2023,Mar
0,0,0,0,0,3/1/2023,2023,Mar
0,0,0,0,0,3/1/2023,2023,Mar
0,5361,0,0,1514,3/1/2023,2023,Mar
80,1774,0,0,754,3/1/2023,2023,Mar
0,948,0,0,22,3/1/2023,2023,Mar
0,0,0,0,22,3/1/2023,2023,Mar
636,2736,0,0,1604,3/1/2023,2023,Mar
0,0,0,0,0,3/1/2023,2023,Mar
171,1947,0,0,1529,3/1/2023,2023,Mar
44,3666,0,0,944,3/1/2023,2023,Mar
3,3994,0,0,1121,3/1/2023,2023,Mar
45,1196,0,0,493,3/1/2023,2023,Mar
0,0,0,0,0,3/1/2023,2023,Mar
0,0,0,0,0,3/1/2023,2023,Mar
0,0,0,0,0,3/1/2023,2023,Mar
12,1747,0,0,227,3/1/2023,2023,Mar
0,0,0,0,0,3/1/2023,2023,Mar
386,3153,0,0,2089,3/1/2023,2023,Mar
0,0,0,0,0,3/1/2023,2023,Mar
98,2858,0,0,1154,3/1/2023,2023,Mar
232,1218,0,0,264,3/1/2023,2023,Mar
316,1657,0,0,494,3/1/2023,2023,Mar
0,0,0,0,0,3/1/2023,2023,Mar
0,2064,0,0,177,3/1/2023,2023,Mar
1201,3556,0,0,523,3/1/2023,2023,Mar
331,1898,0,165,666,3/1/2023,2023,Mar
145,2917,0,170,1730,3/1/2023,2023,Mar
0,0,0,0,0,3/1/2023,2023,Mar
423,3654,0,0,1165,3/1/2023,2023,Mar
808,3673,0,0,1234,3/1/2023,2023,Mar
0,0,0,0,0,3/1/2023,2023,Mar
0,0,0,0,151,3/1/2023,2023,Mar
1422,4820,0,0,2039,3/1/2023,2023,Mar
0,0,113,0,11,3/1/2023,2023,Mar
0,0,0,0,0,3/1/2023,2023,Mar
0,0,0,0,0,3/1/2023,2023,Mar
420,6804,0,0,1345,3/1/2023,2023,Mar
0,0,0,0,0,3/1/2023,2023,Mar
22,5809,0,0,1178,3/1/2023,2023,Mar
102,5323,179,141,617,3/1/2023,2023,Mar
0,0,0,0,0,3/1/2023,2023,Mar
0,0,0,0,0,3/1/2023,2023,Mar
540,2227,0,0,1107,3/1/2023,2023,Mar
0,0,0,0,0,3/1/2023,2023,Mar
0,0,0,0,110,3/1/2023,2023,Mar
27,8187,0,199,1241,3/1/2023,2023,Mar
439,2522,0,0,934,3/1/2023,2023,Mar
0,3668,0,137,1002,3/1/2023,2023,Mar
0,1681,0,0,461,3/1/2023,2023,Mar
0,0,0,0,0,3/1/2023,2023,Mar
0,0,11,0,195,3/1/2023,2023,Mar
484,2420,0,0,1656,3/1/2023,2023,Mar
135,3255,0,0,1951,3/1/2023,2023,Mar
439,2279,0,0,810,3/1/2023,2023,Mar
0,0,0,0,0,3/1/2023,2023,Mar
657,1686,0,0,183,3/1/2023,2023,Mar
0,1644,0,508,2301,3/1/2023,2023,Mar
785,3077,0,113,1378,3/1/2023,2023,Mar
573,1865,0,0,1399,3/1/2023,2023,Mar
784,6516,0,422,1551,3/1/2023,2023,Mar
854,4453,0,0,649,3/1/2023,2023,Mar
0,4929,0,57,1047,3/1/2023,2023,Mar
0,0,0,0,0,3/1/2023,2023,Mar
640,3952,0,0,3739,3/1/2023,2023,Mar
0,0,0,0,0,3/1/2023,2023,Mar
0,0,0,0,0,3/1/2023,2023,Mar
0,0,0,0,0,3/1/2023,2023,Mar
0,0,0,0,0,3/1/2023,2023,Mar
0,3716,135,19,4235,3/1/2023,2023,Mar
0,0,0,0,0,3/1/2023,2023,Mar
0,0,0,0,0,3/1/2023,2023,Mar
0,3584,0,0,2638,3/1/2023,2023,Mar
0,0,0,0,0,3/1/2023,2023,Mar
0,0,0,0,0,3/1/2023,2023,Mar
0,0,0,0,0,3/1/2023,2023,Mar
0,0,0,3,549,3/1/2023,2023,Mar
0,0,0,0,0,3/1/2023,2023,Mar
0,2445,5,0,843,3/1/2023,2023,Mar
719,1924,0,34,1294,3/1/2023,2023,Mar
382,3316,0,0,2303,3/1/2023,2023,Mar
540,3749,0,0,501,3/1/2023,2023,Mar
0,0,0,0,31,3/1/2023,2023,Mar
6,2342,0,0,979,3/1/2023,2023,Mar
33,2348,0,9,1371,3/1/2023,2023,Mar
6,1263,0,0,840,3/1/2023,2023,Mar
110,3066,0,0,440,3/1/2023,2023,Mar
0,935,0,0,205,3/1/2023,2023,Mar
13,3226,0,0,3050,3/1/2023,2023,Mar
270,3412,0,0,417,3/1/2023,2023,Mar
0,0,0,0,10,3/1/2023,2023,Mar
0,0,0,0,0,3/1/2023,2023,Mar
0,0,0,0,0,3/1/2023,2023,Mar
0,0,0,0,1,3/1/2023,2023,Mar
39,1941,0,0,1565,3/1/2023,2023,Mar
0,0,0,0,0,3/1/2023,2023,Mar
158,2356,0,169,2049,3/1/2023,2023,Mar
4,4298,21,0,1272,3/1/2023,2023,Mar
1,1942,0,0,700,3/1/2023,2023,Mar
0,0,0,0,137,3/1/2023,2023,Mar
0,0,0,0,0,3/1/2023,2023,Mar
0,0,0,5,192,3/1/2023,2023,Mar
308,1908,0,0,127,3/1/2023,2023,Mar
596,2413,0,0,960,3/1/2023,2023,Mar
0,5232,0,0,481,3/1/2023,2023,Mar
0,0,0,0,0,3/1/2023,2023,Mar
177,2689,0,0,846,3/1/2023,2023,Mar
0,0,0,0,0,3/1/2023,2023,Mar
529,2960,0,0,975,3/1/2023,2023,Mar
0,0,0,1,0,3/1/2023,2023,Mar
145,2266,0,0,497,3/1/2023,2023,Mar
0,0,0,0,0,3/1/2023,2023,Mar
0,0,0,0,655,3/1/2023,2023,Mar
30,3540,0,0,1747,3/1/2023,2023,Mar
22,1799,0,0,364,3/1/2023,2023,Mar
89,3360,20,0,3002,3/1/2023,2023,Mar
0,0,0,0,0,3/1/2023,2023,Mar
132,2228,0,0,413,3/1/2023,2023,Mar
522,2335,0,0,639,3/1/2023,2023,Mar
0,0,0,0,15,3/1/2023,2023,Mar
1,2844,0,0,788,3/1/2023,2023,Mar
113,5994,0,0,951,3/1/2023,2023,Mar
817,2566,0,51,2154,3/1/2023,2023,Mar
0,0,0,0,191,3/1/2023,2023,Mar
0,0,0,0,0,3/1/2023,2023,Mar
206,1904,0,0,1198,3/1/2023,2023,Mar
721,4005,0,0,1119,3/1/2023,2023,Mar
93,1331,0,0,281,3/1/2023,2023,Mar
10,3434,9,0,1394,3/1/2023,2023,Mar
1356,9822,0,0,5464,3/1/2023,2023,Mar
545,4678,4,0,1366,3/1/2023,2023,Mar
57,3229,77,94,1795,3/1/2023,2023,Mar
185,3712,7,0,2509,3/1/2023,2023,Mar
641,3977,0,142,2358,3/1/2023,2023,Mar
1155,5201,2,0,3525,3/1/2023,2023,Mar
516,2789,0,12,874,3/1/2023,2023,Mar
906,5516,0,0,3031,3/1/2023,2023,Mar
1005,2305,0,1097,0,3/1/2023,2023,Mar
951,7697,29,51,1600,3/1/2023,2023,Mar
0,0,0,0,0,3/1/2023,2023,Mar
265,3191,0,0,876,3/1/2023,2023,Mar
765,2325,0,0,221,3/1/2023,2023,Mar
0,3261,0,0,597,3/1/2023,2023,Mar
484,1820,0,0,831,3/1/2023,2023,Mar
0,0,0,0,0,3/1/2023,2023,Mar
296,1034,0,0,51,3/1/2023,2023,Mar
0,0,0,0,0,3/1/2023,2023,Mar
0,0,0,0,0,3/1/2023,2023,Mar
269,1931,0,0,1652,3/1/2023,2023,Mar
0,0,0,0,0,3/1/2023,2023,Mar
345,3256,0,0,1392,3/1/2023,2023,Mar
0,0,0,0,0,3/1/2023,2023,Mar
351,2175,0,0,752,3/1/2023,2023,Mar
263,1565,0,0,574,3/1/2023,2023,Mar
0,1712,0,0,343,3/1/2023,2023,Mar
1070,4054,5,0,1669,3/1/2023,2023,Mar
16,1445,0,0,599,5/1/2023,2023,May
0,1008,0,0,244,5/1/2023,2023,May
8,2876,0,0,694,5/1/2023,2023,May
0,0,0,0,0,5/1/2023,2023,May
0,0,0,0,0,5/1/2023,2023,May
0,0,0,0,0,5/1/2023,2023,May
0,0,0,0,0,5/1/2023,2023,May
810,5511,0,0,437,5/1/2023,2023,May
0,2564,0,0,524,5/1/2023,2023,May
628,5520,0,0,1144,5/1/2023,2023,May
0,0,0,0,0,5/1/2023,2023,May
0,4580,0,0,2467,5/1/2023,2023,May
0,0,0,50,0,5/1/2023,2023,May
0,879,0,0,227,5/1/2023,2023,May
931,2553,0,0,1718,5/1/2023,2023,May
491,2131,0,81,667,5/1/2023,2023,May
0,0,0,0,0,5/1/2023,2023,May
29,2901,0,92,1471,5/1/2023,2023,May
0,0,0,0,0,5/1/2023,2023,May
0,0,0,0,0,5/1/2023,2023,May
0,0,0,0,0,5/1/2023,2023,May
360,3579,724,0,1128,5/1/2023,2023,May
3,2969,0,0,918,5/1/2023,2023,May
5,2770,0,0,505,5/1/2023,2023,May
0,0,0,0,0,5/1/2023,2023,May
26,2517,0,0,391,5/1/2023,2023,May
26,2411,0,291,575,5/1/2023,2023,May
0,0,0,0,0,5/1/2023,2023,May
0,0,0,16,57,5/1/2023,2023,May
637,1515,0,0,1094,5/1/2023,2023,May
14,4079,0,0,722,5/1/2023,2023,May
0,0,0,6,57,5/1/2023,2023,May
336,1362,0,0,131,5/1/2023,2023,May
2,2783,0,0,338,5/1/2023,2023,May
0,0,0,0,0,5/1/2023,2023,May
0,0,0,0,0,5/1/2023,2023,May
128,3493,0,461,1133,5/1/2023,2023,May
8,1702,0,0,479,5/1/2023,2023,May
0,0,0,3,4,5/1/2023,2023,May
35,2926,0,0,272,5/1/2023,2023,May
0,0,0,0,0,5/1/2023,2023,May
503,824,0,0,151,5/1/2023,2023,May
1136,3920,0,410,1731,5/1/2023,2023,May
968,3808,0,22,1154,5/1/2023,2023,May
0,0,0,0,0,5/1/2023,2023,May
39,4533,0,245,887,5/1/2023,2023,May
0,3547,0,0,554,5/1/2023,2023,May
293,1990,1,0,148,5/1/2023,2023,May
0,0,0,0,0,5/1/2023,2023,May
0,0,0,0,0,5/1/2023,2023,May
0,0,0,0,0,5/1/2023,2023,May
0,5701,0,0,329,5/1/2023,2023,May
5,1730,0,0,784,5/1/2023,2023,May
0,923,0,0,20,5/1/2023,2023,May
0,0,0,0,20,5/1/2023,2023,May
1113,2541,0,0,1459,5/1/2023,2023,May
0,0,0,0,0,5/1/2023,2023,May
116,2173,0,0,1501,5/1/2023,2023,May
46,3510,0,0,943,5/1/2023,2023,May
2,3864,0,0,997,5/1/2023,2023,May
0,0,0,0,0,5/1/2023,2023,May
1,1321,0,0,427,5/1/2023,2023,May
0,0,0,0,0,5/1/2023,2023,May
0,0,0,0,0,5/1/2023,2023,May
0,0,0,0,0,5/1/2023,2023,May
23,1681,0,0,158,5/1/2023,2023,May
0,0,0,0,0,5/1/2023,2023,May
306,3349,0,0,1884,5/1/2023,2023,May
0,0,0,0,0,5/1/2023,2023,May
60,3015,0,0,1155,5/1/2023,2023,May
421,1154,0,0,287,5/1/2023,2023,May
270,1663,0,0,469,5/1/2023,2023,May
0,0,0,0,0,5/1/2023,2023,May
0,1927,0,0,159,5/1/2023,2023,May
555,3822,0,0,542,5/1/2023,2023,May
655,1788,0,157,577,5/1/2023,2023,May
148,3074,0,197,1432,5/1/2023,2023,May
0,0,0,0,0,5/1/2023,2023,May
185,3712,0,0,1126,5/1/2023,2023,May
437,3537,0,0,1262,5/1/2023,2023,May
0,0,0,0,0,5/1/2023,2023,May
0,0,0,0,158,5/1/2023,2023,May
908,5021,0,0,2030,5/1/2023,2023,May
0,0,94,0,19,5/1/2023,2023,May
0,0,0,0,0,5/1/2023,2023,May
0,0,0,0,0,5/1/2023,2023,May
299,6560,0,0,1387,5/1/2023,2023,May
0,0,0,0,0,5/1/2023,2023,May
4,5750,0,0,1241,5/1/2023,2023,May
141,5636,188,341,537,5/1/2023,2023,May
0,0,0,0,0,5/1/2023,2023,May
0,0,0,0,0,5/1/2023,2023,May
106,2197,0,0,987,5/1/2023,2023,May
0,0,0,0,0,5/1/2023,2023,May
0,0,0,0,95,5/1/2023,2023,May
9,8713,0,236,1265,5/1/2023,2023,May
206,2453,0,0,1030,5/1/2023,2023,May
13,3931,0,195,977,5/1/2023,2023,May
0,1738,0,0,397,5/1/2023,2023,May
0,0,0,0,0,5/1/2023,2023,May
0,0,7,0,200,5/1/2023,2023,May
324,2488,0,0,1662,5/1/2023,2023,May
39,3069,0,0,1746,5/1/2023,2023,May
314,2323,0,0,757,5/1/2023,2023,May
0,0,0,0,0,5/1/2023,2023,May
602,1612,0,0,151,5/1/2023,2023,May
4,1584,0,490,2047,5/1/2023,2023,May
583,2982,0,111,1295,5/1/2023,2023,May
791,1635,0,0,1417,5/1/2023,2023,May
279,6820,0,442,1395,5/1/2023,2023,May
673,4482,0,0,554,5/1/2023,2023,May
0,5399,0,62,997,5/1/2023,2023,May
0,0,0,0,0,5/1/2023,2023,May
832,3955,0,0,3370,5/1/2023,2023,May
0,0,0,0,0,5/1/2023,2023,May
0,0,0,0,0,5/1/2023,2023,May
0,0,0,0,0,5/1/2023,2023,May
0,0,0,0,0,5/1/2023,2023,May
0,3922,119,20,4053,5/1/2023,2023,May
0,0,0,0,0,5/1/2023,2023,May
0,0,0,0,0,5/1/2023,2023,May
0,3640,0,0,2287,5/1/2023,2023,May
0,0,0,0,0,5/1/2023,2023,May
0,0,0,0,0,5/1/2023,2023,May
0,0,0,0,0,5/1/2023,2023,May
0,0,0,2,532,5/1/2023,2023,May
0,0,0,0,0,5/1/2023,2023,May
0,2374,1,0,829,5/1/2023,2023,May
467,2101,0,26,1072,5/1/2023,2023,May
82,3395,0,0,2237,5/1/2023,2023,May
685,3964,0,0,477,5/1/2023,2023,May
0,0,0,0,32,5/1/2023,2023,May
1,2296,0,0,919,5/1/2023,2023,May
68,2501,0,8,1316,5/1/2023,2023,May
16,1195,0,0,811,5/1/2023,2023,May
39,2986,0,0,499,5/1/2023,2023,May
0,923,0,0,99,5/1/2023,2023,May
7,3223,0,0,3107,5/1/2023,2023,May
83,3207,0,0,379,5/1/2023,2023,May
0,0,0,0,0,5/1/2023,2023,May
0,0,0,0,0,5/1/2023,2023,May
0,0,0,0,0,5/1/2023,2023,May
0,0,0,0,9,5/1/2023,2023,May
16,3209,0,0,1570,5/1/2023,2023,May
0,0,0,0,0,5/1/2023,2023,May
61,2364,0,168,1984,5/1/2023,2023,May
11,4407,27,0,1157,5/1/2023,2023,May
0,2057,0,0,590,5/1/2023,2023,May
0,0,0,0,139,5/1/2023,2023,May
0,0,0,0,0,5/1/2023,2023,May
0,0,0,5,163,5/1/2023,2023,May
212,1901,0,0,121,5/1/2023,2023,May
591,2400,0,0,782,5/1/2023,2023,May
4,5130,0,0,516,5/1/2023,2023,May
0,0,0,0,0,5/1/2023,2023,May
107,2794,0,0,816,5/1/2023,2023,May
0,0,0,0,0,5/1/2023,2023,May
178,3207,0,0,767,5/1/2023,2023,May
0,0,0,0,0,5/1/2023,2023,May
20,2241,0,0,151,5/1/2023,2023,May
0,0,0,0,0,5/1/2023,2023,May
0,0,0,0,702,5/1/2023,2023,May
10,3595,0,0,1709,5/1/2023,2023,May
14,1801,0,0,428,5/1/2023,2023,May
11,3288,24,0,2877,5/1/2023,2023,May
0,0,0,0,0,5/1/2023,2023,May
99,1979,0,0,428,5/1/2023,2023,May
437,2291,0,0,563,5/1/2023,2023,May
0,0,0,0,19,5/1/2023,2023,May
0,2918,0,0,605,5/1/2023,2023,May
55,6198,0,0,898,5/1/2023,2023,May
529,2604,0,43,2145,5/1/2023,2023,May
0,0,0,0,138,5/1/2023,2023,May
0,0,0,0,0,5/1/2023,2023,May
119,1739,0,0,936,5/1/2023,2023,May
798,3950,0,0,1174,5/1/2023,2023,May
25,1352,0,0,285,5/1/2023,2023,May
11,3537,12,0,1379,5/1/2023,2023,May
1127,10614,0,0,4703,5/1/2023,2023,May
435,4720,10,0,1336,5/1/2023,2023,May
3,2742,87,75,1652,5/1/2023,2023,May
66,4129,5,0,2152,5/1/2023,2023,May
573,4070,0,181,2193,5/1/2023,2023,May
1046,5100,3,0,3220,5/1/2023,2023,May
398,2723,0,28,810,5/1/2023,2023,May
665,5819,0,0,2725,5/1/2023,2023,May
628,2653,0,1043,0,5/1/2023,2023,May
806,7941,34,41,1379,5/1/2023,2023,May
0,0,0,0,0,5/1/2023,2023,May
7,3176,0,0,717,5/1/2023,2023,May
566,2219,0,0,208,5/1/2023,2023,May
0,3335,0,0,866,5/1/2023,2023,May
171,2012,0,0,677,5/1/2023,2023,May
0,0,0,0,0,5/1/2023,2023,May
302,930,0,0,56,5/1/2023,2023,May
0,0,0,0,0,5/1/2023,2023,May
0,0,0,0,0,5/1/2023,2023,May
476,1914,0,0,1557,5/1/2023,2023,May
0,0,0,0,0,5/1/2023,2023,May
287,3313,0,0,1287,5/1/2023,2023,May
0,0,0,0,0,5/1/2023,2023,May
270,2966,0,0,735,5/1/2023,2023,May
225,1568,0,0,497,5/1/2023,2023,May
789,4040,2,0,1511,5/1/2023,2023,May
238,1450,0,0,601,11/1/2023,2023,Nov
0,957,0,0,387,11/1/2023,2023,Nov
5,2417,0,0,364,11/1/2023,2023,Nov
0,0,0,0,0,11/1/2023,2023,Nov
0,0,0,0,0,11/1/2023,2023,Nov
0,0,0,0,0,11/1/2023,2023,Nov
0,0,0,0,0,11/1/2023,2023,Nov
740,7301,0,0,405,11/1/2023,2023,Nov
2,2789,0,0,506,11/1/2023,2023,Nov
1254,5293,0,0,1221,11/1/2023,2023,Nov
0,0,0,0,0,11/1/2023,2023,Nov
0,4791,0,0,2359,11/1/2023,2023,Nov
0,0,0,40,0,11/1/2023,2023,Nov
0,1031,0,0,219,11/1/2023,2023,Nov
434,2466,0,0,1624,11/1/2023,2023,Nov
530,2161,0,196,824,11/1/2023,2023,Nov
0,0,0,0,0,11/1/2023,2023,Nov
95,2730,0,113,1545,11/1/2023,2023,Nov
0,0,0,0,0,11/1/2023,2023,Nov
0,0,0,0,0,11/1/2023,2023,Nov
0,0,0,0,0,11/1/2023,2023,Nov
322,3914,896,0,1301,11/1/2023,2023,Nov
1,2993,0,0,819,11/1/2023,2023,Nov
343,2209,0,17,353,11/1/2023,2023,Nov
0,0,0,0,0,11/1/2023,2023,Nov
27,2770,0,0,378,11/1/2023,2023,Nov
37,2462,0,332,689,11/1/2023,2023,Nov
0,0,0,0,0,11/1/2023,2023,Nov
0,0,0,11,67,11/1/2023,2023,Nov
616,1621,0,0,1271,11/1/2023,2023,Nov
18,4431,0,0,768,11/1/2023,2023,Nov
0,0,0,10,54,11/1/2023,2023,Nov
504,1475,0,0,135,11/1/2023,2023,Nov
10,3181,0,0,395,11/1/2023,2023,Nov
0,0,0,0,0,11/1/2023,2023,Nov
0,0,0,0,0,11/1/2023,2023,Nov
205,3477,0,429,1279,11/1/2023,2023,Nov
56,1732,0,0,583,11/1/2023,2023,Nov
0,0,0,2,4,11/1/2023,2023,Nov
32,2664,0,0,231,11/1/2023,2023,Nov
0,0,0,0,0,11/1/2023,2023,Nov
253,986,0,0,194,11/1/2023,2023,Nov
1168,4074,0,487,1281,11/1/2023,2023,Nov
1133,3459,0,82,1974,11/1/2023,2023,Nov
0,0,0,0,0,11/1/2023,2023,Nov
314,5374,0,237,910,11/1/2023,2023,Nov
2,3341,0,0,602,11/1/2023,2023,Nov
638,2042,6,0,158,11/1/2023,2023,Nov
0,0,0,0,0,11/1/2023,2023,Nov
0,0,0,0,0,11/1/2023,2023,Nov
0,0,0,0,0,11/1/2023,2023,Nov
11,6405,0,0,299,11/1/2023,2023,Nov
0,1666,0,0,707,11/1/2023,2023,Nov
43,904,0,0,20,11/1/2023,2023,Nov
0,0,0,0,29,11/1/2023,2023,Nov
912,2804,0,0,1723,11/1/2023,2023,Nov
0,0,0,0,0,11/1/2023,2023,Nov
126,2264,0,0,1514,11/1/2023,2023,Nov
56,1857,0,0,288,11/1/2023,2023,Nov
74,3991,0,0,1235,11/1/2023,2023,Nov
0,0,0,0,0,11/1/2023,2023,Nov
46,1292,0,0,493,11/1/2023,2023,Nov
0,0,0,0,0,11/1/2023,2023,Nov
0,0,0,0,0,11/1/2023,2023,Nov
0,0,0,0,0,11/1/2023,2023,Nov
23,1784,0,0,296,11/1/2023,2023,Nov
0,0,0,0,0,11/1/2023,2023,Nov
577,3381,0,0,1815,11/1/2023,2023,Nov
0,0,0,0,0,11/1/2023,2023,Nov
104,3642,4,0,1094,11/1/2023,2023,Nov
155,1108,0,0,311,11/1/2023,2023,Nov
237,1733,0,0,546,11/1/2023,2023,Nov
0,0,0,0,0,11/1/2023,2023,Nov
0,1973,0,0,146,11/1/2023,2023,Nov
900,3573,0,0,513,11/1/2023,2023,Nov
236,1918,0,96,548,11/1/2023,2023,Nov
302,3213,0,213,1501,11/1/2023,2023,Nov
0,0,0,0,0,11/1/2023,2023,Nov
365,3840,0,0,1117,11/1/2023,2023,Nov
606,3672,0,0,1354,11/1/2023,2023,Nov
0,0,0,0,0,11/1/2023,2023,Nov
0,0,0,0,166,11/1/2023,2023,Nov
1325,4938,0,0,2242,11/1/2023,2023,Nov
0,0,87,0,27,11/1/2023,2023,Nov
0,0,0,0,0,11/1/2023,2023,Nov
0,0,0,0,0,11/1/2023,2023,Nov
572,6651,0,0,961,11/1/2023,2023,Nov
0,0,0,0,0,11/1/2023,2023,Nov
105,5655,0,0,1108,11/1/2023,2023,Nov
191,5768,188,223,452,11/1/2023,2023,Nov
0,0,0,0,0,11/1/2023,2023,Nov
0,0,0,0,0,11/1/2023,2023,Nov
766,2163,0,0,1097,11/1/2023,2023,Nov
0,0,0,0,0,11/1/2023,2023,Nov
343,7531,0,0,607,11/1/2023,2023,Nov
0,0,0,0,80,11/1/2023,2023,Nov
14,8287,0,135,1281,11/1/2023,2023,Nov
650,2212,0,0,1124,11/1/2023,2023,Nov
96,3611,0,134,989,11/1/2023,2023,Nov
0,2180,0,0,445,11/1/2023,2023,Nov
0,0,0,0,0,11/1/2023,2023,Nov
0,0,1,0,189,11/1/2023,2023,Nov
272,2438,0,0,1613,11/1/2023,2023,Nov
213,2803,0,0,1997,11/1/2023,2023,Nov
568,2252,0,0,838,11/1/2023,2023,Nov
0,0,0,0,0,11/1/2023,2023,Nov
806,1511,0,0,180,11/1/2023,2023,Nov
2,1696,0,561,2163,11/1/2023,2023,Nov
864,3019,0,101,1403,11/1/2023,2023,Nov
836,1931,0,0,1415,11/1/2023,2023,Nov
848,6990,0,383,1901,11/1/2023,2023,Nov
687,4606,0,0,579,11/1/2023,2023,Nov
6,5196,0,74,1323,11/1/2023,2023,Nov
0,0,0,0,0,11/1/2023,2023,Nov
977,3958,0,0,3803,11/1/2023,2023,Nov
0,0,0,0,0,11/1/2023,2023,Nov
0,0,0,0,0,11/1/2023,2023,Nov
0,0,0,0,0,11/1/2023,2023,Nov
0,0,0,0,0,11/1/2023,2023,Nov
0,4040,136,3,4200,11/1/2023,2023,Nov
0,0,0,0,0,11/1/2023,2023,Nov
0,0,0,0,0,11/1/2023,2023,Nov
24,3693,0,0,2498,11/1/2023,2023,Nov
0,0,0,0,0,11/1/2023,2023,Nov
0,0,0,0,0,11/1/2023,2023,Nov
0,0,0,0,0,11/1/2023,2023,Nov
0,0,0,0,501,11/1/2023,2023,Nov
0,0,0,0,0,11/1/2023,2023,Nov
0,2621,1,0,914,11/1/2023,2023,Nov
730,2003,0,54,1173,11/1/2023,2023,Nov
46,3810,0,0,2144,11/1/2023,2023,Nov
688,4183,0,0,525,11/1/2023,2023,Nov
0,0,0,0,41,11/1/2023,2023,Nov
44,2169,0,0,1059,11/1/2023,2023,Nov
11,2529,0,4,1607,11/1/2023,2023,Nov
2,1251,0,0,921,11/1/2023,2023,Nov
373,2893,0,0,447,11/1/2023,2023,Nov
1,1137,0,0,85,11/1/2023,2023,Nov
6,3676,0,0,2772,11/1/2023,2023,Nov
146,3448,0,0,367,11/1/2023,2023,Nov
0,0,0,0,2,11/1/2023,2023,Nov
0,0,0,0,0,11/1/2023,2023,Nov
0,0,0,0,0,11/1/2023,2023,Nov
0,0,0,0,7,11/1/2023,2023,Nov
4,3290,0,0,2147,11/1/2023,2023,Nov
0,0,0,0,0,11/1/2023,2023,Nov
99,2689,0,137,2147,11/1/2023,2023,Nov
0,4467,20,0,960,11/1/2023,2023,Nov
4,2366,0,0,739,11/1/2023,2023,Nov
0,0,0,0,124,11/1/2023,2023,Nov
0,0,0,0,0,11/1/2023,2023,Nov
0,0,0,0,160,11/1/2023,2023,Nov
653,2441,0,0,928,11/1/2023,2023,Nov
0,0,0,0,0,11/1/2023,2023,Nov
224,2718,0,0,747,11/1/2023,2023,Nov
0,0,0,0,0,11/1/2023,2023,Nov
326,3227,0,0,994,11/1/2023,2023,Nov
0,0,0,0,0,11/1/2023,2023,Nov
83,2435,0,0,475,11/1/2023,2023,Nov
0,0,0,0,0,11/1/2023,2023,Nov
0,0,0,0,622,11/1/2023,2023,Nov
142,3481,0,0,1818,11/1/2023,2023,Nov
5,1823,0,0,215,11/1/2023,2023,Nov
90,3710,10,0,2744,11/1/2023,2023,Nov
0,0,0,0,0,11/1/2023,2023,Nov
128,2057,0,0,480,11/1/2023,2023,Nov
71,2260,0,0,658,11/1/2023,2023,Nov
0,0,0,0,22,11/1/2023,2023,Nov
0,3014,0,0,578,11/1/2023,2023,Nov
395,5820,0,0,880,11/1/2023,2023,Nov
862,2679,0,45,2266,11/1/2023,2023,Nov
0,0,0,0,176,11/1/2023,2023,Nov
0,0,0,0,0,11/1/2023,2023,Nov
143,2045,0,0,1152,11/1/2023,2023,Nov
799,4208,0,0,1094,11/1/2023,2023,Nov
98,1482,0,0,273,11/1/2023,2023,Nov
12,3402,14,0,1435,11/1/2023,2023,Nov
2089,10610,0,0,5796,11/1/2023,2023,Nov
361,5126,11,0,1611,11/1/2023,2023,Nov
11,2908,54,86,1489,11/1/2023,2023,Nov
70,4068,3,0,2314,11/1/2023,2023,Nov
538,4091,0,14,2355,11/1/2023,2023,Nov
1387,5656,2,0,3308,11/1/2023,2023,Nov
407,3084,0,54,974,11/1/2023,2023,Nov
1181,5706,0,0,3046,11/1/2023,2023,Nov
685,2752,0,0,1391,11/1/2023,2023,Nov
1813,7903,19,46,1390,11/1/2023,2023,Nov
0,0,0,0,0,11/1/2023,2023,Nov
109,3548,0,0,785,11/1/2023,2023,Nov
769,1790,0,0,264,11/1/2023,2023,Nov
25,3436,0,0,473,11/1/2023,2023,Nov
371,1825,0,0,655,11/1/2023,2023,Nov
0,0,0,0,0,11/1/2023,2023,Nov
436,1056,0,0,43,11/1/2023,2023,Nov
0,0,0,0,0,11/1/2023,2023,Nov
0,0,0,0,0,11/1/2023,2023,Nov
437,2199,0,0,1600,11/1/2023,2023,Nov
0,0,0,0,0,11/1/2023,2023,Nov
203,3439,0,0,1352,11/1/2023,2023,Nov
0,0,0,0,0,11/1/2023,2023,Nov
380,2276,0,0,849,11/1/2023,2023,Nov
249,1825,0,0,710,11/1/2023,2023,Nov
882,4383,0,0,1582,11/1/2023,2023,Nov
142,1383,0,0,649,10/1/2023,2023,Oct
0,813,0,0,358,10/1/2023,2023,Oct
4,2773,0,0,417,10/1/2023,2023,Oct
0,0,0,0,0,10/1/2023,2023,Oct
0,0,0,0,0,10/1/2023,2023,Oct
0,0,0,0,0,10/1/2023,2023,Oct
0,0,0,0,0,10/1/2023,2023,Oct
587,7268,0,0,430,10/1/2023,2023,Oct
2,2688,0,0,534,10/1/2023,2023,Oct
1160,5458,0,0,1054,10/1/2023,2023,Oct
0,0,0,0,0,10/1/2023,2023,Oct
0,4882,0,0,2226,10/1/2023,2023,Oct
0,0,0,32,0,10/1/2023,2023,Oct
0,960,0,0,230,10/1/2023,2023,Oct
813,2710,0,0,1529,10/1/2023,2023,Oct
641,2298,0,79,763,10/1/2023,2023,Oct
0,0,0,0,0,10/1/2023,2023,Oct
70,2980,0,101,1599,10/1/2023,2023,Oct
0,0,0,0,0,10/1/2023,2023,Oct
0,0,0,0,0,10/1/2023,2023,Oct
0,0,0,0,0,10/1/2023,2023,Oct
338,3948,786,0,1096,10/1/2023,2023,Oct
3,2975,0,0,687,10/1/2023,2023,Oct
449,2991,0,23,507,10/1/2023,2023,Oct
0,0,0,0,0,10/1/2023,2023,Oct
30,2727,0,0,421,10/1/2023,2023,Oct
31,2578,0,365,616,10/1/2023,2023,Oct
0,0,0,0,0,10/1/2023,2023,Oct
0,0,0,17,56,10/1/2023,2023,Oct
660,1713,0,0,1231,10/1/2023,2023,Oct
32,4258,0,0,725,10/1/2023,2023,Oct
0,0,0,4,59,10/1/2023,2023,Oct
476,1396,0,0,142,10/1/2023,2023,Oct
0,2976,0,0,364,10/1/2023,2023,Oct
0,0,0,0,0,10/1/2023,2023,Oct
0,0,0,0,0,10/1/2023,2023,Oct
235,3379,0,460,1188,10/1/2023,2023,Oct
36,1637,0,0,513,10/1/2023,2023,Oct
0,0,0,5,1,10/1/2023,2023,Oct
24,2719,0,0,241,10/1/2023,2023,Oct
0,0,0,0,0,10/1/2023,2023,Oct
136,994,0,0,215,10/1/2023,2023,Oct
1079,4523,0,451,1638,10/1/2023,2023,Oct
1196,3474,0,79,1843,10/1/2023,2023,Oct
0,0,0,0,0,10/1/2023,2023,Oct
414,4967,0,265,859,10/1/2023,2023,Oct
2,3389,0,0,643,10/1/2023,2023,Oct
551,2009,10,0,148,10/1/2023,2023,Oct
0,0,0,0,0,10/1/2023,2023,Oct
0,0,0,0,0,10/1/2023,2023,Oct
0,0,0,0,0,10/1/2023,2023,Oct
3,6265,0,0,295,10/1/2023,2023,Oct
13,1709,0,0,773,10/1/2023,2023,Oct
31,970,0,0,36,10/1/2023,2023,Oct
0,0,0,0,26,10/1/2023,2023,Oct
907,2769,0,0,1640,10/1/2023,2023,Oct
0,0,0,0,0,10/1/2023,2023,Oct
149,2205,0,0,1473,10/1/2023,2023,Oct
25,2173,0,0,204,10/1/2023,2023,Oct
21,3981,0,0,1196,10/1/2023,2023,Oct
0,0,0,0,0,10/1/2023,2023,Oct
14,1343,0,0,478,10/1/2023,2023,Oct
0,0,0,0,0,10/1/2023,2023,Oct
0,0,0,0,0,10/1/2023,2023,Oct
0,0,0,0,0,10/1/2023,2023,Oct
32,1756,0,0,340,10/1/2023,2023,Oct
0,0,0,0,0,10/1/2023,2023,Oct
521,3543,0,0,1905,10/1/2023,2023,Oct
0,0,0,0,0,10/1/2023,2023,Oct
62,3605,2,0,1086,10/1/2023,2023,Oct
274,1140,0,0,259,10/1/2023,2023,Oct
332,1665,0,0,469,10/1/2023,2023,Oct
0,0,0,0,0,10/1/2023,2023,Oct
0,1988,0,0,182,10/1/2023,2023,Oct
827,3660,0,0,527,10/1/2023,2023,Oct
241,1837,0,126,606,10/1/2023,2023,Oct
321,3299,0,218,1580,10/1/2023,2023,Oct
0,0,0,0,0,10/1/2023,2023,Oct
626,3928,0,0,1092,10/1/2023,2023,Oct
595,3499,0,0,1281,10/1/2023,2023,Oct
0,0,0,0,0,10/1/2023,2023,Oct
0,0,0,0,146,10/1/2023,2023,Oct
1066,5380,0,0,2201,10/1/2023,2023,Oct
0,0,108,0,16,10/1/2023,2023,Oct
0,0,0,0,0,10/1/2023,2023,Oct
0,0,0,0,0,10/1/2023,2023,Oct
339,6552,0,0,991,10/1/2023,2023,Oct
0,0,0,0,0,10/1/2023,2023,Oct
42,5717,0,0,958,10/1/2023,2023,Oct
184,5842,203,271,478,10/1/2023,2023,Oct
0,0,0,0,0,10/1/2023,2023,Oct
0,0,0,0,0,10/1/2023,2023,Oct
741,2046,0,0,1090,10/1/2023,2023,Oct
0,0,0,0,0,10/1/2023,2023,Oct
344,7526,0,0,601,10/1/2023,2023,Oct
0,0,0,0,84,10/1/2023,2023,Oct
41,8689,0,135,1334,10/1/2023,2023,Oct
726,2442,0,0,1038,10/1/2023,2023,Oct
75,3766,0,140,940,10/1/2023,2023,Oct
0,2204,0,0,403,10/1/2023,2023,Oct
0,0,0,0,0,10/1/2023,2023,Oct
0,0,11,0,191,10/1/2023,2023,Oct
707,2321,0,0,1616,10/1/2023,2023,Oct
223,2682,0,0,2044,10/1/2023,2023,Oct
614,2319,0,0,756,10/1/2023,2023,Oct
0,0,0,0,0,10/1/2023,2023,Oct
785,1651,0,0,186,10/1/2023,2023,Oct
0,1710,0,621,2064,10/1/2023,2023,Oct
802,3074,0,104,1417,10/1/2023,2023,Oct
943,1847,0,0,1333,10/1/2023,2023,Oct
760,6941,0,375,1745,10/1/2023,2023,Oct
996,4501,0,0,583,10/1/2023,2023,Oct
6,5516,0,71,942,10/1/2023,2023,Oct
0,0,0,0,0,10/1/2023,2023,Oct
980,4103,0,0,3566,10/1/2023,2023,Oct
0,0,0,0,0,10/1/2023,2023,Oct
0,0,0,0,0,10/1/2023,2023,Oct
0,0,0,0,0,10/1/2023,2023,Oct
0,0,0,0,0,10/1/2023,2023,Oct
0,4020,133,19,4276,10/1/2023,2023,Oct
0,0,0,0,0,10/1/2023,2023,Oct
0,0,0,0,0,10/1/2023,2023,Oct
4,3731,0,0,2481,10/1/2023,2023,Oct
0,0,0,0,0,10/1/2023,2023,Oct
0,0,0,0,0,10/1/2023,2023,Oct
0,0,0,0,0,10/1/2023,2023,Oct
0,0,0,5,556,10/1/2023,2023,Oct
0,0,0,0,0,10/1/2023,2023,Oct
0,2689,2,0,911,10/1/2023,2023,Oct
693,2039,0,48,1032,10/1/2023,2023,Oct
86,3775,0,0,2237,10/1/2023,2023,Oct
766,4181,0,0,554,10/1/2023,2023,Oct
0,0,0,0,38,10/1/2023,2023,Oct
7,2263,0,0,1007,10/1/2023,2023,Oct
40,2529,0,4,1542,10/1/2023,2023,Oct
3,1305,0,0,806,10/1/2023,2023,Oct
480,2904,0,0,500,10/1/2023,2023,Oct
0,1097,0,0,79,10/1/2023,2023,Oct
9,3458,0,0,3050,10/1/2023,2023,Oct
125,3551,0,2,429,10/1/2023,2023,Oct
0,0,0,0,2,10/1/2023,2023,Oct
0,0,0,0,0,10/1/2023,2023,Oct
0,0,0,0,0,10/1/2023,2023,Oct
0,0,0,0,7,10/1/2023,2023,Oct
9,3380,0,0,1965,10/1/2023,2023,Oct
0,0,0,0,0,10/1/2023,2023,Oct
46,2719,0,149,2069,10/1/2023,2023,Oct
1,4518,18,0,1170,10/1/2023,2023,Oct
0,2222,0,0,788,10/1/2023,2023,Oct
0,0,0,0,129,10/1/2023,2023,Oct
0,0,0,0,0,10/1/2023,2023,Oct
0,0,0,0,166,10/1/2023,2023,Oct
755,2435,0,0,895,10/1/2023,2023,Oct
0,0,0,0,0,10/1/2023,2023,Oct
330,2766,0,0,756,10/1/2023,2023,Oct
0,0,0,0,0,10/1/2023,2023,Oct
469,3118,0,0,832,10/1/2023,2023,Oct
0,0,0,0,0,10/1/2023,2023,Oct
57,2525,0,0,423,10/1/2023,2023,Oct
0,0,0,0,0,10/1/2023,2023,Oct
0,0,0,0,613,10/1/2023,2023,Oct
173,3324,0,0,1992,10/1/2023,2023,Oct
42,1797,0,0,417,10/1/2023,2023,Oct
52,3668,19,0,2835,10/1/2023,2023,Oct
0,0,0,0,0,10/1/2023,2023,Oct
216,2150,0,0,383,10/1/2023,2023,Oct
68,2254,0,0,609,10/1/2023,2023,Oct
0,0,0,0,22,10/1/2023,2023,Oct
1,3007,0,0,650,10/1/2023,2023,Oct
142,5952,0,0,906,10/1/2023,2023,Oct
1088,2738,0,46,2271,10/1/2023,2023,Oct
0,0,0,0,172,10/1/2023,2023,Oct
0,0,0,0,0,10/1/2023,2023,Oct
147,1949,0,0,1204,10/1/2023,2023,Oct
1288,4132,0,0,1015,10/1/2023,2023,Oct
63,1429,0,0,268,10/1/2023,2023,Oct
7,3478,14,0,1461,10/1/2023,2023,Oct
2343,10545,0,1,5566,10/1/2023,2023,Oct
276,5170,7,0,1562,10/1/2023,2023,Oct
20,3032,91,87,1388,10/1/2023,2023,Oct
0,4280,1,0,2165,10/1/2023,2023,Oct
579,4244,0,4,2349,10/1/2023,2023,Oct
1330,5526,3,0,3263,10/1/2023,2023,Oct
625,3018,0,29,880,10/1/2023,2023,Oct
1057,6122,0,0,2985,10/1/2023,2023,Oct
718,2563,0,0,1319,10/1/2023,2023,Oct
985,8026,22,50,1363,10/1/2023,2023,Oct
0,0,0,0,0,10/1/2023,2023,Oct
170,3569,0,0,784,10/1/2023,2023,Oct
786,2540,0,0,218,10/1/2023,2023,Oct
12,3448,0,0,501,10/1/2023,2023,Oct
550,1788,0,0,603,10/1/2023,2023,Oct
0,0,0,0,0,10/1/2023,2023,Oct
310,981,0,0,74,10/1/2023,2023,Oct
0,0,0,0,0,10/1/2023,2023,Oct
0,0,0,0,0,10/1/2023,2023,Oct
512,2249,0,0,1594,10/1/2023,2023,Oct
0,0,0,0,0,10/1/2023,2023,Oct
211,3558,0,0,1206,10/1/2023,2023,Oct
0,0,0,0,0,10/1/2023,2023,Oct
310,2320,0,0,943,10/1/2023,2023,Oct
211,1834,0,0,627,10/1/2023,2023,Oct
883,4578,1,0,1469,10/1/2023,2023,Oct
44,1394,0,0,534,9/1/2023,2023,Sep
0,793,0,0,305,9/1/2023,2023,Sep
6,2544,0,0,462,9/1/2023,2023,Sep
0,0,0,0,0,9/1/2023,2023,Sep
0,0,0,0,0,9/1/2023,2023,Sep
0,0,0,0,0,9/1/2023,2023,Sep
0,0,0,0,0,9/1/2023,2023,Sep
624,6953,0,0,419,9/1/2023,2023,Sep
0,2569,0,0,504,9/1/2023,2023,Sep
859,5258,0,0,1068,9/1/2023,2023,Sep
0,0,0,0,0,9/1/2023,2023,Sep
6,4534,0,0,2052,9/1/2023,2023,Sep
0,0,0,37,0,9/1/2023,2023,Sep
0,928,0,0,222,9/1/2023,2023,Sep
828,2629,0,0,1553,9/1/2023,2023,Sep
553,2140,0,73,668,9/1/2023,2023,Sep
0,0,0,0,0,9/1/2023,2023,Sep
24,2831,0,121,1536,9/1/2023,2023,Sep
0,0,0,0,0,9/1/2023,2023,Sep
0,0,0,0,0,9/1/2023,2023,Sep
0,0,0,0,0,9/1/2023,2023,Sep
206,3707,762,0,1188,9/1/2023,2023,Sep
2,2975,0,0,786,9/1/2023,2023,Sep
125,2972,0,24,516,9/1/2023,2023,Sep
0,0,0,0,0,9/1/2023,2023,Sep
46,2578,0,0,379,9/1/2023,2023,Sep
13,2403,0,276,554,9/1/2023,2023,Sep
0,0,0,0,0,9/1/2023,2023,Sep
0,0,0,17,61,9/1/2023,2023,Sep
585,1569,0,0,1018,9/1/2023,2023,Sep
2,4091,0,0,683,9/1/2023,2023,Sep
0,0,0,7,80,9/1/2023,2023,Sep
395,1352,0,0,157,9/1/2023,2023,Sep
0,2683,0,0,347,9/1/2023,2023,Sep
0,0,0,0,0,9/1/2023,2023,Sep
0,0,0,0,0,9/1/2023,2023,Sep
117,2963,0,421,1056,9/1/2023,2023,Sep
25,1573,0,0,451,9/1/2023,2023,Sep
0,0,0,2,3,9/1/2023,2023,Sep
7,2616,0,0,256,9/1/2023,2023,Sep
0,0,0,0,0,9/1/2023,2023,Sep
238,866,0,0,176,9/1/2023,2023,Sep
867,4473,0,470,1631,9/1/2023,2023,Sep
1115,2451,0,51,1677,9/1/2023,2023,Sep
0,0,0,0,0,9/1/2023,2023,Sep
64,4607,0,287,851,9/1/2023,2023,Sep
0,3426,0,0,557,9/1/2023,2023,Sep
462,1931,6,0,136,9/1/2023,2023,Sep
0,0,0,0,0,9/1/2023,2023,Sep
0,0,0,0,0,9/1/2023,2023,Sep
0,0,0,0,0,9/1/2023,2023,Sep
0,5735,0,0,296,9/1/2023,2023,Sep
50,1525,0,0,708,9/1/2023,2023,Sep
8,929,0,0,20,9/1/2023,2023,Sep
0,0,0,0,27,9/1/2023,2023,Sep
712,2708,0,0,1457,9/1/2023,2023,Sep
0,0,0,0,0,9/1/2023,2023,Sep
210,2033,0,0,1470,9/1/2023,2023,Sep
49,3334,0,0,874,9/1/2023,2023,Sep
14,3952,0,0,1145,9/1/2023,2023,Sep
0,0,0,0,0,9/1/2023,2023,Sep
1,1311,0,0,479,9/1/2023,2023,Sep
0,0,0,0,0,9/1/2023,2023,Sep
0,0,0,0,0,9/1/2023,2023,Sep
0,0,0,0,0,9/1/2023,2023,Sep
23,1733,0,0,241,9/1/2023,2023,Sep
0,0,0,0,0,9/1/2023,2023,Sep
244,3384,0,0,1706,9/1/2023,2023,Sep
0,0,0,0,0,9/1/2023,2023,Sep
94,3344,5,0,1070,9/1/2023,2023,Sep
251,1074,0,0,249,9/1/2023,2023,Sep
307,1563,0,0,444,9/1/2023,2023,Sep
0,0,0,0,0,9/1/2023,2023,Sep
0,1989,0,0,154,9/1/2023,2023,Sep
544,3629,0,0,443,9/1/2023,2023,Sep
237,1797,0,148,569,9/1/2023,2023,Sep
249,2942,0,196,1350,9/1/2023,2023,Sep
0,0,0,0,0,9/1/2023,2023,Sep
479,3635,0,0,1017,9/1/2023,2023,Sep
415,3427,0,0,1181,9/1/2023,2023,Sep
0,0,0,0,0,9/1/2023,2023,Sep
0,0,0,0,163,9/1/2023,2023,Sep
1055,5253,0,0,2044,9/1/2023,2023,Sep
0,0,92,0,13,9/1/2023,2023,Sep
0,0,0,0,0,9/1/2023,2023,Sep
0,0,0,0,0,9/1/2023,2023,Sep
227,5737,0,0,744,9/1/2023,2023,Sep
0,0,0,0,0,9/1/2023,2023,Sep
47,5539,0,0,1020,9/1/2023,2023,Sep
107,5576,168,359,481,9/1/2023,2023,Sep
0,0,0,0,0,9/1/2023,2023,Sep
0,0,0,0,0,9/1/2023,2023,Sep
572,1985,0,0,1015,9/1/2023,2023,Sep
0,0,0,0,0,9/1/2023,2023,Sep
213,7138,0,0,615,9/1/2023,2023,Sep
0,0,0,0,70,9/1/2023,2023,Sep
8,8322,0,201,1258,9/1/2023,2023,Sep
421,2394,0,0,986,9/1/2023,2023,Sep
18,3520,0,163,904,9/1/2023,2023,Sep
0,1955,0,0,383,9/1/2023,2023,Sep
0,0,0,0,0,9/1/2023,2023,Sep
0,0,5,0,180,9/1/2023,2023,Sep
298,2226,0,0,1562,9/1/2023,2023,Sep
23,2711,0,0,2015,9/1/2023,2023,Sep
490,2216,0,0,737,9/1/2023,2023,Sep
0,0,0,0,0,9/1/2023,2023,Sep
604,1560,0,0,137,9/1/2023,2023,Sep
1,1505,0,526,2156,9/1/2023,2023,Sep
661,2913,0,111,1254,9/1/2023,2023,Sep
793,1720,0,0,1275,9/1/2023,2023,Sep
483,6707,0,373,1699,9/1/2023,2023,Sep
625,4299,0,0,538,9/1/2023,2023,Sep
0,5194,0,74,1167,9/1/2023,2023,Sep
0,0,0,0,0,9/1/2023,2023,Sep
753,3849,0,0,3174,9/1/2023,2023,Sep
0,0,0,0,0,9/1/2023,2023,Sep
0,0,0,0,0,9/1/2023,2023,Sep
0,0,0,0,0,9/1/2023,2023,Sep
0,0,0,0,0,9/1/2023,2023,Sep
0,3811,107,8,4191,9/1/2023,2023,Sep
0,0,0,0,0,9/1/2023,2023,Sep
0,0,0,0,0,9/1/2023,2023,Sep
21,3505,0,0,2346,9/1/2023,2023,Sep
0,0,0,0,0,9/1/2023,2023,Sep
0,0,0,0,0,9/1/2023,2023,Sep
0,0,0,0,0,9/1/2023,2023,Sep
0,0,0,3,516,9/1/2023,2023,Sep
0,0,0,0,0,9/1/2023,2023,Sep
0,2450,0,0,843,9/1/2023,2023,Sep
462,2123,0,33,1027,9/1/2023,2023,Sep
90,3628,0,0,2184,9/1/2023,2023,Sep
692,4119,0,0,562,9/1/2023,2023,Sep
0,0,0,0,36,9/1/2023,2023,Sep
2,2251,0,0,954,9/1/2023,2023,Sep
26,2555,0,4,1407,9/1/2023,2023,Sep
2,1250,0,0,747,9/1/2023,2023,Sep
86,2851,0,0,442,9/1/2023,2023,Sep
0,884,0,0,114,9/1/2023,2023,Sep
10,3150,0,0,3076,9/1/2023,2023,Sep
65,3259,0,0,364,9/1/2023,2023,Sep
0,0,0,0,1,9/1/2023,2023,Sep
0,0,0,0,0,9/1/2023,2023,Sep
0,0,0,0,0,9/1/2023,2023,Sep
0,0,0,0,4,9/1/2023,2023,Sep
62,3186,0,0,1653,9/1/2023,2023,Sep
0,0,0,0,0,9/1/2023,2023,Sep
18,2451,0,169,1898,9/1/2023,2023,Sep
1,4283,18,0,1126,9/1/2023,2023,Sep
17,2094,0,0,728,9/1/2023,2023,Sep
0,0,0,0,130,9/1/2023,2023,Sep
0,0,0,0,0,9/1/2023,2023,Sep
0,0,0,2,137,9/1/2023,2023,Sep
530,2474,0,0,759,9/1/2023,2023,Sep
0,0,0,0,0,9/1/2023,2023,Sep
134,2732,0,0,674,9/1/2023,2023,Sep
0,0,0,0,0,9/1/2023,2023,Sep
263,2989,0,0,818,9/1/2023,2023,Sep
0,0,0,0,0,9/1/2023,2023,Sep
11,2332,0,0,458,9/1/2023,2023,Sep
0,0,0,0,0,9/1/2023,2023,Sep
0,0,0,0,608,9/1/2023,2023,Sep
69,3133,0,0,1899,9/1/2023,2023,Sep
21,1662,0,0,446,9/1/2023,2023,Sep
23,3373,10,0,2710,9/1/2023,2023,Sep
0,0,0,0,0,9/1/2023,2023,Sep
123,2002,0,0,338,9/1/2023,2023,Sep
278,2235,0,0,609,9/1/2023,2023,Sep
0,0,0,0,21,9/1/2023,2023,Sep
0,2764,0,0,595,9/1/2023,2023,Sep
131,5721,0,0,786,9/1/2023,2023,Sep
1026,2629,0,43,2071,9/1/2023,2023,Sep
0,0,0,0,162,9/1/2023,2023,Sep
0,0,0,0,0,9/1/2023,2023,Sep
120,1974,0,0,1141,9/1/2023,2023,Sep
818,3953,0,0,952,9/1/2023,2023,Sep
43,1380,0,0,244,9/1/2023,2023,Sep
11,3295,16,0,1307,9/1/2023,2023,Sep
1949,10607,0,4,4542,9/1/2023,2023,Sep
193,4639,13,0,1416,9/1/2023,2023,Sep
1,2848,75,68,1518,9/1/2023,2023,Sep
0,4036,6,0,2067,9/1/2023,2023,Sep
354,4267,0,14,2353,9/1/2023,2023,Sep
946,5430,4,0,3208,9/1/2023,2023,Sep
343,2991,0,39,780,9/1/2023,2023,Sep
812,5745,0,0,2739,9/1/2023,2023,Sep
547,2657,0,0,1199,9/1/2023,2023,Sep
784,7976,30,48,1355,9/1/2023,2023,Sep
0,0,0,0,0,9/1/2023,2023,Sep
66,3190,0,0,699,9/1/2023,2023,Sep
523,2320,0,0,228,9/1/2023,2023,Sep
0,3373,0,0,602,9/1/2023,2023,Sep
326,1830,0,0,550,9/1/2023,2023,Sep
0,0,0,0,0,9/1/2023,2023,Sep
48,978,0,0,63,9/1/2023,2023,Sep
0,0,0,0,0,9/1/2023,2023,Sep
0,0,0,0,0,9/1/2023,2023,Sep
297,2109,0,0,1502,9/1/2023,2023,Sep
0,0,0,0,0,9/1/2023,2023,Sep
256,3470,0,0,1156,9/1/2023,2023,Sep
0,0,0,0,0,9/1/2023,2023,Sep
278,2224,0,0,828,9/1/2023,2023,Sep
181,1743,0,0,549,9/1/2023,2023,Sep
670,4131,8,0,1483,9/1/2023,2023,Sep
119,1479,0,0,563,4/1/2024,2024,Apr
0,920,0,0,337,4/1/2024,2024,Apr
172,3140,0,0,604,4/1/2024,2024,Apr
0,0,0,0,0,4/1/2024,2024,Apr
0,0,0,0,0,4/1/2024,2024,Apr
0,0,0,0,0,4/1/2024,2024,Apr
0,0,0,0,0,4/1/2024,2024,Apr
657,7837,0,0,475,4/1/2024,2024,Apr
0,2872,0,0,470,4/1/2024,2024,Apr
1225,4700,0,0,1326,4/1/2024,2024,Apr
0,0,0,0,0,4/1/2024,2024,Apr
22,4589,0,0,2122,4/1/2024,2024,Apr
0,0,0,38,0,4/1/2024,2024,Apr
6,990,0,0,179,4/1/2024,2024,Apr
517,2485,0,0,1460,4/1/2024,2024,Apr
656,2272,0,63,761,4/1/2024,2024,Apr
94,2314,0,66,1500,4/1/2024,2024,Apr
0,0,0,0,0,4/1/2024,2024,Apr
0,0,0,0,0,4/1/2024,2024,Apr
0,0,0,0,0,4/1/2024,2024,Apr
265,3741,824,0,1784,4/1/2024,2024,Apr
2,2969,0,0,179,4/1/2024,2024,Apr
663,2722,0,38,493,4/1/2024,2024,Apr
0,0,0,0,0,4/1/2024,2024,Apr
26,2657,0,0,370,4/1/2024,2024,Apr
142,2739,0,246,620,4/1/2024,2024,Apr
0,0,0,11,42,4/1/2024,2024,Apr
654,1800,0,0,1250,4/1/2024,2024,Apr
13,4306,0,0,742,4/1/2024,2024,Apr
0,0,0,6,55,4/1/2024,2024,Apr
558,1380,0,0,96,4/1/2024,2024,Apr
120,2813,0,0,433,4/1/2024,2024,Apr
0,0,0,0,0,4/1/2024,2024,Apr
0,0,0,0,0,4/1/2024,2024,Apr
168,3995,0,419,1075,4/1/2024,2024,Apr
24,1866,0,0,511,4/1/2024,2024,Apr
0,0,0,1,1,4/1/2024,2024,Apr
22,3219,0,67,255,4/1/2024,2024,Apr
0,0,0,0,0,4/1/2024,2024,Apr
144,848,0,0,188,4/1/2024,2024,Apr
1207,3541,0,510,1047,4/1/2024,2024,Apr
1113,3462,0,80,1663,4/1/2024,2024,Apr
0,0,0,0,0,4/1/2024,2024,Apr
353,6088,0,331,985,4/1/2024,2024,Apr
0,3526,0,0,530,4/1/2024,2024,Apr
651,1833,3,0,112,4/1/2024,2024,Apr
0,0,0,0,0,4/1/2024,2024,Apr
0,0,0,0,0,4/1/2024,2024,Apr
181,5878,0,0,272,4/1/2024,2024,Apr
1,1644,0,0,803,4/1/2024,2024,Apr
254,936,0,0,37,4/1/2024,2024,Apr
0,0,0,0,34,4/1/2024,2024,Apr
859,2669,0,0,1865,4/1/2024,2024,Apr
0,0,0,0,0,4/1/2024,2024,Apr
118,2261,0,0,1425,4/1/2024,2024,Apr
34,2090,0,0,249,4/1/2024,2024,Apr
37,4274,10,0,1057,4/1/2024,2024,Apr
0,0,0,0,0,4/1/2024,2024,Apr
66,1257,0,0,457,4/1/2024,2024,Apr
0,0,0,0,0,4/1/2024,2024,Apr
0,0,0,0,0,4/1/2024,2024,Apr
17,1702,0,0,321,4/1/2024,2024,Apr
413,3458,0,0,1903,4/1/2024,2024,Apr
0,0,0,0,0,4/1/2024,2024,Apr
152,4019,0,0,1112,4/1/2024,2024,Apr
50,1089,0,0,249,4/1/2024,2024,Apr
357,1644,0,0,405,4/1/2024,2024,Apr
0,0,0,0,0,4/1/2024,2024,Apr
0,1996,0,0,226,4/1/2024,2024,Apr
943,3592,0,0,509,4/1/2024,2024,Apr
462,2145,0,148,690,4/1/2024,2024,Apr
459,2940,0,158,1222,4/1/2024,2024,Apr
0,0,0,0,0,4/1/2024,2024,Apr
203,3688,0,0,1242,4/1/2024,2024,Apr
733,3639,0,0,1341,4/1/2024,2024,Apr
0,0,0,0,0,4/1/2024,2024,Apr
0,0,0,0,160,4/1/2024,2024,Apr
1268,4976,0,0,2327,4/1/2024,2024,Apr
0,0,98,0,18,4/1/2024,2024,Apr
0,0,0,0,0,4/1/2024,2024,Apr
0,0,0,0,0,4/1/2024,2024,Apr
686,6513,0,0,435,4/1/2024,2024,Apr
0,0,0,0,0,4/1/2024,2024,Apr
9,5320,0,0,995,4/1/2024,2024,Apr
623,5256,170,148,503,4/1/2024,2024,Apr
0,0,0,0,0,4/1/2024,2024,Apr
0,0,0,0,0,4/1/2024,2024,Apr
521,2277,0,0,1202,4/1/2024,2024,Apr
0,0,0,0,0,4/1/2024,2024,Apr
302,7177,0,0,613,4/1/2024,2024,Apr
0,0,0,0,53,4/1/2024,2024,Apr
5,8966,0,231,1276,4/1/2024,2024,Apr
398,2453,0,0,1025,4/1/2024,2024,Apr
114,3563,0,149,899,4/1/2024,2024,Apr
0,2055,0,0,411,4/1/2024,2024,Apr
0,0,0,0,0,4/1/2024,2024,Apr
0,0,6,0,184,4/1/2024,2024,Apr
114,2512,0,0,1701,4/1/2024,2024,Apr
324,2825,0,0,1935,4/1/2024,2024,Apr
574,2189,0,0,732,4/1/2024,2024,Apr
834,1515,0,0,169,4/1/2024,2024,Apr
0,1618,0,584,2133,4/1/2024,2024,Apr
803,3276,0,138,1452,4/1/2024,2024,Apr
907,1885,0,0,1130,4/1/2024,2024,Apr
782,7145,0,454,1643,4/1/2024,2024,Apr
723,4816,0,0,356,4/1/2024,2024,Apr
3,4336,0,37,1623,4/1/2024,2024,Apr
0,0,0,0,0,4/1/2024,2024,Apr
519,3880,0,0,3931,4/1/2024,2024,Apr
0,0,0,0,0,4/1/2024,2024,Apr
0,0,0,0,0,4/1/2024,2024,Apr
0,0,0,0,0,4/1/2024,2024,Apr
0,0,0,0,0,4/1/2024,2024,Apr
0,4141,125,23,4439,4/1/2024,2024,Apr
0,0,0,0,0,4/1/2024,2024,Apr
0,0,0,0,0,4/1/2024,2024,Apr
14,3503,0,0,2536,4/1/2024,2024,Apr
0,0,0,0,0,4/1/2024,2024,Apr
0,0,0,0,0,4/1/2024,2024,Apr
0,0,0,0,0,4/1/2024,2024,Apr
0,0,0,3,493,4/1/2024,2024,Apr
0,0,0,0,0,4/1/2024,2024,Apr
0,0,0,0,0,4/1/2024,2024,Apr
0,2510,1,0,887,4/1/2024,2024,Apr
371,2190,0,50,1078,4/1/2024,2024,Apr
20,4125,0,0,2202,4/1/2024,2024,Apr
905,3827,0,0,524,4/1/2024,2024,Apr
0,0,0,0,41,4/1/2024,2024,Apr
1,2491,0,0,1025,4/1/2024,2024,Apr
39,2421,0,14,1602,4/1/2024,2024,Apr
6,1378,0,0,887,4/1/2024,2024,Apr
409,2695,0,0,291,4/1/2024,2024,Apr
0,868,0,0,108,4/1/2024,2024,Apr
5,3737,0,0,2799,4/1/2024,2024,Apr
140,3383,0,1,340,4/1/2024,2024,Apr
0,0,0,0,1,4/1/2024,2024,Apr
0,0,0,0,0,4/1/2024,2024,Apr
0,0,0,0,0,4/1/2024,2024,Apr
0,0,0,0,3,4/1/2024,2024,Apr
20,3336,0,0,2148,4/1/2024,2024,Apr
0,0,0,0,0,4/1/2024,2024,Apr
28,2644,0,98,2153,4/1/2024,2024,Apr
3,4348,17,0,1119,4/1/2024,2024,Apr
17,2297,0,0,697,4/1/2024,2024,Apr
0,0,0,0,111,4/1/2024,2024,Apr
0,0,0,0,0,4/1/2024,2024,Apr
0,0,0,1,141,4/1/2024,2024,Apr
774,2435,0,0,816,4/1/2024,2024,Apr
0,0,0,0,0,4/1/2024,2024,Apr
308,2388,0,82,750,4/1/2024,2024,Apr
0,0,0,0,0,4/1/2024,2024,Apr
479,3094,0,0,765,4/1/2024,2024,Apr
0,0,0,0,0,4/1/2024,2024,Apr
98,2368,0,0,636,4/1/2024,2024,Apr
0,0,0,0,0,4/1/2024,2024,Apr
0,0,0,0,703,4/1/2024,2024,Apr
135,3452,0,0,2022,4/1/2024,2024,Apr
16,2720,0,0,191,4/1/2024,2024,Apr
122,3477,28,0,2948,4/1/2024,2024,Apr
0,0,0,0,0,4/1/2024,2024,Apr
202,2161,0,0,433,4/1/2024,2024,Apr
142,2283,0,0,652,4/1/2024,2024,Apr
0,0,0,0,23,4/1/2024,2024,Apr
2,2978,0,0,530,4/1/2024,2024,Apr
156,5774,0,0,970,4/1/2024,2024,Apr
579,3008,0,45,2088,4/1/2024,2024,Apr
0,0,0,0,172,4/1/2024,2024,Apr
86,1686,0,0,989,4/1/2024,2024,Apr
693,4148,0,0,1203,4/1/2024,2024,Apr
144,1364,0,0,276,4/1/2024,2024,Apr
13,3574,9,0,1552,4/1/2024,2024,Apr
2228,10561,0,0,6074,4/1/2024,2024,Apr
350,5118,12,0,1458,4/1/2024,2024,Apr
90,2906,106,87,1640,4/1/2024,2024,Apr
131,3992,4,0,2340,4/1/2024,2024,Apr
754,3991,0,2,2386,4/1/2024,2024,Apr
839,6179,3,0,3480,4/1/2024,2024,Apr
354,2977,0,17,966,4/1/2024,2024,Apr
927,5823,0,0,3002,4/1/2024,2024,Apr
675,2740,0,0,1106,4/1/2024,2024,Apr
1394,7759,24,30,1490,4/1/2024,2024,Apr
0,0,0,0,0,4/1/2024,2024,Apr
79,3551,0,0,713,4/1/2024,2024,Apr
651,1807,0,0,239,4/1/2024,2024,Apr
1,3826,0,0,526,4/1/2024,2024,Apr
531,1968,0,0,593,4/1/2024,2024,Apr
0,0,0,0,0,4/1/2024,2024,Apr
428,1004,0,0,44,4/1/2024,2024,Apr
0,0,0,0,0,4/1/2024,2024,Apr
0,0,0,0,0,4/1/2024,2024,Apr
362,2175,0,0,1712,4/1/2024,2024,Apr
0,0,0,0,0,4/1/2024,2024,Apr
248,3784,0,0,1505,4/1/2024,2024,Apr
0,0,0,0,0,4/1/2024,2024,Apr
516,2087,0,0,819,4/1/2024,2024,Apr
293,2019,0,0,625,4/1/2024,2024,Apr
859,4468,2,0,1564,4/1/2024,2024,Apr
101,1463,0,0,504,8/1/2024,2024,Aug
0,693,0,0,268,8/1/2024,2024,Aug
137,2698,0,0,555,8/1/2024,2024,Aug
0,0,0,0,0,8/1/2024,2024,Aug
0,0,0,0,0,8/1/2024,2024,Aug
0,0,0,0,0,8/1/2024,2024,Aug
0,0,0,0,0,8/1/2024,2024,Aug
630,7338,0,0,374,8/1/2024,2024,Aug
0,2878,0,0,489,8/1/2024,2024,Aug
923,4736,0,0,1177,8/1/2024,2024,Aug
0,0,0,0,0,8/1/2024,2024,Aug
3,4343,0,0,2235,8/1/2024,2024,Aug
0,0,0,46,0,8/1/2024,2024,Aug
0,861,0,0,150,8/1/2024,2024,Aug
566,2542,0,0,1246,8/1/2024,2024,Aug
428,2141,0,94,640,8/1/2024,2024,Aug
64,2459,0,28,1356,8/1/2024,2024,Aug
0,0,0,0,0,8/1/2024,2024,Aug
0,0,0,0,0,8/1/2024,2024,Aug
0,0,0,0,0,8/1/2024,2024,Aug
0,0,0,0,0,8/1/2024,2024,Aug
114,4044,759,0,1635,8/1/2024,2024,Aug
2,2882,0,0,381,8/1/2024,2024,Aug
245,2740,0,34,451,8/1/2024,2024,Aug
0,0,0,0,0,8/1/2024,2024,Aug
37,2560,0,0,366,8/1/2024,2024,Aug
57,2644,0,275,563,8/1/2024,2024,Aug
0,0,0,17,65,8/1/2024,2024,Aug
634,1541,0,0,1094,8/1/2024,2024,Aug
19,3974,0,0,701,8/1/2024,2024,Aug
0,0,0,8,70,8/1/2024,2024,Aug
485,1384,0,0,118,8/1/2024,2024,Aug
50,2806,0,0,400,8/1/2024,2024,Aug
0,0,0,0,0,8/1/2024,2024,Aug
0,0,0,0,0,8/1/2024,2024,Aug
82,4240,0,416,921,8/1/2024,2024,Aug
42,1899,0,0,489,8/1/2024,2024,Aug
0,0,0,0,1,8/1/2024,2024,Aug
10,3300,0,99,264,8/1/2024,2024,Aug
0,0,0,0,0,8/1/2024,2024,Aug
70,867,0,0,170,8/1/2024,2024,Aug
1033,2971,0,637,481,8/1/2024,2024,Aug
713,4075,0,92,1386,8/1/2024,2024,Aug
0,0,0,0,0,8/1/2024,2024,Aug
120,6315,0,333,891,8/1/2024,2024,Aug
4,2971,0,0,596,8/1/2024,2024,Aug
498,1789,2,0,135,8/1/2024,2024,Aug
0,0,0,0,0,8/1/2024,2024,Aug
0,0,0,0,0,8/1/2024,2024,Aug
95,5446,0,0,262,8/1/2024,2024,Aug
0,1457,0,0,49,8/1/2024,2024,Aug
56,1119,0,0,30,8/1/2024,2024,Aug
0,0,0,0,19,8/1/2024,2024,Aug
394,2569,0,0,1970,8/1/2024,2024,Aug
0,0,0,0,0,8/1/2024,2024,Aug
0,2433,0,0,1248,8/1/2024,2024,Aug
18,2073,0,0,231,8/1/2024,2024,Aug
20,4148,10,37,1158,8/1/2024,2024,Aug
0,0,0,0,0,8/1/2024,2024,Aug
4,1055,0,0,240,8/1/2024,2024,Aug
0,0,0,0,0,8/1/2024,2024,Aug
0,0,0,0,0,8/1/2024,2024,Aug
16,1742,0,0,316,8/1/2024,2024,Aug
221,3476,0,0,1974,8/1/2024,2024,Aug
0,0,0,0,0,8/1/2024,2024,Aug
170,3799,1,0,1067,8/1/2024,2024,Aug
34,1144,0,0,308,8/1/2024,2024,Aug
269,1697,0,0,364,8/1/2024,2024,Aug
0,0,0,0,0,8/1/2024,2024,Aug
0,1974,0,0,211,8/1/2024,2024,Aug
452,2793,0,0,413,8/1/2024,2024,Aug
343,1935,0,152,469,8/1/2024,2024,Aug
299,3076,0,80,1095,8/1/2024,2024,Aug
0,0,0,0,0,8/1/2024,2024,Aug
67,3607,0,0,1142,8/1/2024,2024,Aug
317,4035,0,0,1440,8/1/2024,2024,Aug
0,0,0,0,0,8/1/2024,2024,Aug
0,0,0,0,155,8/1/2024,2024,Aug
644,5096,0,0,2527,8/1/2024,2024,Aug
0,0,100,0,11,8/1/2024,2024,Aug
0,0,0,0,0,8/1/2024,2024,Aug
0,0,0,0,0,8/1/2024,2024,Aug
315,6468,0,0,413,8/1/2024,2024,Aug
0,0,0,0,0,8/1/2024,2024,Aug
12,4915,0,0,884,8/1/2024,2024,Aug
171,5500,166,192,407,8/1/2024,2024,Aug
0,0,0,0,0,8/1/2024,2024,Aug
0,0,0,0,0,8/1/2024,2024,Aug
572,1805,0,0,622,8/1/2024,2024,Aug
0,0,0,0,0,8/1/2024,2024,Aug
298,6935,0,0,587,8/1/2024,2024,Aug
0,0,0,0,64,8/1/2024,2024,Aug
12,8820,0,217,1156,8/1/2024,2024,Aug
539,2223,0,0,926,8/1/2024,2024,Aug
118,3544,0,165,806,8/1/2024,2024,Aug
0,2146,0,0,406,8/1/2024,2024,Aug
0,0,0,0,0,8/1/2024,2024,Aug
0,0,1,0,235,8/1/2024,2024,Aug
69,2697,0,0,1524,8/1/2024,2024,Aug
83,2664,0,0,1798,8/1/2024,2024,Aug
379,2330,0,0,683,8/1/2024,2024,Aug
742,1373,0,148,73,8/1/2024,2024,Aug
0,1552,0,481,1813,8/1/2024,2024,Aug
559,3517,0,54,1252,8/1/2024,2024,Aug
721,1925,0,0,1155,8/1/2024,2024,Aug
496,6691,0,298,1727,8/1/2024,2024,Aug
652,5038,0,0,326,8/1/2024,2024,Aug
0,4196,0,63,417,8/1/2024,2024,Aug
0,0,0,0,0,8/1/2024,2024,Aug
230,4180,0,0,3716,8/1/2024,2024,Aug
0,0,0,0,0,8/1/2024,2024,Aug
0,0,0,0,0,8/1/2024,2024,Aug
0,0,0,0,0,8/1/2024,2024,Aug
0,0,0,0,0,8/1/2024,2024,Aug
0,4247,131,14,4350,8/1/2024,2024,Aug
0,0,0,0,0,8/1/2024,2024,Aug
0,0,0,0,0,8/1/2024,2024,Aug
19,3377,0,0,2373,8/1/2024,2024,Aug
0,0,0,0,0,8/1/2024,2024,Aug
0,0,0,0,0,8/1/2024,2024,Aug
0,0,0,0,0,8/1/2024,2024,Aug
0,0,0,3,583,8/1/2024,2024,Aug
0,0,0,0,0,8/1/2024,2024,Aug
0,0,0,0,0,8/1/2024,2024,Aug
0,2392,2,0,540,8/1/2024,2024,Aug
375,2357,0,85,1365,8/1/2024,2024,Aug
18,3964,0,0,2052,8/1/2024,2024,Aug
517,3828,0,0,562,8/1/2024,2024,Aug
0,0,0,0,40,8/1/2024,2024,Aug
0,2479,0,0,992,8/1/2024,2024,Aug
15,2434,0,7,1471,8/1/2024,2024,Aug
2,1309,0,0,862,8/1/2024,2024,Aug
406,2635,0,0,452,8/1/2024,2024,Aug
0,715,0,0,70,8/1/2024,2024,Aug
13,3514,0,0,2968,8/1/2024,2024,Aug
27,3583,0,0,286,8/1/2024,2024,Aug
0,0,0,0,0,8/1/2024,2024,Aug
0,0,0,0,0,8/1/2024,2024,Aug
0,0,0,0,0,8/1/2024,2024,Aug
0,0,0,0,10,8/1/2024,2024,Aug
38,3088,0,0,2011,8/1/2024,2024,Aug
0,0,0,0,0,8/1/2024,2024,Aug
3,2539,0,128,2107,8/1/2024,2024,Aug
1,4184,13,0,1155,8/1/2024,2024,Aug
3,2159,0,0,829,8/1/2024,2024,Aug
0,0,0,0,120,8/1/2024,2024,Aug
0,0,0,0,0,8/1/2024,2024,Aug
0,0,0,1,151,8/1/2024,2024,Aug
643,2501,0,0,757,8/1/2024,2024,Aug
0,0,0,0,0,8/1/2024,2024,Aug
90,2567,0,84,782,8/1/2024,2024,Aug
0,0,0,0,0,8/1/2024,2024,Aug
308,3099,0,0,798,8/1/2024,2024,Aug
0,0,0,0,0,8/1/2024,2024,Aug
97,1721,0,0,326,8/1/2024,2024,Aug
0,0,0,0,0,8/1/2024,2024,Aug
0,0,0,0,767,8/1/2024,2024,Aug
11,3596,0,0,2091,8/1/2024,2024,Aug
10,2589,0,0,207,8/1/2024,2024,Aug
3,3250,24,0,2712,8/1/2024,2024,Aug
0,0,0,0,0,8/1/2024,2024,Aug
85,2104,0,0,412,8/1/2024,2024,Aug
63,1959,0,0,244,8/1/2024,2024,Aug
0,0,0,0,22,8/1/2024,2024,Aug
0,1904,0,0,344,8/1/2024,2024,Aug
182,5672,0,0,892,8/1/2024,2024,Aug
546,3126,0,155,1825,8/1/2024,2024,Aug
0,0,0,0,168,8/1/2024,2024,Aug
33,2114,0,0,1134,8/1/2024,2024,Aug
732,4105,0,0,1092,8/1/2024,2024,Aug
50,1429,0,0,255,8/1/2024,2024,Aug
6,3770,8,0,1541,8/1/2024,2024,Aug
1600,11641,0,0,5192,8/1/2024,2024,Aug
82,4993,10,0,1412,8/1/2024,2024,Aug
26,1669,30,150,598,8/1/2024,2024,Aug
34,4203,6,0,2250,8/1/2024,2024,Aug
639,4062,0,1,2481,8/1/2024,2024,Aug
662,5941,2,0,3262,8/1/2024,2024,Aug
256,3028,0,24,874,8/1/2024,2024,Aug
247,4994,0,0,3714,8/1/2024,2024,Aug
297,2956,0,0,1252,8/1/2024,2024,Aug
1108,8163,35,43,1373,8/1/2024,2024,Aug
0,0,0,0,0,8/1/2024,2024,Aug
28,3467,0,0,641,8/1/2024,2024,Aug
569,1717,0,0,123,8/1/2024,2024,Aug
25,3979,0,0,549,8/1/2024,2024,Aug
260,1950,0,0,555,8/1/2024,2024,Aug
0,0,0,0,0,8/1/2024,2024,Aug
113,983,0,0,38,8/1/2024,2024,Aug
0,0,0,0,0,8/1/2024,2024,Aug
0,0,0,0,0,8/1/2024,2024,Aug
628,2151,0,0,1647,8/1/2024,2024,Aug
0,0,0,0,0,8/1/2024,2024,Aug
335,3307,0,0,922,8/1/2024,2024,Aug
0,0,0,0,0,8/1/2024,2024,Aug
206,2387,0,0,679,8/1/2024,2024,Aug
241,1821,0,0,626,8/1/2024,2024,Aug
388,4485,0,0,1351,8/1/2024,2024,Aug
150,1661,0,0,559,12/1/2024,2024,Dec
0,905,0,0,312,12/1/2024,2024,Dec
336,2838,0,0,552,12/1/2024,2024,Dec
0,0,0,0,0,12/1/2024,2024,Dec
0,0,0,0,0,12/1/2024,2024,Dec
0,0,0,0,0,12/1/2024,2024,Dec
0,0,0,0,0,12/1/2024,2024,Dec
951,7952,0,0,411,12/1/2024,2024,Dec
5,2994,0,0,526,12/1/2024,2024,Dec
1199,4669,4,25,1206,12/1/2024,2024,Dec
0,0,0,0,0,12/1/2024,2024,Dec
82,4855,0,0,2234,12/1/2024,2024,Dec
0,0,0,32,0,12/1/2024,2024,Dec
44,996,0,0,133,12/1/2024,2024,Dec
748,2688,0,0,1571,12/1/2024,2024,Dec
638,2428,0,100,822,12/1/2024,2024,Dec
120,2692,0,47,1493,12/1/2024,2024,Dec
0,0,0,0,0,12/1/2024,2024,Dec
0,0,0,0,0,12/1/2024,2024,Dec
0,0,0,0,0,12/1/2024,2024,Dec
0,0,0,0,0,12/1/2024,2024,Dec
274,3872,753,0,2074,12/1/2024,2024,Dec
19,3272,0,0,329,12/1/2024,2024,Dec
606,2930,0,26,441,12/1/2024,2024,Dec
0,0,0,0,0,12/1/2024,2024,Dec
62,2779,0,0,361,12/1/2024,2024,Dec
235,2819,0,284,585,12/1/2024,2024,Dec
0,0,0,4,74,12/1/2024,2024,Dec
647,1687,0,0,1311,12/1/2024,2024,Dec
17,4607,0,0,740,12/1/2024,2024,Dec
0,0,0,5,68,12/1/2024,2024,Dec
666,1256,0,0,135,12/1/2024,2024,Dec
304,3461,0,0,441,12/1/2024,2024,Dec
0,0,0,0,0,12/1/2024,2024,Dec
0,0,0,0,0,12/1/2024,2024,Dec
288,4414,0,506,1162,12/1/2024,2024,Dec
42,1764,0,0,507,12/1/2024,2024,Dec
0,0,0,1,2,12/1/2024,2024,Dec
247,2953,0,20,227,12/1/2024,2024,Dec
0,0,0,0,0,12/1/2024,2024,Dec
407,943,0,0,210,12/1/2024,2024,Dec
1326,3268,0,537,515,12/1/2024,2024,Dec
1156,4211,0,75,1615,12/1/2024,2024,Dec
0,0,0,0,0,12/1/2024,2024,Dec
851,6620,0,468,1054,12/1/2024,2024,Dec
42,3232,0,0,343,12/1/2024,2024,Dec
741,2115,1,0,147,12/1/2024,2024,Dec
0,0,0,0,0,12/1/2024,2024,Dec
0,0,0,0,0,12/1/2024,2024,Dec
328,6492,0,0,112,12/1/2024,2024,Dec
30,1786,0,0,54,12/1/2024,2024,Dec
345,1248,0,0,0,12/1/2024,2024,Dec
0,0,0,0,21,12/1/2024,2024,Dec
536,2700,0,0,2168,12/1/2024,2024,Dec
0,0,0,0,0,12/1/2024,2024,Dec
292,2412,0,0,1394,12/1/2024,2024,Dec
87,2095,0,0,257,12/1/2024,2024,Dec
0,0,0,0,121,12/1/2024,2024,Dec
115,4227,5,27,1191,12/1/2024,2024,Dec
0,0,0,0,0,12/1/2024,2024,Dec
108,1177,0,0,283,12/1/2024,2024,Dec
0,0,0,0,0,12/1/2024,2024,Dec
0,0,0,0,0,12/1/2024,2024,Dec
30,1732,0,0,344,12/1/2024,2024,Dec
776,3378,0,0,2375,12/1/2024,2024,Dec
0,0,0,0,0,12/1/2024,2024,Dec
409,3792,0,0,1138,12/1/2024,2024,Dec
91,1152,0,0,198,12/1/2024,2024,Dec
428,1651,0,0,424,12/1/2024,2024,Dec
0,0,0,0,0,12/1/2024,2024,Dec
0,1909,0,0,204,12/1/2024,2024,Dec
972,3847,0,0,316,12/1/2024,2024,Dec
478,2278,0,178,185,12/1/2024,2024,Dec
454,3218,0,79,1262,12/1/2024,2024,Dec
0,0,0,0,0,12/1/2024,2024,Dec
678,3943,0,0,1177,12/1/2024,2024,Dec
731,5067,0,0,1235,12/1/2024,2024,Dec
0,0,0,0,0,12/1/2024,2024,Dec
0,0,0,0,172,12/1/2024,2024,Dec
1167,4670,0,0,2159,12/1/2024,2024,Dec
0,0,91,0,12,12/1/2024,2024,Dec
0,0,0,0,0,12/1/2024,2024,Dec
0,0,0,0,0,12/1/2024,2024,Dec
615,6234,0,0,163,12/1/2024,2024,Dec
0,0,0,0,0,12/1/2024,2024,Dec
171,5225,0,0,981,12/1/2024,2024,Dec
462,5610,148,126,430,12/1/2024,2024,Dec
0,0,0,0,0,12/1/2024,2024,Dec
0,0,0,0,0,12/1/2024,2024,Dec
771,1896,0,0,473,12/1/2024,2024,Dec
0,0,0,0,0,12/1/2024,2024,Dec
426,7586,0,0,600,12/1/2024,2024,Dec
0,0,0,0,43,12/1/2024,2024,Dec
256,8935,0,195,1343,12/1/2024,2024,Dec
609,2427,0,0,1048,12/1/2024,2024,Dec
923,3506,0,155,749,12/1/2024,2024,Dec
0,2287,0,0,504,12/1/2024,2024,Dec
0,0,0,0,0,12/1/2024,2024,Dec
0,0,2,0,204,12/1/2024,2024,Dec
372,2611,0,0,1607,12/1/2024,2024,Dec
352,2999,0,0,2089,12/1/2024,2024,Dec
407,2415,0,0,837,12/1/2024,2024,Dec
853,1412,0,136,64,12/1/2024,2024,Dec
36,1868,0,577,2454,12/1/2024,2024,Dec
710,3779,0,30,1702,12/1/2024,2024,Dec
874,2236,0,0,991,12/1/2024,2024,Dec
1213,7322,0,375,2054,12/1/2024,2024,Dec
879,5577,0,0,431,12/1/2024,2024,Dec
6,4033,0,28,491,12/1/2024,2024,Dec
0,0,0,0,0,12/1/2024,2024,Dec
578,4640,0,0,4354,12/1/2024,2024,Dec
0,0,0,0,0,12/1/2024,2024,Dec
0,0,0,0,0,12/1/2024,2024,Dec
0,0,0,0,0,12/1/2024,2024,Dec
0,0,0,0,0,12/1/2024,2024,Dec
0,4684,116,14,4281,12/1/2024,2024,Dec
0,0,0,0,0,12/1/2024,2024,Dec
0,0,0,0,0,12/1/2024,2024,Dec
118,3600,0,0,2420,12/1/2024,2024,Dec
0,0,0,0,0,12/1/2024,2024,Dec
0,0,0,0,0,12/1/2024,2024,Dec
0,0,0,0,0,12/1/2024,2024,Dec
0,0,0,2,480,12/1/2024,2024,Dec
0,0,0,0,0,12/1/2024,2024,Dec
0,0,0,0,0,12/1/2024,2024,Dec
7,2603,0,0,383,12/1/2024,2024,Dec
468,2421,0,49,1272,12/1/2024,2024,Dec
135,4147,0,0,2002,12/1/2024,2024,Dec
934,3785,0,0,525,12/1/2024,2024,Dec
0,0,0,0,29,12/1/2024,2024,Dec
4,2441,0,0,1024,12/1/2024,2024,Dec
142,2572,0,8,1699,12/1/2024,2024,Dec
11,1452,0,0,914,12/1/2024,2024,Dec
228,2491,0,0,544,12/1/2024,2024,Dec
0,1196,0,0,90,12/1/2024,2024,Dec
14,3863,0,0,3066,12/1/2024,2024,Dec
294,3797,0,0,251,12/1/2024,2024,Dec
0,0,0,0,0,12/1/2024,2024,Dec
0,0,0,0,0,12/1/2024,2024,Dec
0,0,0,0,0,12/1/2024,2024,Dec
0,0,0,0,2,12/1/2024,2024,Dec
349,3339,0,0,1749,12/1/2024,2024,Dec
0,0,0,0,0,12/1/2024,2024,Dec
104,2888,0,112,2401,12/1/2024,2024,Dec
30,4755,20,0,1232,12/1/2024,2024,Dec
136,2414,0,0,774,12/1/2024,2024,Dec
0,0,0,0,111,12/1/2024,2024,Dec
0,0,0,0,0,12/1/2024,2024,Dec
747,2760,0,0,783,12/1/2024,2024,Dec
0,0,0,0,0,12/1/2024,2024,Dec
479,2783,0,76,803,12/1/2024,2024,Dec
0,0,0,0,0,12/1/2024,2024,Dec
525,3137,0,0,874,12/1/2024,2024,Dec
0,0,0,0,0,12/1/2024,2024,Dec
805,1763,0,0,293,12/1/2024,2024,Dec
0,0,0,0,0,12/1/2024,2024,Dec
0,0,0,0,716,12/1/2024,2024,Dec
93,3724,0,0,2204,12/1/2024,2024,Dec
43,2017,0,0,76,12/1/2024,2024,Dec
53,3668,18,0,2877,12/1/2024,2024,Dec
0,0,0,0,0,12/1/2024,2024,Dec
289,1671,0,0,221,12/1/2024,2024,Dec
129,2318,0,0,241,12/1/2024,2024,Dec
0,0,0,0,24,12/1/2024,2024,Dec
74,2039,0,0,333,12/1/2024,2024,Dec
809,5788,0,0,1010,12/1/2024,2024,Dec
1494,3246,0,201,2227,12/1/2024,2024,Dec
0,0,0,0,192,12/1/2024,2024,Dec
80,2175,0,0,1235,12/1/2024,2024,Dec
1049,4770,0,0,1057,12/1/2024,2024,Dec
184,1387,0,0,262,12/1/2024,2024,Dec
9,4090,12,0,1619,12/1/2024,2024,Dec
1894,10608,0,0,6740,12/1/2024,2024,Dec
695,5267,9,0,1553,12/1/2024,2024,Dec
27,1745,33,100,593,12/1/2024,2024,Dec
399,4255,6,0,2386,12/1/2024,2024,Dec
1279,3989,0,2,1956,12/1/2024,2024,Dec
953,6629,0,0,3412,12/1/2024,2024,Dec
550,3269,0,26,1038,12/1/2024,2024,Dec
1235,5401,0,0,3111,12/1/2024,2024,Dec
627,2892,0,0,1462,12/1/2024,2024,Dec
800,8404,21,41,1439,12/1/2024,2024,Dec
0,0,0,0,0,12/1/2024,2024,Dec
240,4145,0,0,751,12/1/2024,2024,Dec
687,1878,0,0,129,12/1/2024,2024,Dec
21,4120,0,0,650,12/1/2024,2024,Dec
696,1999,0,0,324,12/1/2024,2024,Dec
0,0,0,0,0,12/1/2024,2024,Dec
381,1216,0,0,40,12/1/2024,2024,Dec
0,0,0,0,0,12/1/2024,2024,Dec
0,0,0,0,0,12/1/2024,2024,Dec
794,2141,0,0,1699,12/1/2024,2024,Dec
0,0,0,0,0,12/1/2024,2024,Dec
525,2916,0,0,821,12/1/2024,2024,Dec
0,0,0,0,0,12/1/2024,2024,Dec
508,2083,0,0,807,12/1/2024,2024,Dec
232,1528,0,0,134,12/1/2024,2024,Dec
1057,4639,0,0,1610,12/1/2024,2024,Dec
113,1619,0,0,560,2/1/2024,2024,Feb
0,942,0,0,379,2/1/2024,2024,Feb
269,2850,0,0,450,2/1/2024,2024,Feb
0,0,0,0,0,2/1/2024,2024,Feb
0,0,0,0,0,2/1/2024,2024,Feb
0,0,0,0,0,2/1/2024,2024,Feb
0,0,0,0,0,2/1/2024,2024,Feb
604,7225,0,0,379,2/1/2024,2024,Feb
0,2824,0,0,522,2/1/2024,2024,Feb
674,4974,0,0,1199,2/1/2024,2024,Feb
0,0,0,0,0,2/1/2024,2024,Feb
6,4614,0,0,2563,2/1/2024,2024,Feb
0,0,0,29,0,2/1/2024,2024,Feb
16,979,0,0,241,2/1/2024,2024,Feb
606,2465,0,0,1419,2/1/2024,2024,Feb
701,2033,0,149,668,2/1/2024,2024,Feb
29,2242,0,115,1529,2/1/2024,2024,Feb
0,0,0,0,0,2/1/2024,2024,Feb
0,0,0,0,0,2/1/2024,2024,Feb
0,0,0,0,0,2/1/2024,2024,Feb
331,3880,864,0,922,2/1/2024,2024,Feb
0,3082,0,0,798,2/1/2024,2024,Feb
711,2628,0,19,462,2/1/2024,2024,Feb
0,0,0,0,0,2/1/2024,2024,Feb
51,2576,0,0,336,2/1/2024,2024,Feb
141,2451,0,258,642,2/1/2024,2024,Feb
0,0,0,0,0,2/1/2024,2024,Feb
0,0,0,19,73,2/1/2024,2024,Feb
677,1772,0,0,1208,2/1/2024,2024,Feb
9,4432,0,0,745,2/1/2024,2024,Feb
0,0,0,4,67,2/1/2024,2024,Feb
602,1313,0,0,133,2/1/2024,2024,Feb
69,2836,0,0,400,2/1/2024,2024,Feb
0,0,0,0,0,2/1/2024,2024,Feb
0,0,0,0,0,2/1/2024,2024,Feb
260,3271,0,438,1068,2/1/2024,2024,Feb
34,1707,0,0,478,2/1/2024,2024,Feb
0,0,0,1,0,2/1/2024,2024,Feb
108,2821,0,59,276,2/1/2024,2024,Feb
0,0,0,0,0,2/1/2024,2024,Feb
302,875,0,0,212,2/1/2024,2024,Feb
1111,3336,0,460,1015,2/1/2024,2024,Feb
1085,3345,0,100,1730,2/1/2024,2024,Feb
0,0,0,0,0,2/1/2024,2024,Feb
504,5504,0,375,1135,2/1/2024,2024,Feb
1,3486,0,0,529,2/1/2024,2024,Feb
694,1969,2,0,107,2/1/2024,2024,Feb
0,0,0,0,0,2/1/2024,2024,Feb
0,0,0,0,0,2/1/2024,2024,Feb
166,6169,0,0,300,2/1/2024,2024,Feb
0,1618,0,0,748,2/1/2024,2024,Feb
267,958,0,0,22,2/1/2024,2024,Feb
0,0,0,0,18,2/1/2024,2024,Feb
934,2764,0,0,1708,2/1/2024,2024,Feb
0,0,0,0,0,2/1/2024,2024,Feb
69,2423,0,0,1659,2/1/2024,2024,Feb
59,1918,0,0,246,2/1/2024,2024,Feb
77,3877,0,0,1240,2/1/2024,2024,Feb
0,0,0,0,0,2/1/2024,2024,Feb
42,1269,0,0,406,2/1/2024,2024,Feb
0,0,0,0,0,2/1/2024,2024,Feb
0,0,0,0,0,2/1/2024,2024,Feb
23,1720,0,0,354,2/1/2024,2024,Feb
383,3247,0,0,1789,2/1/2024,2024,Feb
0,0,0,0,0,2/1/2024,2024,Feb
77,3685,0,0,1112,2/1/2024,2024,Feb
86,973,0,0,271,2/1/2024,2024,Feb
262,1638,0,0,470,2/1/2024,2024,Feb
0,0,0,0,0,2/1/2024,2024,Feb
0,2000,0,0,199,2/1/2024,2024,Feb
674,3521,0,0,498,2/1/2024,2024,Feb
388,1830,0,105,655,2/1/2024,2024,Feb
385,2985,0,177,1352,2/1/2024,2024,Feb
0,0,0,0,0,2/1/2024,2024,Feb
782,3573,0,0,1246,2/1/2024,2024,Feb
860,3375,0,0,1280,2/1/2024,2024,Feb
0,0,0,0,0,2/1/2024,2024,Feb
0,0,0,0,200,2/1/2024,2024,Feb
1248,4722,0,0,2525,2/1/2024,2024,Feb
0,0,107,0,16,2/1/2024,2024,Feb
0,0,0,0,0,2/1/2024,2024,Feb
0,0,0,0,0,2/1/2024,2024,Feb
556,6289,0,0,435,2/1/2024,2024,Feb
0,0,0,0,0,2/1/2024,2024,Feb
29,5101,0,0,1007,2/1/2024,2024,Feb
554,5234,185,173,476,2/1/2024,2024,Feb
0,0,0,0,0,2/1/2024,2024,Feb
0,0,0,0,0,2/1/2024,2024,Feb
797,2139,0,0,1088,2/1/2024,2024,Feb
0,0,0,0,0,2/1/2024,2024,Feb
431,7110,0,0,586,2/1/2024,2024,Feb
0,0,0,0,76,2/1/2024,2024,Feb
38,8240,0,150,1261,2/1/2024,2024,Feb
369,2314,0,0,1103,2/1/2024,2024,Feb
143,3274,0,140,961,2/1/2024,2024,Feb
0,2032,0,0,383,2/1/2024,2024,Feb
0,0,0,0,0,2/1/2024,2024,Feb
0,0,1,0,186,2/1/2024,2024,Feb
325,2324,0,0,1744,2/1/2024,2024,Feb
168,2639,0,0,2014,2/1/2024,2024,Feb
625,2136,0,0,776,2/1/2024,2024,Feb
0,0,0,0,0,2/1/2024,2024,Feb
788,1568,0,0,135,2/1/2024,2024,Feb
8,1646,0,509,2057,2/1/2024,2024,Feb
644,3012,0,132,1735,2/1/2024,2024,Feb
1037,1712,0,0,1385,2/1/2024,2024,Feb
1050,6704,0,351,1461,2/1/2024,2024,Feb
1002,3651,0,0,502,2/1/2024,2024,Feb
0,4622,0,57,1514,2/1/2024,2024,Feb
0,0,0,0,0,2/1/2024,2024,Feb
588,3604,0,0,3816,2/1/2024,2024,Feb
0,0,0,0,0,2/1/2024,2024,Feb
0,0,0,0,0,2/1/2024,2024,Feb
0,0,0,0,0,2/1/2024,2024,Feb
0,0,0,0,0,2/1/2024,2024,Feb
1,3975,124,12,4207,2/1/2024,2024,Feb
0,0,0,0,0,2/1/2024,2024,Feb
0,0,0,0,0,2/1/2024,2024,Feb
17,3479,0,0,2517,2/1/2024,2024,Feb
0,0,0,0,0,2/1/2024,2024,Feb
0,0,0,0,0,2/1/2024,2024,Feb
0,0,0,0,0,2/1/2024,2024,Feb
0,0,0,0,424,2/1/2024,2024,Feb
0,0,0,0,0,2/1/2024,2024,Feb
9,2461,2,0,735,2/1/2024,2024,Feb
671,1928,0,34,1068,2/1/2024,2024,Feb
97,3579,0,0,2239,2/1/2024,2024,Feb
749,3707,0,0,548,2/1/2024,2024,Feb
0,0,0,0,34,2/1/2024,2024,Feb
22,2211,0,0,969,2/1/2024,2024,Feb
24,2375,0,4,1571,2/1/2024,2024,Feb
3,1186,0,0,800,2/1/2024,2024,Feb
371,2689,0,0,483,2/1/2024,2024,Feb
0,944,0,0,89,2/1/2024,2024,Feb
8,3577,0,0,2645,2/1/2024,2024,Feb
143,3317,0,0,411,2/1/2024,2024,Feb
0,0,0,0,3,2/1/2024,2024,Feb
0,0,0,0,0,2/1/2024,2024,Feb
0,0,0,0,0,2/1/2024,2024,Feb
0,0,0,0,8,2/1/2024,2024,Feb
38,3089,0,0,2015,2/1/2024,2024,Feb
0,0,0,0,0,2/1/2024,2024,Feb
62,2591,0,138,2199,2/1/2024,2024,Feb
3,4260,17,0,1228,2/1/2024,2024,Feb
18,2085,0,0,736,2/1/2024,2024,Feb
0,0,0,0,107,2/1/2024,2024,Feb
0,0,0,0,0,2/1/2024,2024,Feb
0,0,0,1,136,2/1/2024,2024,Feb
680,2355,0,0,757,2/1/2024,2024,Feb
0,0,0,0,0,2/1/2024,2024,Feb
516,2402,0,0,713,2/1/2024,2024,Feb
0,0,0,0,0,2/1/2024,2024,Feb
503,2943,0,0,884,2/1/2024,2024,Feb
0,0,0,0,0,2/1/2024,2024,Feb
214,2521,0,0,571,2/1/2024,2024,Feb
0,0,0,0,0,2/1/2024,2024,Feb
0,0,0,0,682,2/1/2024,2024,Feb
57,3463,0,0,1940,2/1/2024,2024,Feb
20,2199,0,0,191,2/1/2024,2024,Feb
12,3280,19,0,2766,2/1/2024,2024,Feb
0,0,0,0,0,2/1/2024,2024,Feb
167,2082,0,0,362,2/1/2024,2024,Feb
125,2698,0,0,546,2/1/2024,2024,Feb
0,0,0,0,19,2/1/2024,2024,Feb
4,2678,0,0,560,2/1/2024,2024,Feb
216,5731,0,0,918,2/1/2024,2024,Feb
860,2760,0,43,2241,2/1/2024,2024,Feb
0,0,0,0,163,2/1/2024,2024,Feb
0,0,0,0,0,2/1/2024,2024,Feb
101,1946,0,0,1210,2/1/2024,2024,Feb
1120,4121,0,0,1087,2/1/2024,2024,Feb
87,1351,0,0,260,2/1/2024,2024,Feb
9,3247,10,0,1449,2/1/2024,2024,Feb
1792,10656,0,0,5582,2/1/2024,2024,Feb
255,4996,13,0,1654,2/1/2024,2024,Feb
100,2797,80,103,1400,2/1/2024,2024,Feb
187,3733,1,0,2251,2/1/2024,2024,Feb
692,3897,0,7,2280,2/1/2024,2024,Feb
1285,5371,4,0,3517,2/1/2024,2024,Feb
651,2846,0,35,915,2/1/2024,2024,Feb
947,5617,0,0,2967,2/1/2024,2024,Feb
642,2583,0,0,1249,2/1/2024,2024,Feb
1268,7331,32,34,1406,2/1/2024,2024,Feb
0,0,0,0,0,2/1/2024,2024,Feb
40,3730,0,0,793,2/1/2024,2024,Feb
811,1765,0,0,218,2/1/2024,2024,Feb
38,3439,0,0,533,2/1/2024,2024,Feb
351,1980,0,0,693,2/1/2024,2024,Feb
0,0,0,0,0,2/1/2024,2024,Feb
221,983,0,0,58,2/1/2024,2024,Feb
0,0,0,0,0,2/1/2024,2024,Feb
0,0,0,0,0,2/1/2024,2024,Feb
741,2015,0,0,1690,2/1/2024,2024,Feb
0,0,0,0,0,2/1/2024,2024,Feb
302,3338,0,0,1512,2/1/2024,2024,Feb
0,0,0,0,0,2/1/2024,2024,Feb
428,2034,0,0,825,2/1/2024,2024,Feb
306,1869,0,0,595,2/1/2024,2024,Feb
794,4255,4,0,1626,2/1/2024,2024,Feb
220,1550,0,0,584,1/1/2024,2024,Jan
0,920,0,0,385,1/1/2024,2024,Jan
215,2579,0,0,436,1/1/2024,2024,Jan
0,0,0,0,0,1/1/2024,2024,Jan
0,0,0,0,0,1/1/2024,2024,Jan
0,0,0,0,0,1/1/2024,2024,Jan
0,0,0,0,0,1/1/2024,2024,Jan
528,7503,0,0,348,1/1/2024,2024,Jan
1,2926,0,0,538,1/1/2024,2024,Jan
717,5256,0,0,1232,1/1/2024,2024,Jan
0,0,0,0,0,1/1/2024,2024,Jan
15,4897,0,0,2366,1/1/2024,2024,Jan
0,0,0,40,52,1/1/2024,2024,Jan
8,921,0,0,215,1/1/2024,2024,Jan
395,2513,0,0,1559,1/1/2024,2024,Jan
757,2058,0,128,705,1/1/2024,2024,Jan
0,0,0,0,0,1/1/2024,2024,Jan
31,2399,0,141,1522,1/1/2024,2024,Jan
0,0,0,0,0,1/1/2024,2024,Jan
0,0,0,0,0,1/1/2024,2024,Jan
0,0,0,0,0,1/1/2024,2024,Jan
538,4173,831,0,1125,1/1/2024,2024,Jan
1,3075,0,0,884,1/1/2024,2024,Jan
700,2915,0,22,506,1/1/2024,2024,Jan
0,0,0,0,0,1/1/2024,2024,Jan
24,2603,0,0,354,1/1/2024,2024,Jan
141,2520,0,312,727,1/1/2024,2024,Jan
0,0,0,0,0,1/1/2024,2024,Jan
0,0,0,16,59,1/1/2024,2024,Jan
652,1636,0,0,1362,1/1/2024,2024,Jan
14,4682,0,0,841,1/1/2024,2024,Jan
0,0,0,6,67,1/1/2024,2024,Jan
746,1406,0,0,133,1/1/2024,2024,Jan
43,3052,0,0,388,1/1/2024,2024,Jan
0,0,0,0,0,1/1/2024,2024,Jan
0,0,0,0,0,1/1/2024,2024,Jan
383,3470,0,451,1151,1/1/2024,2024,Jan
50,2060,0,0,543,1/1/2024,2024,Jan
0,0,0,3,3,1/1/2024,2024,Jan
73,2979,0,36,275,1/1/2024,2024,Jan
0,0,0,0,0,1/1/2024,2024,Jan
566,915,0,0,221,1/1/2024,2024,Jan
1368,3682,0,488,990,1/1/2024,2024,Jan
1215,3332,0,82,1757,1/1/2024,2024,Jan
0,0,0,0,0,1/1/2024,2024,Jan
516,5971,0,344,1040,1/1/2024,2024,Jan
1,3762,0,0,559,1/1/2024,2024,Jan
811,1949,2,0,125,1/1/2024,2024,Jan
0,0,0,0,0,1/1/2024,2024,Jan
0,0,0,0,0,1/1/2024,2024,Jan
312,6518,0,0,271,1/1/2024,2024,Jan
1,1695,0,0,743,1/1/2024,2024,Jan
279,998,0,0,24,1/1/2024,2024,Jan
0,0,0,0,19,1/1/2024,2024,Jan
974,2788,0,0,1802,1/1/2024,2024,Jan
0,0,0,0,0,1/1/2024,2024,Jan
102,2419,0,0,1522,1/1/2024,2024,Jan
34,1977,0,0,252,1/1/2024,2024,Jan
131,4186,0,0,1119,1/1/2024,2024,Jan
0,0,0,0,0,1/1/2024,2024,Jan
124,1336,0,0,431,1/1/2024,2024,Jan
0,0,0,0,0,1/1/2024,2024,Jan
0,0,0,0,0,1/1/2024,2024,Jan
42,1756,0,0,365,1/1/2024,2024,Jan
493,3654,0,0,1830,1/1/2024,2024,Jan
0,0,0,0,0,1/1/2024,2024,Jan
164,3618,1,0,1024,1/1/2024,2024,Jan
220,1103,0,0,304,1/1/2024,2024,Jan
358,1696,0,0,516,1/1/2024,2024,Jan
0,0,0,0,0,1/1/2024,2024,Jan
0,2060,0,0,186,1/1/2024,2024,Jan
991,3589,0,0,516,1/1/2024,2024,Jan
592,2083,0,150,601,1/1/2024,2024,Jan
505,3127,0,179,1448,1/1/2024,2024,Jan
0,0,0,0,0,1/1/2024,2024,Jan
473,3848,0,0,1238,1/1/2024,2024,Jan
993,3593,0,0,1299,1/1/2024,2024,Jan
0,0,0,0,0,1/1/2024,2024,Jan
0,0,0,0,220,1/1/2024,2024,Jan
1427,5262,0,0,2497,1/1/2024,2024,Jan
0,0,99,0,18,1/1/2024,2024,Jan
0,0,0,0,0,1/1/2024,2024,Jan
0,0,0,0,0,1/1/2024,2024,Jan
657,6866,0,0,646,1/1/2024,2024,Jan
0,0,0,0,0,1/1/2024,2024,Jan
47,5405,0,0,1002,1/1/2024,2024,Jan
710,5662,166,159,426,1/1/2024,2024,Jan
0,0,0,0,0,1/1/2024,2024,Jan
0,0,0,0,0,1/1/2024,2024,Jan
953,2201,0,0,1155,1/1/2024,2024,Jan
0,0,0,0,0,1/1/2024,2024,Jan
436,7414,0,0,640,1/1/2024,2024,Jan
0,0,0,0,78,1/1/2024,2024,Jan
66,8879,0,185,1210,1/1/2024,2024,Jan
655,2546,0,0,1176,1/1/2024,2024,Jan
660,3438,0,156,967,1/1/2024,2024,Jan
0,2155,0,0,463,1/1/2024,2024,Jan
0,0,0,0,0,1/1/2024,2024,Jan
0,0,4,0,171,1/1/2024,2024,Jan
200,2700,0,0,1685,1/1/2024,2024,Jan
318,2910,0,0,2034,1/1/2024,2024,Jan
732,2297,0,0,866,1/1/2024,2024,Jan
0,0,0,0,0,1/1/2024,2024,Jan
900,1589,0,0,191,1/1/2024,2024,Jan
18,1758,0,566,2338,1/1/2024,2024,Jan
816,3244,0,127,1684,1/1/2024,2024,Jan
1087,1855,0,0,1389,1/1/2024,2024,Jan
862,6892,0,457,1798,1/1/2024,2024,Jan
1000,4716,0,0,566,1/1/2024,2024,Jan
6,4908,0,64,1671,1/1/2024,2024,Jan
0,0,0,0,0,1/1/2024,2024,Jan
902,3838,0,0,3958,1/1/2024,2024,Jan
0,0,0,0,0,1/1/2024,2024,Jan
0,0,0,0,0,1/1/2024,2024,Jan
0,0,0,0,0,1/1/2024,2024,Jan
0,0,0,0,0,1/1/2024,2024,Jan
0,4299,152,21,4502,1/1/2024,2024,Jan
0,0,0,0,0,1/1/2024,2024,Jan
0,0,0,0,0,1/1/2024,2024,Jan
89,3536,0,0,2335,1/1/2024,2024,Jan
0,0,0,0,0,1/1/2024,2024,Jan
0,0,0,0,0,1/1/2024,2024,Jan
0,0,0,0,0,1/1/2024,2024,Jan
0,0,0,1,479,1/1/2024,2024,Jan
0,0,0,0,0,1/1/2024,2024,Jan
0,2668,0,0,811,1/1/2024,2024,Jan
804,2203,0,30,1073,1/1/2024,2024,Jan
148,3774,0,0,2358,1/1/2024,2024,Jan
1038,4118,0,0,561,1/1/2024,2024,Jan
0,0,0,0,35,1/1/2024,2024,Jan
78,2256,0,0,1116,1/1/2024,2024,Jan
21,2556,0,6,1687,1/1/2024,2024,Jan
6,1280,0,0,819,1/1/2024,2024,Jan
451,2806,0,0,519,1/1/2024,2024,Jan
0,966,0,0,93,1/1/2024,2024,Jan
18,3832,0,0,2775,1/1/2024,2024,Jan
244,3578,0,1,384,1/1/2024,2024,Jan
0,0,0,0,5,1/1/2024,2024,Jan
0,0,0,0,0,1/1/2024,2024,Jan
0,0,0,0,0,1/1/2024,2024,Jan
0,0,0,0,0,1/1/2024,2024,Jan
124,3155,0,0,2104,1/1/2024,2024,Jan
0,0,0,0,0,1/1/2024,2024,Jan
70,2708,0,148,2322,1/1/2024,2024,Jan
44,4570,14,0,1353,1/1/2024,2024,Jan
10,2295,0,0,757,1/1/2024,2024,Jan
0,0,0,0,131,1/1/2024,2024,Jan
0,0,0,0,0,1/1/2024,2024,Jan
0,0,0,0,176,1/1/2024,2024,Jan
626,2616,0,0,753,1/1/2024,2024,Jan
0,0,0,0,0,1/1/2024,2024,Jan
603,2632,0,0,772,1/1/2024,2024,Jan
0,0,0,0,0,1/1/2024,2024,Jan
566,3095,0,0,898,1/1/2024,2024,Jan
0,0,0,0,0,1/1/2024,2024,Jan
376,2710,0,0,585,1/1/2024,2024,Jan
0,0,0,0,0,1/1/2024,2024,Jan
0,0,0,0,724,1/1/2024,2024,Jan
211,3678,0,0,1917,1/1/2024,2024,Jan
60,2062,0,0,176,1/1/2024,2024,Jan
102,3512,8,0,3022,1/1/2024,2024,Jan
0,0,0,0,0,1/1/2024,2024,Jan
212,2255,0,0,393,1/1/2024,2024,Jan
183,2259,0,0,619,1/1/2024,2024,Jan
0,0,0,0,20,1/1/2024,2024,Jan
30,2773,0,0,512,1/1/2024,2024,Jan
541,6126,0,0,954,1/1/2024,2024,Jan
957,2719,0,52,2535,1/1/2024,2024,Jan
0,0,0,0,0,1/1/2024,2024,Jan
126,2103,0,0,1210,1/1/2024,2024,Jan
1342,4349,0,0,1239,1/1/2024,2024,Jan
136,1356,0,0,287,1/1/2024,2024,Jan
18,3334,12,0,1590,1/1/2024,2024,Jan
2453,10470,0,0,7741,1/1/2024,2024,Jan
327,5454,7,0,1694,1/1/2024,2024,Jan
100,3063,69,94,1716,1/1/2024,2024,Jan
460,3924,1,0,2438,1/1/2024,2024,Jan
866,4315,0,7,2351,1/1/2024,2024,Jan
1625,5709,1,0,3650,1/1/2024,2024,Jan
509,3098,0,45,970,1/1/2024,2024,Jan
1209,6153,0,0,3118,1/1/2024,2024,Jan
746,2629,0,0,1177,1/1/2024,2024,Jan
1386,7691,32,44,1415,1/1/2024,2024,Jan
0,0,0,0,0,1/1/2024,2024,Jan
139,3664,0,0,799,1/1/2024,2024,Jan
904,1841,0,0,248,1/1/2024,2024,Jan
63,3474,0,0,570,1/1/2024,2024,Jan
740,1937,0,0,689,1/1/2024,2024,Jan
0,0,0,0,0,1/1/2024,2024,Jan
440,1013,0,0,49,1/1/2024,2024,Jan
0,0,0,0,0,1/1/2024,2024,Jan
0,0,0,0,0,1/1/2024,2024,Jan
915,2085,0,0,1736,1/1/2024,2024,Jan
0,0,0,0,0,1/1/2024,2024,Jan
316,3643,0,0,1639,1/1/2024,2024,Jan
0,0,0,0,0,1/1/2024,2024,Jan
512,2030,0,0,804,1/1/2024,2024,Jan
299,1936,0,0,603,1/1/2024,2024,Jan
1100,4617,0,0,1667,1/1/2024,2024,Jan
112,1530,0,0,609,7/1/2024,2024,Jul
0,881,0,0,299,7/1/2024,2024,Jul
182,2938,0,0,543,7/1/2024,2024,Jul
0,0,0,0,0,7/1/2024,2024,Jul
0,0,0,0,0,7/1/2024,2024,Jul
0,0,0,0,0,7/1/2024,2024,Jul
0,0,0,0,0,7/1/2024,2024,Jul
633,7649,0,0,449,7/1/2024,2024,Jul
0,3029,0,0,525,7/1/2024,2024,Jul
861,4757,0,0,1016,7/1/2024,2024,Jul
0,0,0,0,0,7/1/2024,2024,Jul
4,4768,0,0,2017,7/1/2024,2024,Jul
0,0,0,45,0,7/1/2024,2024,Jul
0,1005,0,0,165,7/1/2024,2024,Jul
768,2578,0,0,1400,7/1/2024,2024,Jul
542,2242,0,123,738,7/1/2024,2024,Jul
97,2450,0,64,1439,7/1/2024,2024,Jul
0,0,0,0,0,7/1/2024,2024,Jul
0,0,0,0,0,7/1/2024,2024,Jul
0,0,0,0,0,7/1/2024,2024,Jul
0,0,0,0,0,7/1/2024,2024,Jul
229,4074,867,0,1844,7/1/2024,2024,Jul
3,3108,0,0,342,7/1/2024,2024,Jul
534,2791,0,34,426,7/1/2024,2024,Jul
0,0,0,0,0,7/1/2024,2024,Jul
42,2814,0,0,370,7/1/2024,2024,Jul
112,2841,0,309,632,7/1/2024,2024,Jul
0,0,0,11,67,7/1/2024,2024,Jul
711,1651,0,0,1336,7/1/2024,2024,Jul
50,4322,0,0,777,7/1/2024,2024,Jul
0,0,0,6,74,7/1/2024,2024,Jul
445,1432,0,0,142,7/1/2024,2024,Jul
149,2933,0,0,441,7/1/2024,2024,Jul
0,0,0,0,0,7/1/2024,2024,Jul
0,0,0,0,0,7/1/2024,2024,Jul
236,3839,0,392,1063,7/1/2024,2024,Jul
38,1867,0,0,524,7/1/2024,2024,Jul
0,0,0,0,0,7/1/2024,2024,Jul
10,3255,0,102,301,7/1/2024,2024,Jul
0,0,0,0,0,7/1/2024,2024,Jul
253,929,0,0,174,7/1/2024,2024,Jul
1085,3097,0,605,497,7/1/2024,2024,Jul
907,4178,0,88,1685,7/1/2024,2024,Jul
0,0,0,0,0,7/1/2024,2024,Jul
259,6243,0,387,1111,7/1/2024,2024,Jul
14,3524,0,0,574,7/1/2024,2024,Jul
640,1929,4,0,146,7/1/2024,2024,Jul
0,0,0,0,0,7/1/2024,2024,Jul
0,0,0,0,0,7/1/2024,2024,Jul
131,6076,0,0,314,7/1/2024,2024,Jul
3,1763,0,0,50,7/1/2024,2024,Jul
133,973,0,0,16,7/1/2024,2024,Jul
0,0,0,0,32,7/1/2024,2024,Jul
456,2805,0,0,2041,7/1/2024,2024,Jul
0,0,0,0,0,7/1/2024,2024,Jul
0,2454,0,0,1395,7/1/2024,2024,Jul
66,2370,0,0,261,7/1/2024,2024,Jul
17,4311,14,29,1220,7/1/2024,2024,Jul
0,0,0,0,0,7/1/2024,2024,Jul
39,1130,0,0,312,7/1/2024,2024,Jul
0,0,0,0,0,7/1/2024,2024,Jul
0,0,0,0,0,7/1/2024,2024,Jul
24,1848,0,0,344,7/1/2024,2024,Jul
214,3747,0,0,2026,7/1/2024,2024,Jul
0,0,0,0,0,7/1/2024,2024,Jul
130,4198,0,0,1135,7/1/2024,2024,Jul
63,1083,0,0,280,7/1/2024,2024,Jul
306,1623,0,0,423,7/1/2024,2024,Jul
0,0,0,0,0,7/1/2024,2024,Jul
0,2109,0,0,210,7/1/2024,2024,Jul
631,2616,0,0,430,7/1/2024,2024,Jul
223,2067,0,160,765,7/1/2024,2024,Jul
219,3168,0,109,1257,7/1/2024,2024,Jul
0,0,0,0,0,7/1/2024,2024,Jul
324,3595,0,0,1242,7/1/2024,2024,Jul
522,4045,0,0,1456,7/1/2024,2024,Jul
0,0,0,0,0,7/1/2024,2024,Jul
0,0,0,0,154,7/1/2024,2024,Jul
754,5231,0,0,2853,7/1/2024,2024,Jul
0,0,118,0,19,7/1/2024,2024,Jul
0,0,0,0,0,7/1/2024,2024,Jul
0,0,0,0,0,7/1/2024,2024,Jul
315,6909,0,0,420,7/1/2024,2024,Jul
0,0,0,0,0,7/1/2024,2024,Jul
35,5094,0,0,916,7/1/2024,2024,Jul
483,5654,159,160,450,7/1/2024,2024,Jul
0,0,0,0,0,7/1/2024,2024,Jul
0,0,0,0,0,7/1/2024,2024,Jul
661,1808,0,0,589,7/1/2024,2024,Jul
0,0,0,0,0,7/1/2024,2024,Jul
385,7272,0,0,623,7/1/2024,2024,Jul
0,0,0,0,34,7/1/2024,2024,Jul
36,8977,0,244,1305,7/1/2024,2024,Jul
552,2197,0,0,1070,7/1/2024,2024,Jul
344,3522,0,167,995,7/1/2024,2024,Jul
0,2068,0,0,428,7/1/2024,2024,Jul
0,0,0,0,0,7/1/2024,2024,Jul
0,0,6,0,218,7/1/2024,2024,Jul
118,2599,0,0,1603,7/1/2024,2024,Jul
125,2479,0,0,2060,7/1/2024,2024,Jul
364,2531,0,0,830,7/1/2024,2024,Jul
788,1613,0,0,148,7/1/2024,2024,Jul
0,1710,0,534,2255,7/1/2024,2024,Jul
709,3669,0,71,1540,7/1/2024,2024,Jul
702,2075,0,0,1306,7/1/2024,2024,Jul
791,6952,0,365,1790,7/1/2024,2024,Jul
953,4960,0,0,398,7/1/2024,2024,Jul
0,3962,0,39,420,7/1/2024,2024,Jul
0,0,0,0,0,7/1/2024,2024,Jul
329,4230,0,0,4085,7/1/2024,2024,Jul
0,0,0,0,0,7/1/2024,2024,Jul
0,0,0,0,0,7/1/2024,2024,Jul
0,0,0,0,0,7/1/2024,2024,Jul
0,0,0,0,0,7/1/2024,2024,Jul
0,4416,154,14,4703,7/1/2024,2024,Jul
0,0,0,0,0,7/1/2024,2024,Jul
0,0,0,0,0,7/1/2024,2024,Jul
36,3554,0,0,2488,7/1/2024,2024,Jul
0,0,0,0,0,7/1/2024,2024,Jul
0,0,0,0,0,7/1/2024,2024,Jul
0,0,0,0,0,7/1/2024,2024,Jul
0,0,0,1,561,7/1/2024,2024,Jul
0,0,0,0,0,7/1/2024,2024,Jul
0,0,0,0,0,7/1/2024,2024,Jul
3,2437,0,0,864,7/1/2024,2024,Jul
510,2287,0,48,1475,7/1/2024,2024,Jul
15,4140,0,0,2228,7/1/2024,2024,Jul
544,3961,0,0,533,7/1/2024,2024,Jul
0,0,0,0,33,7/1/2024,2024,Jul
0,2470,0,0,1098,7/1/2024,2024,Jul
5,2608,0,7,1654,7/1/2024,2024,Jul
6,1369,0,0,969,7/1/2024,2024,Jul
818,2712,0,0,468,7/1/2024,2024,Jul
1,851,0,0,75,7/1/2024,2024,Jul
16,3669,0,0,3146,7/1/2024,2024,Jul
148,3769,0,0,277,7/1/2024,2024,Jul
0,0,0,0,0,7/1/2024,2024,Jul
0,0,0,0,0,7/1/2024,2024,Jul
0,0,0,0,0,7/1/2024,2024,Jul
0,0,0,0,2,7/1/2024,2024,Jul
8,3370,0,0,2047,7/1/2024,2024,Jul
0,0,0,0,0,7/1/2024,2024,Jul
4,2576,0,170,2189,7/1/2024,2024,Jul
3,4640,23,0,1156,7/1/2024,2024,Jul
3,2238,0,0,784,7/1/2024,2024,Jul
0,0,0,0,143,7/1/2024,2024,Jul
0,0,0,0,0,7/1/2024,2024,Jul
0,0,0,0,129,7/1/2024,2024,Jul
663,2653,0,0,753,7/1/2024,2024,Jul
0,0,0,0,0,7/1/2024,2024,Jul
260,2675,0,78,730,7/1/2024,2024,Jul
0,0,0,0,0,7/1/2024,2024,Jul
378,3189,0,0,939,7/1/2024,2024,Jul
0,0,0,0,0,7/1/2024,2024,Jul
126,1832,0,0,366,7/1/2024,2024,Jul
0,0,0,0,0,7/1/2024,2024,Jul
0,0,0,0,804,7/1/2024,2024,Jul
90,3592,0,0,2169,7/1/2024,2024,Jul
17,2778,0,0,228,7/1/2024,2024,Jul
37,3584,20,0,2934,7/1/2024,2024,Jul
0,0,0,0,0,7/1/2024,2024,Jul
121,2151,0,0,469,7/1/2024,2024,Jul
73,2056,0,0,305,7/1/2024,2024,Jul
0,0,0,0,17,7/1/2024,2024,Jul
0,3094,0,0,604,7/1/2024,2024,Jul
253,6010,0,0,931,7/1/2024,2024,Jul
560,3202,0,143,2103,7/1/2024,2024,Jul
0,0,0,0,177,7/1/2024,2024,Jul
45,2181,0,0,1206,7/1/2024,2024,Jul
993,4191,0,0,1289,7/1/2024,2024,Jul
54,1442,0,0,265,7/1/2024,2024,Jul
7,3782,5,0,1569,7/1/2024,2024,Jul
1665,11732,0,0,6270,7/1/2024,2024,Jul
146,5280,8,0,1468,7/1/2024,2024,Jul
15,1771,55,97,561,7/1/2024,2024,Jul
127,4263,5,0,2403,7/1/2024,2024,Jul
993,4145,0,1,2616,7/1/2024,2024,Jul
895,6068,3,0,3438,7/1/2024,2024,Jul
351,3094,0,16,1019,7/1/2024,2024,Jul
903,5207,0,0,3395,7/1/2024,2024,Jul
561,2984,0,0,1272,7/1/2024,2024,Jul
1284,7985,38,29,1551,7/1/2024,2024,Jul
0,0,0,0,0,7/1/2024,2024,Jul
30,3998,0,0,704,7/1/2024,2024,Jul
511,1785,0,0,177,7/1/2024,2024,Jul
18,4106,0,0,667,7/1/2024,2024,Jul
290,2111,0,0,606,7/1/2024,2024,Jul
0,0,0,0,0,7/1/2024,2024,Jul
341,1091,0,0,70,7/1/2024,2024,Jul
0,0,0,0,0,7/1/2024,2024,Jul
0,0,0,0,0,7/1/2024,2024,Jul
648,2067,0,0,1824,7/1/2024,2024,Jul
0,0,0,0,0,7/1/2024,2024,Jul
270,3409,0,0,1204,7/1/2024,2024,Jul
0,0,0,0,0,7/1/2024,2024,Jul
186,2488,0,0,794,7/1/2024,2024,Jul
331,1952,0,0,744,7/1/2024,2024,Jul
583,4493,0,0,1579,7/1/2024,2024,Jul
178,1496,0,0,515,6/1/2024,2024,Jun
0,1002,0,0,307,6/1/2024,2024,Jun
142,2939,0,0,556,6/1/2024,2024,Jun
0,0,0,0,0,6/1/2024,2024,Jun
0,0,0,0,0,6/1/2024,2024,Jun
0,0,0,0,0,6/1/2024,2024,Jun
0,0,0,0,0,6/1/2024,2024,Jun
484,7671,0,0,369,6/1/2024,2024,Jun
0,2880,0,0,484,6/1/2024,2024,Jun
823,4761,0,0,1302,6/1/2024,2024,Jun
0,0,0,0,0,6/1/2024,2024,Jun
6,4767,0,0,2021,6/1/2024,2024,Jun
0,0,0,35,0,6/1/2024,2024,Jun
0,1027,0,0,204,6/1/2024,2024,Jun
656,2452,0,0,1287,6/1/2024,2024,Jun
607,2120,0,47,712,6/1/2024,2024,Jun
43,2539,0,57,1499,6/1/2024,2024,Jun
0,0,0,0,0,6/1/2024,2024,Jun
0,0,0,0,0,6/1/2024,2024,Jun
0,0,0,0,0,6/1/2024,2024,Jun
231,3859,833,0,1659,6/1/2024,2024,Jun
1,2879,0,0,283,6/1/2024,2024,Jun
648,2535,0,31,432,6/1/2024,2024,Jun
0,0,0,0,0,6/1/2024,2024,Jun
63,2657,0,0,342,6/1/2024,2024,Jun
57,2670,0,291,555,6/1/2024,2024,Jun
0,0,0,10,61,6/1/2024,2024,Jun
597,1470,0,0,1202,6/1/2024,2024,Jun
26,4262,0,0,742,6/1/2024,2024,Jun
0,0,0,7,71,6/1/2024,2024,Jun
649,1335,0,0,116,6/1/2024,2024,Jun
104,2921,0,0,464,6/1/2024,2024,Jun
0,0,0,0,0,6/1/2024,2024,Jun
0,0,0,0,0,6/1/2024,2024,Jun
108,4062,0,477,1103,6/1/2024,2024,Jun
71,1727,0,0,549,6/1/2024,2024,Jun
0,0,0,0,3,6/1/2024,2024,Jun
23,3469,0,79,267,6/1/2024,2024,Jun
0,0,0,0,0,6/1/2024,2024,Jun
269,884,0,0,186,6/1/2024,2024,Jun
1189,3324,0,599,826,6/1/2024,2024,Jun
1077,4077,0,79,1639,6/1/2024,2024,Jun
0,0,0,0,0,6/1/2024,2024,Jun
333,6198,0,362,940,6/1/2024,2024,Jun
11,3475,0,0,595,6/1/2024,2024,Jun
668,1848,1,0,134,6/1/2024,2024,Jun
0,0,0,0,0,6/1/2024,2024,Jun
0,0,0,0,0,6/1/2024,2024,Jun
376,5823,0,0,314,6/1/2024,2024,Jun
0,1611,0,0,46,6/1/2024,2024,Jun
51,1078,0,0,37,6/1/2024,2024,Jun
0,0,0,0,25,6/1/2024,2024,Jun
676,2500,0,0,1880,6/1/2024,2024,Jun
0,0,0,0,0,6/1/2024,2024,Jun
84,2308,0,0,1460,6/1/2024,2024,Jun
72,2114,0,0,194,6/1/2024,2024,Jun
7,4200,8,1,1069,6/1/2024,2024,Jun
0,0,0,0,0,6/1/2024,2024,Jun
31,1181,0,0,280,6/1/2024,2024,Jun
0,0,0,0,0,6/1/2024,2024,Jun
0,0,0,0,0,6/1/2024,2024,Jun
20,1734,0,0,315,6/1/2024,2024,Jun
463,3445,0,0,1762,6/1/2024,2024,Jun
0,0,0,0,0,6/1/2024,2024,Jun
109,3927,1,0,1079,6/1/2024,2024,Jun
35,1105,0,0,251,6/1/2024,2024,Jun
226,1619,0,0,397,6/1/2024,2024,Jun
0,0,0,0,0,6/1/2024,2024,Jun
0,2007,0,0,197,6/1/2024,2024,Jun
793,2592,0,0,471,6/1/2024,2024,Jun
290,2080,0,143,625,6/1/2024,2024,Jun
244,2901,0,128,1103,6/1/2024,2024,Jun
0,0,0,0,0,6/1/2024,2024,Jun
218,3631,0,0,1192,6/1/2024,2024,Jun
465,3874,0,0,1325,6/1/2024,2024,Jun
0,0,0,0,0,6/1/2024,2024,Jun
0,0,0,0,180,6/1/2024,2024,Jun
942,4996,0,0,2379,6/1/2024,2024,Jun
0,0,106,0,7,6/1/2024,2024,Jun
0,0,0,0,0,6/1/2024,2024,Jun
0,0,0,0,0,6/1/2024,2024,Jun
498,6526,0,0,345,6/1/2024,2024,Jun
0,0,0,0,0,6/1/2024,2024,Jun
29,4793,0,0,987,6/1/2024,2024,Jun
364,5517,140,141,408,6/1/2024,2024,Jun
0,0,0,0,0,6/1/2024,2024,Jun
0,0,0,0,0,6/1/2024,2024,Jun
616,1957,0,0,781,6/1/2024,2024,Jun
0,0,0,0,0,6/1/2024,2024,Jun
311,6800,0,0,632,6/1/2024,2024,Jun
0,0,0,0,60,6/1/2024,2024,Jun
41,8811,0,209,1175,6/1/2024,2024,Jun
520,2234,0,0,1055,6/1/2024,2024,Jun
89,3532,0,180,925,6/1/2024,2024,Jun
0,2046,0,0,431,6/1/2024,2024,Jun
0,0,0,0,0,6/1/2024,2024,Jun
0,0,6,0,199,6/1/2024,2024,Jun
112,2591,0,0,1526,6/1/2024,2024,Jun
252,2789,0,0,1744,6/1/2024,2024,Jun
407,2310,0,0,740,6/1/2024,2024,Jun
817,1597,0,0,142,6/1/2024,2024,Jun
0,1599,0,534,2096,6/1/2024,2024,Jun
694,3373,0,95,1562,6/1/2024,2024,Jun
737,1937,0,0,1287,6/1/2024,2024,Jun
1066,6873,0,363,1567,6/1/2024,2024,Jun
923,4831,0,0,417,6/1/2024,2024,Jun
1,4486,0,55,1193,6/1/2024,2024,Jun
0,0,0,0,0,6/1/2024,2024,Jun
445,4247,0,0,3690,6/1/2024,2024,Jun
0,0,0,0,0,6/1/2024,2024,Jun
0,0,0,0,0,6/1/2024,2024,Jun
0,0,0,0,0,6/1/2024,2024,Jun
0,0,0,0,0,6/1/2024,2024,Jun
0,4127,133,19,4523,6/1/2024,2024,Jun
0,0,0,0,0,6/1/2024,2024,Jun
0,0,0,0,0,6/1/2024,2024,Jun
33,3525,0,0,2461,6/1/2024,2024,Jun
0,0,0,0,0,6/1/2024,2024,Jun
0,0,0,0,0,6/1/2024,2024,Jun
0,0,0,0,0,6/1/2024,2024,Jun
0,0,0,7,607,6/1/2024,2024,Jun
0,0,0,0,0,6/1/2024,2024,Jun
0,0,0,0,0,6/1/2024,2024,Jun
0,2475,1,0,826,6/1/2024,2024,Jun
523,2194,0,45,1247,6/1/2024,2024,Jun
78,4029,0,0,2220,6/1/2024,2024,Jun
560,3834,0,0,567,6/1/2024,2024,Jun
0,0,0,0,38,6/1/2024,2024,Jun
4,2484,0,0,1026,6/1/2024,2024,Jun
19,2515,0,6,1522,6/1/2024,2024,Jun
0,1321,0,0,806,6/1/2024,2024,Jun
719,2677,0,0,417,6/1/2024,2024,Jun
0,896,0,0,94,6/1/2024,2024,Jun
7,3728,0,0,2831,6/1/2024,2024,Jun
84,3714,0,0,352,6/1/2024,2024,Jun
0,0,0,0,0,6/1/2024,2024,Jun
0,0,0,0,0,6/1/2024,2024,Jun
0,0,0,0,0,6/1/2024,2024,Jun
0,0,0,0,4,6/1/2024,2024,Jun
8,3180,0,0,2064,6/1/2024,2024,Jun
0,0,0,0,0,6/1/2024,2024,Jun
24,2498,0,107,2149,6/1/2024,2024,Jun
2,4313,18,0,1162,6/1/2024,2024,Jun
9,2321,0,0,719,6/1/2024,2024,Jun
0,0,0,0,115,6/1/2024,2024,Jun
0,0,0,0,0,6/1/2024,2024,Jun
0,0,0,2,130,6/1/2024,2024,Jun
464,2539,0,0,737,6/1/2024,2024,Jun
0,0,0,0,0,6/1/2024,2024,Jun
270,2492,0,77,678,6/1/2024,2024,Jun
0,0,0,0,0,6/1/2024,2024,Jun
445,3275,0,0,877,6/1/2024,2024,Jun
0,0,0,0,0,6/1/2024,2024,Jun
31,2469,0,0,581,6/1/2024,2024,Jun
0,0,0,0,0,6/1/2024,2024,Jun
0,0,0,0,779,6/1/2024,2024,Jun
266,3264,0,0,1979,6/1/2024,2024,Jun
10,2770,0,0,163,6/1/2024,2024,Jun
37,3347,14,0,2715,6/1/2024,2024,Jun
0,0,0,0,0,6/1/2024,2024,Jun
124,2132,0,0,310,6/1/2024,2024,Jun
155,2281,0,0,612,6/1/2024,2024,Jun
0,0,0,0,32,6/1/2024,2024,Jun
0,3156,0,0,525,6/1/2024,2024,Jun
212,5864,0,0,864,6/1/2024,2024,Jun
647,2908,0,146,1960,6/1/2024,2024,Jun
0,0,0,0,173,6/1/2024,2024,Jun
76,2037,0,0,1054,6/1/2024,2024,Jun
1059,4053,0,0,1162,6/1/2024,2024,Jun
115,1439,0,0,298,6/1/2024,2024,Jun
9,3645,11,0,1430,6/1/2024,2024,Jun
1775,10252,0,0,5916,6/1/2024,2024,Jun
230,5180,8,0,1337,6/1/2024,2024,Jun
75,2193,87,58,902,6/1/2024,2024,Jun
157,4090,3,0,2234,6/1/2024,2024,Jun
916,4147,0,0,2599,6/1/2024,2024,Jun
647,6337,0,0,3222,6/1/2024,2024,Jun
348,2967,0,22,913,6/1/2024,2024,Jun
875,5233,0,0,3383,6/1/2024,2024,Jun
487,2737,0,0,1161,6/1/2024,2024,Jun
1011,7726,32,33,1456,6/1/2024,2024,Jun
0,0,0,0,0,6/1/2024,2024,Jun
72,3614,0,0,715,6/1/2024,2024,Jun
633,1794,0,0,206,6/1/2024,2024,Jun
4,4027,0,0,629,6/1/2024,2024,Jun
510,2044,0,0,582,6/1/2024,2024,Jun
0,0,0,0,0,6/1/2024,2024,Jun
339,1043,0,0,46,6/1/2024,2024,Jun
0,0,0,0,0,6/1/2024,2024,Jun
0,0,0,0,0,6/1/2024,2024,Jun
534,2143,0,0,1584,6/1/2024,2024,Jun
0,0,0,0,0,6/1/2024,2024,Jun
307,3462,0,0,1174,6/1/2024,2024,Jun
0,0,0,0,0,6/1/2024,2024,Jun
258,2280,0,0,759,6/1/2024,2024,Jun
293,2023,0,0,624,6/1/2024,2024,Jun
557,4529,4,0,1603,6/1/2024,2024,Jun
46,1630,0,0,592,3/1/2024,2024,Mar
0,1038,0,0,366,3/1/2024,2024,Mar
233,3121,0,0,453,3/1/2024,2024,Mar
0,0,0,0,0,3/1/2024,2024,Mar
0,0,0,0,0,3/1/2024,2024,Mar
0,0,0,0,0,3/1/2024,2024,Mar
0,0,0,0,0,3/1/2024,2024,Mar
715,7810,0,0,461,3/1/2024,2024,Mar
0,3034,0,0,592,3/1/2024,2024,Mar
1472,5272,0,0,1151,3/1/2024,2024,Mar
0,0,0,0,0,3/1/2024,2024,Mar
6,4818,0,0,2322,3/1/2024,2024,Mar
0,0,0,40,0,3/1/2024,2024,Mar
6,1093,0,0,219,3/1/2024,2024,Mar
439,2800,0,0,1455,3/1/2024,2024,Mar
654,2267,0,109,747,3/1/2024,2024,Mar
31,2521,0,106,1497,3/1/2024,2024,Mar
0,0,0,0,0,3/1/2024,2024,Mar
0,0,0,0,0,3/1/2024,2024,Mar
0,0,0,0,0,3/1/2024,2024,Mar
149,4821,844,0,996,3/1/2024,2024,Mar
2,3184,0,0,272,3/1/2024,2024,Mar
616,2860,0,30,425,3/1/2024,2024,Mar
0,0,0,0,0,3/1/2024,2024,Mar
41,2788,0,0,378,3/1/2024,2024,Mar
74,2812,0,248,736,3/1/2024,2024,Mar
0,0,0,15,63,3/1/2024,2024,Mar
631,1761,0,0,1257,3/1/2024,2024,Mar
17,4700,0,0,767,3/1/2024,2024,Mar
0,0,0,2,74,3/1/2024,2024,Mar
565,1473,0,0,125,3/1/2024,2024,Mar
88,3074,0,0,459,3/1/2024,2024,Mar
0,0,0,0,0,3/1/2024,2024,Mar
0,0,0,0,0,3/1/2024,2024,Mar
174,3715,0,471,1218,3/1/2024,2024,Mar
40,1885,0,0,521,3/1/2024,2024,Mar
0,0,0,4,4,3/1/2024,2024,Mar
37,3297,0,101,305,3/1/2024,2024,Mar
0,0,0,0,0,3/1/2024,2024,Mar
280,929,0,0,196,3/1/2024,2024,Mar
1131,3870,0,499,1090,3/1/2024,2024,Mar
1192,3313,0,97,1858,3/1/2024,2024,Mar
0,0,0,0,0,3/1/2024,2024,Mar
408,6850,0,376,1054,3/1/2024,2024,Mar
0,3794,0,0,533,3/1/2024,2024,Mar
616,1961,6,0,128,3/1/2024,2024,Mar
0,0,0,0,0,3/1/2024,2024,Mar
0,0,0,0,0,3/1/2024,2024,Mar
218,6440,0,0,294,3/1/2024,2024,Mar
0,1852,0,0,803,3/1/2024,2024,Mar
247,1010,0,0,30,3/1/2024,2024,Mar
0,0,0,0,27,3/1/2024,2024,Mar
847,2751,0,0,1808,3/1/2024,2024,Mar
0,0,0,0,0,3/1/2024,2024,Mar
69,2450,0,0,1694,3/1/2024,2024,Mar
32,2631,0,0,263,3/1/2024,2024,Mar
46,4223,4,0,1148,3/1/2024,2024,Mar
0,0,0,0,0,3/1/2024,2024,Mar
35,1344,0,0,491,3/1/2024,2024,Mar
0,0,0,0,0,3/1/2024,2024,Mar
0,0,0,0,0,3/1/2024,2024,Mar
37,1819,0,0,342,3/1/2024,2024,Mar
424,3472,0,0,1742,3/1/2024,2024,Mar
0,0,0,0,0,3/1/2024,2024,Mar
108,4283,0,0,1185,3/1/2024,2024,Mar
140,1111,0,0,310,3/1/2024,2024,Mar
370,1731,0,0,440,3/1/2024,2024,Mar
0,0,0,0,0,3/1/2024,2024,Mar
0,2100,0,0,191,3/1/2024,2024,Mar
746,3655,0,0,521,3/1/2024,2024,Mar
334,2209,0,170,646,3/1/2024,2024,Mar
476,2970,0,189,1442,3/1/2024,2024,Mar
0,0,0,0,0,3/1/2024,2024,Mar
371,3822,0,0,1195,3/1/2024,2024,Mar
776,3717,0,0,1386,3/1/2024,2024,Mar
0,0,0,0,0,3/1/2024,2024,Mar
0,0,0,0,166,3/1/2024,2024,Mar
1390,5318,0,0,2577,3/1/2024,2024,Mar
0,0,79,0,19,3/1/2024,2024,Mar
0,0,0,0,0,3/1/2024,2024,Mar
0,0,0,0,0,3/1/2024,2024,Mar
464,7268,0,0,401,3/1/2024,2024,Mar
0,0,0,0,0,3/1/2024,2024,Mar
12,5478,0,0,932,3/1/2024,2024,Mar
620,5783,195,166,464,3/1/2024,2024,Mar
0,0,0,0,0,3/1/2024,2024,Mar
0,0,0,0,0,3/1/2024,2024,Mar
798,2440,0,0,1110,3/1/2024,2024,Mar
0,0,0,0,0,3/1/2024,2024,Mar
344,7529,0,0,609,3/1/2024,2024,Mar
0,0,0,0,58,3/1/2024,2024,Mar
7,9313,0,183,1269,3/1/2024,2024,Mar
532,2016,0,0,1071,3/1/2024,2024,Mar
139,3637,0,171,980,3/1/2024,2024,Mar
0,2232,0,0,430,3/1/2024,2024,Mar
0,0,0,0,0,3/1/2024,2024,Mar
0,0,2,0,190,3/1/2024,2024,Mar
151,2631,0,0,1762,3/1/2024,2024,Mar
260,2876,0,0,1912,3/1/2024,2024,Mar
727,2328,0,0,814,3/1/2024,2024,Mar
852,1602,0,0,160,3/1/2024,2024,Mar
0,1778,0,538,2182,3/1/2024,2024,Mar
614,3354,0,154,1727,3/1/2024,2024,Mar
1005,2000,0,0,1256,3/1/2024,2024,Mar
621,7384,0,397,1614,3/1/2024,2024,Mar
926,4862,0,0,354,3/1/2024,2024,Mar
1,5160,0,88,1320,3/1/2024,2024,Mar
0,0,0,0,0,3/1/2024,2024,Mar
503,4145,0,0,3874,3/1/2024,2024,Mar
0,0,0,0,0,3/1/2024,2024,Mar
0,0,0,0,0,3/1/2024,2024,Mar
0,0,0,0,0,3/1/2024,2024,Mar
0,0,0,0,0,3/1/2024,2024,Mar
1,4490,151,19,4402,3/1/2024,2024,Mar
0,0,0,0,0,3/1/2024,2024,Mar
0,0,0,0,0,3/1/2024,2024,Mar
22,3870,0,0,2659,3/1/2024,2024,Mar
0,0,0,0,0,3/1/2024,2024,Mar
0,0,0,0,0,3/1/2024,2024,Mar
0,0,0,0,0,3/1/2024,2024,Mar
0,0,0,4,495,3/1/2024,2024,Mar
0,0,0,0,0,3/1/2024,2024,Mar
0,0,0,0,0,3/1/2024,2024,Mar
0,2646,3,0,802,3/1/2024,2024,Mar
649,2116,0,57,1062,3/1/2024,2024,Mar
40,4322,0,0,2188,3/1/2024,2024,Mar
751,4012,0,0,592,3/1/2024,2024,Mar
0,0,0,0,34,3/1/2024,2024,Mar
0,2569,0,0,1079,3/1/2024,2024,Mar
16,2659,0,8,1619,3/1/2024,2024,Mar
0,1457,0,0,936,3/1/2024,2024,Mar
421,2916,0,0,499,3/1/2024,2024,Mar
0,1060,0,0,118,3/1/2024,2024,Mar
9,3801,0,0,2759,3/1/2024,2024,Mar
107,3535,0,1,419,3/1/2024,2024,Mar
0,0,0,0,2,3/1/2024,2024,Mar
0,0,0,0,0,3/1/2024,2024,Mar
0,0,0,0,0,3/1/2024,2024,Mar
0,0,0,0,10,3/1/2024,2024,Mar
49,3290,0,0,2160,3/1/2024,2024,Mar
0,0,0,0,0,3/1/2024,2024,Mar
37,2704,0,146,2254,3/1/2024,2024,Mar
0,4584,19,0,1333,3/1/2024,2024,Mar
5,2394,0,0,650,3/1/2024,2024,Mar
0,0,0,0,114,3/1/2024,2024,Mar
0,0,0,0,0,3/1/2024,2024,Mar
0,0,0,1,145,3/1/2024,2024,Mar
746,2640,0,0,678,3/1/2024,2024,Mar
0,0,0,0,0,3/1/2024,2024,Mar
349,2624,0,0,794,3/1/2024,2024,Mar
0,0,0,0,0,3/1/2024,2024,Mar
491,3179,0,0,883,3/1/2024,2024,Mar
0,0,0,0,0,3/1/2024,2024,Mar
113,2519,0,0,594,3/1/2024,2024,Mar
0,0,0,0,0,3/1/2024,2024,Mar
0,0,0,0,676,3/1/2024,2024,Mar
98,3444,0,0,2060,3/1/2024,2024,Mar
8,2894,0,0,202,3/1/2024,2024,Mar
32,3791,23,0,2784,3/1/2024,2024,Mar
0,0,0,0,0,3/1/2024,2024,Mar
101,2189,0,0,406,3/1/2024,2024,Mar
161,2418,0,0,673,3/1/2024,2024,Mar
0,0,0,0,26,3/1/2024,2024,Mar
7,3109,0,0,541,3/1/2024,2024,Mar
481,6075,0,0,985,3/1/2024,2024,Mar
844,2990,0,52,2307,3/1/2024,2024,Mar
0,0,0,0,163,3/1/2024,2024,Mar
103,2161,0,0,1230,3/1/2024,2024,Mar
919,4411,0,0,1229,3/1/2024,2024,Mar
89,1436,0,0,272,3/1/2024,2024,Mar
7,3677,17,0,1578,3/1/2024,2024,Mar
2220,11156,0,0,4739,3/1/2024,2024,Mar
249,5849,10,0,1608,3/1/2024,2024,Mar
66,3058,119,92,1630,3/1/2024,2024,Mar
189,4282,1,0,2287,3/1/2024,2024,Mar
428,4342,0,8,2284,3/1/2024,2024,Mar
982,6265,3,0,3542,3/1/2024,2024,Mar
497,3073,0,45,971,3/1/2024,2024,Mar
1037,6019,0,0,2944,3/1/2024,2024,Mar
670,2693,0,0,1232,3/1/2024,2024,Mar
1142,8354,37,27,1469,3/1/2024,2024,Mar
0,0,0,0,0,3/1/2024,2024,Mar
50,3720,0,0,792,3/1/2024,2024,Mar
726,1831,0,0,231,3/1/2024,2024,Mar
44,3984,0,0,570,3/1/2024,2024,Mar
398,2217,0,0,632,3/1/2024,2024,Mar
0,0,0,0,0,3/1/2024,2024,Mar
364,1111,0,0,47,3/1/2024,2024,Mar
0,0,0,0,0,3/1/2024,2024,Mar
0,0,0,0,0,3/1/2024,2024,Mar
587,2102,0,0,1788,3/1/2024,2024,Mar
0,0,0,0,0,3/1/2024,2024,Mar
301,3843,0,0,1505,3/1/2024,2024,Mar
0,0,0,0,0,3/1/2024,2024,Mar
492,2272,0,0,833,3/1/2024,2024,Mar
247,2104,0,0,693,3/1/2024,2024,Mar
722,4553,2,0,1570,3/1/2024,2024,Mar
151,1621,0,0,581,5/1/2024,2024,May
0,1003,0,0,312,5/1/2024,2024,May
203,3201,0,0,588,5/1/2024,2024,May
0,0,0,0,0,5/1/2024,2024,May
0,0,0,0,0,5/1/2024,2024,May
0,0,0,0,0,5/1/2024,2024,May
0,0,0,0,0,5/1/2024,2024,May
734,8145,0,0,427,5/1/2024,2024,May
0,2968,0,0,550,5/1/2024,2024,May
1038,5141,0,0,1337,5/1/2024,2024,May
0,0,0,0,0,5/1/2024,2024,May
27,4730,0,0,2314,5/1/2024,2024,May
0,0,0,47,0,5/1/2024,2024,May
6,1079,0,0,212,5/1/2024,2024,May
707,2570,0,0,1638,5/1/2024,2024,May
590,2375,0,46,779,5/1/2024,2024,May
116,2479,0,63,1486,5/1/2024,2024,May
0,0,0,0,0,5/1/2024,2024,May
0,0,0,0,0,5/1/2024,2024,May
0,0,0,0,0,5/1/2024,2024,May
148,4150,821,0,1899,5/1/2024,2024,May
1,2999,0,0,313,5/1/2024,2024,May
641,2763,0,23,440,5/1/2024,2024,May
0,0,0,0,0,5/1/2024,2024,May
61,2744,0,0,327,5/1/2024,2024,May
147,2750,0,216,593,5/1/2024,2024,May
0,0,0,9,51,5/1/2024,2024,May
706,1670,0,0,1246,5/1/2024,2024,May
25,4445,0,0,788,5/1/2024,2024,May
0,0,0,13,83,5/1/2024,2024,May
607,1430,0,0,105,5/1/2024,2024,May
51,3190,0,0,459,5/1/2024,2024,May
0,0,0,0,0,5/1/2024,2024,May
0,0,0,0,0,5/1/2024,2024,May
201,3841,0,390,1237,5/1/2024,2024,May
15,1829,0,0,542,5/1/2024,2024,May
0,0,0,4,1,5/1/2024,2024,May
69,3333,0,83,260,5/1/2024,2024,May
0,0,0,0,0,5/1/2024,2024,May
332,933,0,0,197,5/1/2024,2024,May
1227,3716,0,569,1008,5/1/2024,2024,May
1200,3312,0,74,1762,5/1/2024,2024,May
0,0,0,0,0,5/1/2024,2024,May
483,6354,0,363,1025,5/1/2024,2024,May
4,3486,0,0,599,5/1/2024,2024,May
661,1845,4,0,126,5/1/2024,2024,May
0,0,0,0,0,5/1/2024,2024,May
0,0,0,0,0,5/1/2024,2024,May
227,6175,0,0,286,5/1/2024,2024,May
4,1653,0,0,53,5/1/2024,2024,May
116,1082,0,0,40,5/1/2024,2024,May
0,0,0,0,24,5/1/2024,2024,May
698,2733,0,0,1789,5/1/2024,2024,May
0,0,0,0,0,5/1/2024,2024,May
112,2486,0,0,1458,5/1/2024,2024,May
39,2152,0,0,249,5/1/2024,2024,May
34,4384,9,0,1002,5/1/2024,2024,May
0,0,0,0,0,5/1/2024,2024,May
55,1156,0,0,285,5/1/2024,2024,May
0,0,0,0,0,5/1/2024,2024,May
0,0,0,0,0,5/1/2024,2024,May
18,1787,0,0,308,5/1/2024,2024,May
360,3462,0,0,1839,5/1/2024,2024,May
0,0,0,0,0,5/1/2024,2024,May
108,4236,0,0,1229,5/1/2024,2024,May
22,1126,0,0,317,5/1/2024,2024,May
412,1661,0,0,417,5/1/2024,2024,May
0,0,0,0,0,5/1/2024,2024,May
0,2040,0,0,216,5/1/2024,2024,May
840,2513,0,0,496,5/1/2024,2024,May
486,1996,0,209,677,5/1/2024,2024,May
411,3095,0,159,1228,5/1/2024,2024,May
0,0,0,0,0,5/1/2024,2024,May
302,3900,0,0,1220,5/1/2024,2024,May
602,3997,0,0,1474,5/1/2024,2024,May
0,0,0,0,0,5/1/2024,2024,May
0,0,0,0,165,5/1/2024,2024,May
1329,5403,0,0,2573,5/1/2024,2024,May
0,0,130,0,17,5/1/2024,2024,May
0,0,0,0,0,5/1/2024,2024,May
0,0,0,0,0,5/1/2024,2024,May
432,6671,0,0,378,5/1/2024,2024,May
0,0,0,0,0,5/1/2024,2024,May
27,5193,0,0,1034,5/1/2024,2024,May
720,5602,168,165,500,5/1/2024,2024,May
0,0,0,0,0,5/1/2024,2024,May
0,0,0,0,0,5/1/2024,2024,May
588,2404,0,0,1048,5/1/2024,2024,May
0,0,0,0,0,5/1/2024,2024,May
382,7463,0,0,663,5/1/2024,2024,May
0,0,0,0,74,5/1/2024,2024,May
11,9443,0,249,1307,5/1/2024,2024,May
571,2433,0,0,1026,5/1/2024,2024,May
242,3679,0,153,932,5/1/2024,2024,May
0,2037,0,0,452,5/1/2024,2024,May
0,0,0,0,0,5/1/2024,2024,May
0,0,5,0,191,5/1/2024,2024,May
117,2726,0,0,1655,5/1/2024,2024,May
217,2862,0,0,2006,5/1/2024,2024,May
592,2460,0,0,786,5/1/2024,2024,May
884,1590,0,0,147,5/1/2024,2024,May
1,1652,0,541,2176,5/1/2024,2024,May
778,3568,0,123,1620,5/1/2024,2024,May
770,1991,0,0,1145,5/1/2024,2024,May
901,7248,0,415,1724,5/1/2024,2024,May
899,5108,0,0,404,5/1/2024,2024,May
1,4785,0,63,1519,5/1/2024,2024,May
0,0,0,0,0,5/1/2024,2024,May
450,4380,0,0,3970,5/1/2024,2024,May
0,0,0,0,0,5/1/2024,2024,May
0,0,0,0,0,5/1/2024,2024,May
0,0,0,0,0,5/1/2024,2024,May
0,0,0,0,0,5/1/2024,2024,May
1,4356,132,16,4727,5/1/2024,2024,May
0,0,0,0,0,5/1/2024,2024,May
0,0,0,0,0,5/1/2024,2024,May
10,3715,0,0,2597,5/1/2024,2024,May
0,0,0,0,0,5/1/2024,2024,May
0,0,0,0,0,5/1/2024,2024,May
0,0,0,0,0,5/1/2024,2024,May
0,0,0,5,630,5/1/2024,2024,May
0,0,0,0,0,5/1/2024,2024,May
0,0,0,0,0,5/1/2024,2024,May
0,2648,0,0,880,5/1/2024,2024,May
476,2250,0,47,1239,5/1/2024,2024,May
46,4128,0,0,2264,5/1/2024,2024,May
929,4017,0,0,551,5/1/2024,2024,May
0,0,0,0,42,5/1/2024,2024,May
7,2415,0,0,1118,5/1/2024,2024,May
4,2574,0,13,1692,5/1/2024,2024,May
5,1450,0,0,922,5/1/2024,2024,May
343,2854,0,0,411,5/1/2024,2024,May
0,941,0,0,96,5/1/2024,2024,May
8,3925,0,0,2916,5/1/2024,2024,May
77,3841,0,0,401,5/1/2024,2024,May
0,0,0,0,0,5/1/2024,2024,May
0,0,0,0,0,5/1/2024,2024,May
0,0,0,0,0,5/1/2024,2024,May
0,0,0,0,18,5/1/2024,2024,May
5,3273,0,0,2154,5/1/2024,2024,May
0,0,0,0,0,5/1/2024,2024,May
25,2757,0,114,2313,5/1/2024,2024,May
4,4614,18,0,1183,5/1/2024,2024,May
8,2267,0,0,727,5/1/2024,2024,May
0,0,0,0,135,5/1/2024,2024,May
0,0,0,0,0,5/1/2024,2024,May
0,0,0,0,136,5/1/2024,2024,May
775,2570,0,0,880,5/1/2024,2024,May
0,0,0,0,0,5/1/2024,2024,May
325,2504,0,113,832,5/1/2024,2024,May
0,0,0,0,0,5/1/2024,2024,May
556,3119,0,0,556,5/1/2024,2024,May
0,0,0,0,0,5/1/2024,2024,May
26,2595,0,0,651,5/1/2024,2024,May
0,0,0,0,0,5/1/2024,2024,May
0,0,0,0,775,5/1/2024,2024,May
238,3469,0,0,2261,5/1/2024,2024,May
13,2836,0,0,194,5/1/2024,2024,May
65,3960,22,0,3012,5/1/2024,2024,May
0,0,0,0,0,5/1/2024,2024,May
129,2166,0,0,411,5/1/2024,2024,May
97,2395,0,0,711,5/1/2024,2024,May
0,0,0,0,32,5/1/2024,2024,May
1,3195,0,0,469,5/1/2024,2024,May
225,6241,0,0,959,5/1/2024,2024,May
790,2944,0,136,2182,5/1/2024,2024,May
0,0,0,0,160,5/1/2024,2024,May
113,2194,0,0,1244,5/1/2024,2024,May
1103,4164,0,0,1260,5/1/2024,2024,May
140,1480,0,0,275,5/1/2024,2024,May
11,4059,13,0,1562,5/1/2024,2024,May
2190,10966,0,0,5888,5/1/2024,2024,May
321,5329,9,0,1484,5/1/2024,2024,May
59,3033,111,72,1751,5/1/2024,2024,May
203,4243,4,0,2585,5/1/2024,2024,May
876,4332,0,2,2683,5/1/2024,2024,May
520,6356,4,0,3505,5/1/2024,2024,May
410,3084,0,15,997,5/1/2024,2024,May
701,5701,0,0,3368,5/1/2024,2024,May
603,2960,0,0,1243,5/1/2024,2024,May
1316,8179,34,48,1554,5/1/2024,2024,May
0,0,0,0,0,5/1/2024,2024,May
50,3692,0,0,680,5/1/2024,2024,May
736,1896,0,0,219,5/1/2024,2024,May
1,4007,0,0,560,5/1/2024,2024,May
387,2121,0,0,558,5/1/2024,2024,May
0,0,0,0,0,5/1/2024,2024,May
369,1117,0,0,38,5/1/2024,2024,May
0,0,0,0,0,5/1/2024,2024,May
0,0,0,0,0,5/1/2024,2024,May
556,2199,0,0,1749,5/1/2024,2024,May
0,0,0,0,0,5/1/2024,2024,May
271,3747,0,0,1479,5/1/2024,2024,May
0,0,0,0,0,5/1/2024,2024,May
442,2196,0,0,900,5/1/2024,2024,May
318,2035,0,0,690,5/1/2024,2024,May
762,4613,6,0,1576,5/1/2024,2024,May
135,1587,0,0,556,11/1/2024,2024,Nov
0,957,0,0,340,11/1/2024,2024,Nov
329,2769,0,0,509,11/1/2024,2024,Nov
0,0,0,0,0,11/1/2024,2024,Nov
0,0,0,0,0,11/1/2024,2024,Nov
0,0,0,0,0,11/1/2024,2024,Nov
0,0,0,0,0,11/1/2024,2024,Nov
709,8036,0,0,377,11/1/2024,2024,Nov
0,2998,0,0,547,11/1/2024,2024,Nov
1064,4448,2,59,1124,11/1/2024,2024,Nov
0,0,0,0,0,11/1/2024,2024,Nov
36,5026,0,0,2040,11/1/2024,2024,Nov
0,0,0,33,0,11/1/2024,2024,Nov
52,1196,0,0,151,11/1/2024,2024,Nov
652,2527,0,0,1629,11/1/2024,2024,Nov
585,2480,0,84,796,11/1/2024,2024,Nov
116,2577,0,57,1442,11/1/2024,2024,Nov
0,0,0,0,0,11/1/2024,2024,Nov
0,0,0,0,0,11/1/2024,2024,Nov
0,0,0,0,0,11/1/2024,2024,Nov
0,0,0,0,0,11/1/2024,2024,Nov
264,3890,766,0,2024,11/1/2024,2024,Nov
16,3104,0,0,316,11/1/2024,2024,Nov
527,2741,0,32,477,11/1/2024,2024,Nov
0,0,0,0,0,11/1/2024,2024,Nov
52,2894,0,0,354,11/1/2024,2024,Nov
192,2871,0,268,581,11/1/2024,2024,Nov
0,0,0,6,66,11/1/2024,2024,Nov
700,1686,0,0,1392,11/1/2024,2024,Nov
13,4389,0,0,727,11/1/2024,2024,Nov
0,0,0,2,60,11/1/2024,2024,Nov
503,1417,0,0,114,11/1/2024,2024,Nov
276,3419,0,0,431,11/1/2024,2024,Nov
0,0,0,0,0,11/1/2024,2024,Nov
0,0,0,0,0,11/1/2024,2024,Nov
153,4164,0,484,1189,11/1/2024,2024,Nov
44,1771,0,0,524,11/1/2024,2024,Nov
0,0,0,0,1,11/1/2024,2024,Nov
86,3296,0,101,243,11/1/2024,2024,Nov
0,0,0,0,0,11/1/2024,2024,Nov
168,881,0,0,236,11/1/2024,2024,Nov
1121,3170,0,595,502,11/1/2024,2024,Nov
1164,4052,0,73,1791,11/1/2024,2024,Nov
0,0,0,0,0,11/1/2024,2024,Nov
440,6576,0,350,1006,11/1/2024,2024,Nov
42,3210,0,0,397,11/1/2024,2024,Nov
652,2072,2,0,131,11/1/2024,2024,Nov
0,0,0,0,0,11/1/2024,2024,Nov
0,0,0,0,0,11/1/2024,2024,Nov
360,6253,0,0,94,11/1/2024,2024,Nov
1,1592,0,0,54,11/1/2024,2024,Nov
141,1129,0,0,0,11/1/2024,2024,Nov
0,0,0,0,14,11/1/2024,2024,Nov
403,2716,0,0,2226,11/1/2024,2024,Nov
0,0,0,0,0,11/1/2024,2024,Nov
241,2425,0,0,1340,11/1/2024,2024,Nov
75,2255,0,0,264,11/1/2024,2024,Nov
0,0,0,0,133,11/1/2024,2024,Nov
128,4314,10,35,1213,11/1/2024,2024,Nov
0,0,0,0,0,11/1/2024,2024,Nov
96,1131,0,0,328,11/1/2024,2024,Nov
0,0,0,0,0,11/1/2024,2024,Nov
0,0,0,0,0,11/1/2024,2024,Nov
36,1823,0,0,318,11/1/2024,2024,Nov
481,3693,0,0,2205,11/1/2024,2024,Nov
0,0,0,0,0,11/1/2024,2024,Nov
312,3907,0,0,1097,11/1/2024,2024,Nov
45,1094,0,0,304,11/1/2024,2024,Nov
339,1604,0,0,450,11/1/2024,2024,Nov
0,0,0,0,0,11/1/2024,2024,Nov
0,2021,0,0,233,11/1/2024,2024,Nov
776,3897,0,0,274,11/1/2024,2024,Nov
451,2363,0,194,295,11/1/2024,2024,Nov
358,3302,0,101,1367,11/1/2024,2024,Nov
0,0,0,0,0,11/1/2024,2024,Nov
403,3769,0,0,1179,11/1/2024,2024,Nov
795,4682,0,0,1369,11/1/2024,2024,Nov
0,0,0,0,0,11/1/2024,2024,Nov
0,0,0,0,181,11/1/2024,2024,Nov
1092,4588,0,0,2398,11/1/2024,2024,Nov
0,0,96,0,19,11/1/2024,2024,Nov
0,0,0,0,0,11/1/2024,2024,Nov
0,0,0,0,0,11/1/2024,2024,Nov
557,6245,0,0,316,11/1/2024,2024,Nov
0,0,0,0,0,11/1/2024,2024,Nov
80,5106,0,0,938,11/1/2024,2024,Nov
263,5795,131,167,445,11/1/2024,2024,Nov
0,0,0,0,0,11/1/2024,2024,Nov
0,0,0,0,0,11/1/2024,2024,Nov
771,1690,0,0,602,11/1/2024,2024,Nov
0,0,0,0,0,11/1/2024,2024,Nov
381,7587,0,0,620,11/1/2024,2024,Nov
0,0,0,0,46,11/1/2024,2024,Nov
66,8908,0,202,1270,11/1/2024,2024,Nov
490,2460,0,0,1080,11/1/2024,2024,Nov
736,3492,0,153,897,11/1/2024,2024,Nov
0,2069,0,0,553,11/1/2024,2024,Nov
0,0,0,0,0,11/1/2024,2024,Nov
0,0,2,0,218,11/1/2024,2024,Nov
213,2625,0,0,1658,11/1/2024,2024,Nov
526,3000,0,0,2023,11/1/2024,2024,Nov
451,2448,0,0,844,11/1/2024,2024,Nov
874,1450,0,170,64,11/1/2024,2024,Nov
25,1715,0,491,2536,11/1/2024,2024,Nov
809,3732,0,59,1733,11/1/2024,2024,Nov
825,2161,0,0,940,11/1/2024,2024,Nov
1166,7384,0,407,2012,11/1/2024,2024,Nov
699,5656,0,0,492,11/1/2024,2024,Nov
0,4042,0,40,450,11/1/2024,2024,Nov
0,0,0,0,0,11/1/2024,2024,Nov
387,4581,0,0,4498,11/1/2024,2024,Nov
0,0,0,0,0,11/1/2024,2024,Nov
0,0,0,0,0,11/1/2024,2024,Nov
0,0,0,0,0,11/1/2024,2024,Nov
0,0,0,0,0,11/1/2024,2024,Nov
0,4782,114,14,4342,11/1/2024,2024,Nov
0,0,0,0,0,11/1/2024,2024,Nov
0,0,0,0,0,11/1/2024,2024,Nov
58,3387,0,0,2649,11/1/2024,2024,Nov
0,0,0,0,0,11/1/2024,2024,Nov
0,0,0,0,0,11/1/2024,2024,Nov
0,0,0,0,0,11/1/2024,2024,Nov
0,0,0,2,468,11/1/2024,2024,Nov
0,0,0,0,0,11/1/2024,2024,Nov
0,0,0,0,0,11/1/2024,2024,Nov
1,2477,0,0,368,11/1/2024,2024,Nov
607,2314,0,92,1310,11/1/2024,2024,Nov
87,4244,0,0,2233,11/1/2024,2024,Nov
718,3813,0,0,527,11/1/2024,2024,Nov
0,0,0,0,42,11/1/2024,2024,Nov
3,2619,0,0,1098,11/1/2024,2024,Nov
131,2484,0,7,1733,11/1/2024,2024,Nov
17,1306,0,0,1049,11/1/2024,2024,Nov
113,2638,0,0,543,11/1/2024,2024,Nov
0,1245,0,0,102,11/1/2024,2024,Nov
16,3762,0,0,3039,11/1/2024,2024,Nov
162,3804,0,1,267,11/1/2024,2024,Nov
0,0,0,0,0,11/1/2024,2024,Nov
0,0,0,0,0,11/1/2024,2024,Nov
0,0,0,0,0,11/1/2024,2024,Nov
0,0,0,0,1,11/1/2024,2024,Nov
114,3201,0,0,1790,11/1/2024,2024,Nov
0,0,0,0,0,11/1/2024,2024,Nov
17,2683,0,125,2335,11/1/2024,2024,Nov
11,4470,16,0,1443,11/1/2024,2024,Nov
39,2476,0,0,886,11/1/2024,2024,Nov
0,0,0,0,121,11/1/2024,2024,Nov
0,0,0,0,0,11/1/2024,2024,Nov
689,2709,0,0,801,11/1/2024,2024,Nov
0,0,0,0,0,11/1/2024,2024,Nov
397,2798,0,78,863,11/1/2024,2024,Nov
0,0,0,0,0,11/1/2024,2024,Nov
549,3138,0,0,914,11/1/2024,2024,Nov
0,0,0,0,1,11/1/2024,2024,Nov
541,1826,0,0,297,11/1/2024,2024,Nov
0,0,0,0,0,11/1/2024,2024,Nov
0,0,0,0,681,11/1/2024,2024,Nov
93,3750,0,0,2291,11/1/2024,2024,Nov
14,1902,0,0,134,11/1/2024,2024,Nov
32,3685,23,0,2771,11/1/2024,2024,Nov
0,0,0,0,0,11/1/2024,2024,Nov
117,1756,0,0,218,11/1/2024,2024,Nov
97,2051,0,0,300,11/1/2024,2024,Nov
0,0,0,0,27,11/1/2024,2024,Nov
16,1941,0,0,368,11/1/2024,2024,Nov
644,5839,0,0,1042,11/1/2024,2024,Nov
1562,3301,0,189,2053,11/1/2024,2024,Nov
0,0,0,0,191,11/1/2024,2024,Nov
102,2155,0,0,1229,11/1/2024,2024,Nov
874,4644,0,0,1160,11/1/2024,2024,Nov
208,1359,0,0,261,11/1/2024,2024,Nov
5,3804,9,0,1532,11/1/2024,2024,Nov
1853,10365,0,0,7065,11/1/2024,2024,Nov
530,5439,14,0,1506,11/1/2024,2024,Nov
32,1716,41,139,589,11/1/2024,2024,Nov
120,4285,4,0,2534,11/1/2024,2024,Nov
1228,3984,0,0,1937,11/1/2024,2024,Nov
1108,6523,7,0,3534,11/1/2024,2024,Nov
377,3241,0,28,1039,11/1/2024,2024,Nov
1077,5264,0,0,3097,11/1/2024,2024,Nov
604,2876,0,0,1468,11/1/2024,2024,Nov
908,8644,30,49,1416,11/1/2024,2024,Nov
0,0,0,0,0,11/1/2024,2024,Nov
133,4115,0,0,863,11/1/2024,2024,Nov
498,1855,0,0,146,11/1/2024,2024,Nov
21,4208,0,0,565,11/1/2024,2024,Nov
524,1883,0,0,335,11/1/2024,2024,Nov
0,0,0,0,0,11/1/2024,2024,Nov
233,1437,0,0,46,11/1/2024,2024,Nov
0,0,0,0,0,11/1/2024,2024,Nov
0,0,0,0,0,11/1/2024,2024,Nov
693,1549,0,0,1491,11/1/2024,2024,Nov
0,0,0,0,0,11/1/2024,2024,Nov
261,2878,0,0,760,11/1/2024,2024,Nov
0,0,0,0,0,11/1/2024,2024,Nov
474,2301,0,0,702,11/1/2024,2024,Nov
257,1466,0,0,165,11/1/2024,2024,Nov
883,4655,0,0,1651,11/1/2024,2024,Nov
212,1591,0,0,543,10/1/2024,2024,Oct
0,951,0,0,336,10/1/2024,2024,Oct
385,2878,0,0,584,10/1/2024,2024,Oct
0,0,0,0,0,10/1/2024,2024,Oct
0,0,0,0,0,10/1/2024,2024,Oct
0,0,0,0,0,10/1/2024,2024,Oct
0,0,0,0,0,10/1/2024,2024,Oct
753,8228,0,0,380,10/1/2024,2024,Oct
0,3045,0,0,559,10/1/2024,2024,Oct
1199,4595,1,48,1169,10/1/2024,2024,Oct
0,0,0,0,0,10/1/2024,2024,Oct
49,4735,0,0,2331,10/1/2024,2024,Oct
0,0,0,28,0,10/1/2024,2024,Oct
0,1122,0,0,157,10/1/2024,2024,Oct
805,2583,0,0,1587,10/1/2024,2024,Oct
675,2380,0,113,886,10/1/2024,2024,Oct
62,2692,0,39,1456,10/1/2024,2024,Oct
0,0,0,0,0,10/1/2024,2024,Oct
0,0,0,0,0,10/1/2024,2024,Oct
0,0,0,0,0,10/1/2024,2024,Oct
0,0,0,0,0,10/1/2024,2024,Oct
347,4054,805,0,2106,10/1/2024,2024,Oct
3,3198,0,0,316,10/1/2024,2024,Oct
573,2846,0,20,406,10/1/2024,2024,Oct
0,0,0,0,0,10/1/2024,2024,Oct
72,2850,0,0,397,10/1/2024,2024,Oct
213,2948,0,266,681,10/1/2024,2024,Oct
0,0,0,7,61,10/1/2024,2024,Oct
717,1730,0,0,1558,10/1/2024,2024,Oct
23,4380,0,0,776,10/1/2024,2024,Oct
0,0,0,8,85,10/1/2024,2024,Oct
692,1333,0,0,95,10/1/2024,2024,Oct
168,3152,0,0,433,10/1/2024,2024,Oct
0,0,0,0,0,10/1/2024,2024,Oct
0,0,0,0,0,10/1/2024,2024,Oct
271,4266,0,519,1213,10/1/2024,2024,Oct
41,1880,0,0,506,10/1/2024,2024,Oct
0,0,0,2,2,10/1/2024,2024,Oct
107,3491,0,76,291,10/1/2024,2024,Oct
0,0,0,0,0,10/1/2024,2024,Oct
252,918,0,0,251,10/1/2024,2024,Oct
1171,3156,0,545,540,10/1/2024,2024,Oct
1119,4103,0,69,1632,10/1/2024,2024,Oct
0,0,0,0,0,10/1/2024,2024,Oct
541,6386,0,386,1167,10/1/2024,2024,Oct
71,3450,0,0,475,10/1/2024,2024,Oct
659,1935,3,0,140,10/1/2024,2024,Oct
0,0,0,0,0,10/1/2024,2024,Oct
0,0,0,0,0,10/1/2024,2024,Oct
259,6400,0,0,108,10/1/2024,2024,Oct
3,1648,0,0,59,10/1/2024,2024,Oct
380,1151,0,0,39,10/1/2024,2024,Oct
0,0,0,0,28,10/1/2024,2024,Oct
597,2666,0,0,2307,10/1/2024,2024,Oct
0,0,0,0,0,10/1/2024,2024,Oct
268,2574,0,0,1407,10/1/2024,2024,Oct
76,2185,0,0,288,10/1/2024,2024,Oct
0,0,0,2,126,10/1/2024,2024,Oct
23,4536,6,0,1205,10/1/2024,2024,Oct
0,0,0,0,0,10/1/2024,2024,Oct
52,1145,0,0,331,10/1/2024,2024,Oct
0,0,0,0,0,10/1/2024,2024,Oct
0,0,0,0,0,10/1/2024,2024,Oct
26,1843,0,0,370,10/1/2024,2024,Oct
575,3652,0,0,2344,10/1/2024,2024,Oct
0,0,0,0,0,10/1/2024,2024,Oct
461,4108,1,0,1235,10/1/2024,2024,Oct
121,985,0,0,318,10/1/2024,2024,Oct
444,1714,0,0,509,10/1/2024,2024,Oct
0,0,0,0,0,10/1/2024,2024,Oct
0,1913,0,0,229,10/1/2024,2024,Oct
828,4072,0,0,311,10/1/2024,2024,Oct
421,2347,0,199,288,10/1/2024,2024,Oct
409,3238,0,90,1329,10/1/2024,2024,Oct
0,0,0,0,0,10/1/2024,2024,Oct
461,3899,0,0,1319,10/1/2024,2024,Oct
802,4024,0,0,1474,10/1/2024,2024,Oct
0,0,0,0,0,10/1/2024,2024,Oct
0,0,0,0,173,10/1/2024,2024,Oct
1021,5136,0,0,3252,10/1/2024,2024,Oct
0,0,113,0,8,10/1/2024,2024,Oct
0,0,0,0,0,10/1/2024,2024,Oct
0,0,0,0,0,10/1/2024,2024,Oct
674,6502,0,0,293,10/1/2024,2024,Oct
0,0,0,0,0,10/1/2024,2024,Oct
168,5145,0,0,953,10/1/2024,2024,Oct
278,5939,136,173,457,10/1/2024,2024,Oct
0,0,0,0,0,10/1/2024,2024,Oct
0,0,0,0,0,10/1/2024,2024,Oct
693,1830,0,0,622,10/1/2024,2024,Oct
0,0,0,0,0,10/1/2024,2024,Oct
393,7520,0,7,720,10/1/2024,2024,Oct
0,0,0,0,55,10/1/2024,2024,Oct
40,9034,0,228,1274,10/1/2024,2024,Oct
636,2615,0,0,1171,10/1/2024,2024,Oct
205,3833,0,166,891,10/1/2024,2024,Oct
0,2139,0,0,469,10/1/2024,2024,Oct
0,0,0,0,0,10/1/2024,2024,Oct
0,0,4,0,225,10/1/2024,2024,Oct
306,2703,0,0,1764,10/1/2024,2024,Oct
419,3223,0,0,2096,10/1/2024,2024,Oct
725,2430,0,0,776,10/1/2024,2024,Oct
848,1507,0,157,77,10/1/2024,2024,Oct
3,1760,0,543,2470,10/1/2024,2024,Oct
847,3826,0,36,1517,10/1/2024,2024,Oct
804,2053,0,0,1304,10/1/2024,2024,Oct
1316,7515,0,379,2027,10/1/2024,2024,Oct
859,5610,0,0,497,10/1/2024,2024,Oct
1,4054,0,50,457,10/1/2024,2024,Oct
0,0,0,0,0,10/1/2024,2024,Oct
481,4594,0,0,4607,10/1/2024,2024,Oct
0,0,0,0,0,10/1/2024,2024,Oct
0,0,0,0,0,10/1/2024,2024,Oct
0,0,0,0,0,10/1/2024,2024,Oct
0,0,0,0,0,10/1/2024,2024,Oct
0,4821,117,9,4774,10/1/2024,2024,Oct
0,0,0,0,0,10/1/2024,2024,Oct
0,0,0,0,0,10/1/2024,2024,Oct
131,3495,0,0,2617,10/1/2024,2024,Oct
0,0,0,0,0,10/1/2024,2024,Oct
0,0,0,0,0,10/1/2024,2024,Oct
0,0,0,0,0,10/1/2024,2024,Oct
0,0,0,6,551,10/1/2024,2024,Oct
0,0,0,0,0,10/1/2024,2024,Oct
0,0,0,0,0,10/1/2024,2024,Oct
0,2340,0,0,404,10/1/2024,2024,Oct
689,2354,0,46,1313,10/1/2024,2024,Oct
109,4090,0,0,2289,10/1/2024,2024,Oct
835,4011,0,0,597,10/1/2024,2024,Oct
0,0,0,0,41,10/1/2024,2024,Oct
30,2445,0,0,1104,10/1/2024,2024,Oct
123,2539,0,12,1668,10/1/2024,2024,Oct
3,1412,0,0,1040,10/1/2024,2024,Oct
185,2773,33,0,566,10/1/2024,2024,Oct
0,1148,0,0,143,10/1/2024,2024,Oct
18,3820,0,0,3123,10/1/2024,2024,Oct
150,3933,0,0,251,10/1/2024,2024,Oct
0,0,0,0,0,10/1/2024,2024,Oct
0,0,0,0,0,10/1/2024,2024,Oct
0,0,0,0,0,10/1/2024,2024,Oct
0,0,0,0,1,10/1/2024,2024,Oct
78,3303,0,0,2173,10/1/2024,2024,Oct
0,0,0,0,0,10/1/2024,2024,Oct
33,2977,0,131,2520,10/1/2024,2024,Oct
2,4875,11,0,1509,10/1/2024,2024,Oct
1,2487,0,0,926,10/1/2024,2024,Oct
0,0,0,0,111,10/1/2024,2024,Oct
0,0,0,0,0,10/1/2024,2024,Oct
798,2685,0,0,777,10/1/2024,2024,Oct
0,0,0,0,0,10/1/2024,2024,Oct
299,2854,0,61,879,10/1/2024,2024,Oct
0,0,0,0,0,10/1/2024,2024,Oct
582,3052,0,0,912,10/1/2024,2024,Oct
0,0,0,0,0,10/1/2024,2024,Oct
475,1905,0,0,339,10/1/2024,2024,Oct
0,0,0,0,0,10/1/2024,2024,Oct
0,0,0,0,745,10/1/2024,2024,Oct
70,3683,0,0,2575,10/1/2024,2024,Oct
13,2080,0,0,100,10/1/2024,2024,Oct
31,3487,12,0,2912,10/1/2024,2024,Oct
0,0,0,0,0,10/1/2024,2024,Oct
171,2311,0,0,398,10/1/2024,2024,Oct
95,2041,0,0,317,10/1/2024,2024,Oct
0,0,0,0,36,10/1/2024,2024,Oct
24,2005,0,0,390,10/1/2024,2024,Oct
553,5950,0,0,957,10/1/2024,2024,Oct
1060,3261,0,208,2262,10/1/2024,2024,Oct
0,0,0,0,185,10/1/2024,2024,Oct
149,2091,0,0,1249,10/1/2024,2024,Oct
1171,4476,0,0,1081,10/1/2024,2024,Oct
188,1490,0,0,291,10/1/2024,2024,Oct
16,4045,3,0,1653,10/1/2024,2024,Oct
2232,11498,0,0,7137,10/1/2024,2024,Oct
440,5485,12,0,1522,10/1/2024,2024,Oct
39,1854,33,120,586,10/1/2024,2024,Oct
214,4188,4,0,2535,10/1/2024,2024,Oct
1095,4166,0,1,2043,10/1/2024,2024,Oct
1105,6432,2,0,3643,10/1/2024,2024,Oct
387,3280,0,30,1010,10/1/2024,2024,Oct
1126,5134,0,0,3897,10/1/2024,2024,Oct
718,2947,0,0,1484,10/1/2024,2024,Oct
1413,8823,31,48,1478,10/1/2024,2024,Oct
0,0,0,0,0,10/1/2024,2024,Oct
100,4238,0,0,737,10/1/2024,2024,Oct
843,1808,0,0,175,10/1/2024,2024,Oct
27,4424,0,0,604,10/1/2024,2024,Oct
512,1885,0,0,375,10/1/2024,2024,Oct
0,0,0,0,0,10/1/2024,2024,Oct
331,1357,0,0,50,10/1/2024,2024,Oct
0,0,0,0,0,10/1/2024,2024,Oct
0,0,0,0,0,10/1/2024,2024,Oct
878,2161,0,0,1920,10/1/2024,2024,Oct
0,0,0,0,0,10/1/2024,2024,Oct
487,3335,0,0,943,10/1/2024,2024,Oct
0,0,0,0,0,10/1/2024,2024,Oct
429,2418,0,0,808,10/1/2024,2024,Oct
270,1429,0,0,152,10/1/2024,2024,Oct
785,4848,0,0,1624,10/1/2024,2024,Oct
93,1421,0,0,532,9/1/2024,2024,Sep
0,862,0,0,308,9/1/2024,2024,Sep
251,2648,0,0,620,9/1/2024,2024,Sep
0,0,0,0,0,9/1/2024,2024,Sep
0,0,0,0,0,9/1/2024,2024,Sep
0,0,0,0,0,9/1/2024,2024,Sep
0,0,0,0,0,9/1/2024,2024,Sep
618,7657,0,0,386,9/1/2024,2024,Sep
0,2862,0,0,478,9/1/2024,2024,Sep
885,4808,0,0,225,9/1/2024,2024,Sep
0,0,0,0,0,9/1/2024,2024,Sep
6,4430,0,0,2162,9/1/2024,2024,Sep
0,0,0,32,0,9/1/2024,2024,Sep
0,978,0,0,168,9/1/2024,2024,Sep
721,2461,0,0,1367,9/1/2024,2024,Sep
569,2244,0,99,749,9/1/2024,2024,Sep
55,2590,0,42,1363,9/1/2024,2024,Sep
0,0,0,0,0,9/1/2024,2024,Sep
0,0,0,0,0,9/1/2024,2024,Sep
0,0,0,0,0,9/1/2024,2024,Sep
0,0,0,0,0,9/1/2024,2024,Sep
298,4085,769,0,1755,9/1/2024,2024,Sep
4,3005,0,0,343,9/1/2024,2024,Sep
397,2733,0,23,470,9/1/2024,2024,Sep
0,0,0,0,0,9/1/2024,2024,Sep
69,2746,0,0,343,9/1/2024,2024,Sep
99,2468,0,300,568,9/1/2024,2024,Sep
0,0,0,9,57,9/1/2024,2024,Sep
648,1584,0,0,1266,9/1/2024,2024,Sep
17,4018,0,0,722,9/1/2024,2024,Sep
0,0,0,6,62,9/1/2024,2024,Sep
617,1256,0,0,110,9/1/2024,2024,Sep
229,2861,0,0,402,9/1/2024,2024,Sep
0,0,0,0,0,9/1/2024,2024,Sep
0,0,0,0,0,9/1/2024,2024,Sep
234,3875,0,394,1011,9/1/2024,2024,Sep
45,1826,0,0,460,9/1/2024,2024,Sep
0,0,0,2,2,9/1/2024,2024,Sep
16,3375,0,86,288,9/1/2024,2024,Sep
0,0,0,0,0,9/1/2024,2024,Sep
182,827,0,0,211,9/1/2024,2024,Sep
1017,2979,0,642,405,9/1/2024,2024,Sep
1146,4211,0,65,1770,9/1/2024,2024,Sep
0,0,0,0,0,9/1/2024,2024,Sep
367,6030,0,411,977,9/1/2024,2024,Sep
22,3356,0,0,444,9/1/2024,2024,Sep
596,1878,3,0,139,9/1/2024,2024,Sep
0,0,0,0,0,9/1/2024,2024,Sep
0,0,0,0,0,9/1/2024,2024,Sep
247,5936,0,0,105,9/1/2024,2024,Sep
0,1566,0,0,61,9/1/2024,2024,Sep
160,1021,0,0,15,9/1/2024,2024,Sep
0,0,0,1,16,9/1/2024,2024,Sep
407,2604,0,0,1979,9/1/2024,2024,Sep
0,0,0,0,0,9/1/2024,2024,Sep
0,2495,0,0,1312,9/1/2024,2024,Sep
87,2045,0,0,336,9/1/2024,2024,Sep
29,4231,7,0,1055,9/1/2024,2024,Sep
0,0,0,0,0,9/1/2024,2024,Sep
3,1095,0,0,278,9/1/2024,2024,Sep
0,0,0,0,0,9/1/2024,2024,Sep
0,0,0,0,0,9/1/2024,2024,Sep
17,1806,0,0,315,9/1/2024,2024,Sep
535,3321,0,0,2080,9/1/2024,2024,Sep
0,0,0,0,0,9/1/2024,2024,Sep
221,4018,4,0,1113,9/1/2024,2024,Sep
79,1071,0,0,306,9/1/2024,2024,Sep
293,1554,0,0,427,9/1/2024,2024,Sep
0,0,0,0,0,9/1/2024,2024,Sep
0,1952,0,0,206,9/1/2024,2024,Sep
647,4545,0,0,329,9/1/2024,2024,Sep
185,2009,0,147,290,9/1/2024,2024,Sep
362,2964,0,76,1183,9/1/2024,2024,Sep
0,0,0,0,0,9/1/2024,2024,Sep
188,3485,0,0,1099,9/1/2024,2024,Sep
626,3958,0,0,1406,9/1/2024,2024,Sep
0,0,0,0,0,9/1/2024,2024,Sep
0,0,0,0,179,9/1/2024,2024,Sep
810,4734,0,0,2822,9/1/2024,2024,Sep
0,0,132,0,14,9/1/2024,2024,Sep
0,0,0,0,0,9/1/2024,2024,Sep
0,0,0,0,0,9/1/2024,2024,Sep
576,6418,0,0,285,9/1/2024,2024,Sep
0,0,0,0,0,9/1/2024,2024,Sep
64,4902,0,0,893,9/1/2024,2024,Sep
179,5452,137,168,455,9/1/2024,2024,Sep
0,0,0,0,0,9/1/2024,2024,Sep
0,0,0,0,0,9/1/2024,2024,Sep
636,1745,0,0,628,9/1/2024,2024,Sep
0,0,0,0,0,9/1/2024,2024,Sep
318,6805,0,0,593,9/1/2024,2024,Sep
0,0,0,0,55,9/1/2024,2024,Sep
87,8684,0,224,1203,9/1/2024,2024,Sep
654,2229,0,0,1033,9/1/2024,2024,Sep
86,3516,0,154,840,9/1/2024,2024,Sep
0,1980,0,0,405,9/1/2024,2024,Sep
0,0,0,0,0,9/1/2024,2024,Sep
0,0,6,0,210,9/1/2024,2024,Sep
165,2659,0,0,1556,9/1/2024,2024,Sep
396,2912,0,0,1881,9/1/2024,2024,Sep
747,2313,0,0,711,9/1/2024,2024,Sep
791,1375,0,187,43,9/1/2024,2024,Sep
5,1614,0,525,2149,9/1/2024,2024,Sep
732,3535,0,34,1405,9/1/2024,2024,Sep
680,1973,0,0,1135,9/1/2024,2024,Sep
583,7063,0,358,1725,9/1/2024,2024,Sep
672,4995,0,0,412,9/1/2024,2024,Sep
0,3888,0,65,450,9/1/2024,2024,Sep
0,0,0,0,0,9/1/2024,2024,Sep
496,4485,0,0,3797,9/1/2024,2024,Sep
0,0,0,0,0,9/1/2024,2024,Sep
0,0,0,0,0,9/1/2024,2024,Sep
0,0,0,0,0,9/1/2024,2024,Sep
0,0,0,0,0,9/1/2024,2024,Sep
0,4476,127,17,4358,9/1/2024,2024,Sep
0,0,0,0,0,9/1/2024,2024,Sep
0,0,0,0,0,9/1/2024,2024,Sep
73,3297,0,0,2457,9/1/2024,2024,Sep
0,0,0,0,0,9/1/2024,2024,Sep
0,0,0,0,0,9/1/2024,2024,Sep
0,0,0,0,0,9/1/2024,2024,Sep
0,0,0,1,551,9/1/2024,2024,Sep
0,0,0,0,0,9/1/2024,2024,Sep
0,0,0,0,0,9/1/2024,2024,Sep
7,2423,0,0,373,9/1/2024,2024,Sep
605,2341,0,56,1333,9/1/2024,2024,Sep
31,3836,0,0,2141,9/1/2024,2024,Sep
647,3778,0,0,543,9/1/2024,2024,Sep
0,0,0,0,23,9/1/2024,2024,Sep
2,2356,0,0,994,9/1/2024,2024,Sep
54,2564,0,9,1448,9/1/2024,2024,Sep
8,1290,0,0,869,9/1/2024,2024,Sep
529,2628,0,0,415,9/1/2024,2024,Sep
0,1071,0,0,90,9/1/2024,2024,Sep
10,3494,0,0,2881,9/1/2024,2024,Sep
127,3772,0,0,221,9/1/2024,2024,Sep
0,0,0,0,0,9/1/2024,2024,Sep
0,0,0,0,0,9/1/2024,2024,Sep
0,0,0,0,0,9/1/2024,2024,Sep
0,0,0,0,0,9/1/2024,2024,Sep
53,2057,0,0,2955,9/1/2024,2024,Sep
0,0,0,0,0,9/1/2024,2024,Sep
2,2592,0,106,2185,9/1/2024,2024,Sep
2,4324,24,0,1216,9/1/2024,2024,Sep
10,2303,0,0,886,9/1/2024,2024,Sep
0,0,0,0,106,9/1/2024,2024,Sep
0,0,0,0,0,9/1/2024,2024,Sep
0,0,0,0,114,9/1/2024,2024,Sep
669,2710,0,0,706,9/1/2024,2024,Sep
0,0,0,0,0,9/1/2024,2024,Sep
193,2571,0,65,783,9/1/2024,2024,Sep
0,0,0,0,0,9/1/2024,2024,Sep
674,3107,0,0,839,9/1/2024,2024,Sep
0,0,0,1,0,9/1/2024,2024,Sep
286,1853,0,0,345,9/1/2024,2024,Sep
0,0,0,0,0,9/1/2024,2024,Sep
0,0,0,0,772,9/1/2024,2024,Sep
71,3484,0,0,2250,9/1/2024,2024,Sep
39,2431,0,0,125,9/1/2024,2024,Sep
6,3664,29,0,2762,9/1/2024,2024,Sep
0,0,0,0,0,9/1/2024,2024,Sep
102,2095,0,0,368,9/1/2024,2024,Sep
87,2094,0,0,225,9/1/2024,2024,Sep
0,0,0,0,20,9/1/2024,2024,Sep
6,1887,0,0,360,9/1/2024,2024,Sep
253,5775,0,0,863,9/1/2024,2024,Sep
587,3078,0,164,2030,9/1/2024,2024,Sep
82,2083,0,0,1131,9/1/2024,2024,Sep
950,4054,0,0,1048,9/1/2024,2024,Sep
85,1366,0,0,286,9/1/2024,2024,Sep
11,3629,11,0,1467,9/1/2024,2024,Sep
1995,11198,0,0,6124,9/1/2024,2024,Sep
261,5232,13,0,1366,9/1/2024,2024,Sep
18,1684,37,151,475,9/1/2024,2024,Sep
128,3915,0,0,2245,9/1/2024,2024,Sep
912,3961,0,0,1967,9/1/2024,2024,Sep
840,5964,3,0,3345,9/1/2024,2024,Sep
330,3135,0,18,881,9/1/2024,2024,Sep
546,5208,0,0,3840,9/1/2024,2024,Sep
430,2791,0,0,1289,9/1/2024,2024,Sep
1242,8274,21,39,1354,9/1/2024,2024,Sep
0,0,0,0,0,9/1/2024,2024,Sep
69,3665,0,0,668,9/1/2024,2024,Sep
616,1746,0,0,155,9/1/2024,2024,Sep
20,4144,0,0,541,9/1/2024,2024,Sep
430,1848,0,0,382,9/1/2024,2024,Sep
0,0,0,0,0,9/1/2024,2024,Sep
164,1077,0,0,32,9/1/2024,2024,Sep
0,0,0,0,0,9/1/2024,2024,Sep
0,0,0,0,0,9/1/2024,2024,Sep
899,1930,0,0,1813,9/1/2024,2024,Sep
0,0,0,0,0,9/1/2024,2024,Sep
369,3329,0,0,887,9/1/2024,2024,Sep
0,0,0,0,0,9/1/2024,2024,Sep
457,3058,0,0,793,9/1/2024,2024,Sep
284,1438,0,0,152,9/1/2024,2024,Sep
645,4299,0,0,1617,9/1/2024,2024,Sep
116,1577,0,0,474,4/1/2025,2025,Apr
0,812,0,0,288,4/1/2025,2025,Apr
183,2772,0,0,606,4/1/2025,2025,Apr
0,0,0,0,0,4/1/2025,2025,Apr
0,0,0,0,0,4/1/2025,2025,Apr
0,0,0,0,0,4/1/2025,2025,Apr
0,0,0,0,0,4/1/2025,2025,Apr
795,8133,0,0,407,4/1/2025,2025,Apr
5,2863,0,0,498,4/1/2025,2025,Apr
1148,4382,1,38,1213,4/1/2025,2025,Apr
0,0,0,0,0,4/1/2025,2025,Apr
4,4633,0,0,2022,4/1/2025,2025,Apr
0,0,0,32,0,4/1/2025,2025,Apr
1,1033,0,0,183,4/1/2025,2025,Apr
539,2721,0,0,1695,4/1/2025,2025,Apr
488,2448,0,105,921,4/1/2025,2025,Apr
71,2535,0,17,1328,4/1/2025,2025,Apr
0,0,0,0,0,4/1/2025,2025,Apr
0,0,0,0,0,4/1/2025,2025,Apr
0,0,0,0,0,4/1/2025,2025,Apr
0,0,0,0,0,4/1/2025,2025,Apr
212,3902,852,0,2161,4/1/2025,2025,Apr
24,2812,0,0,181,4/1/2025,2025,Apr
242,2766,0,33,476,4/1/2025,2025,Apr
0,0,0,0,0,4/1/2025,2025,Apr
49,2771,0,0,286,4/1/2025,2025,Apr
139,2309,0,106,294,4/1/2025,2025,Apr
0,0,0,5,79,4/1/2025,2025,Apr
709,1605,0,0,1187,4/1/2025,2025,Apr
12,4385,0,0,727,4/1/2025,2025,Apr
0,0,0,5,78,4/1/2025,2025,Apr
538,1177,0,0,109,4/1/2025,2025,Apr
525,3080,0,0,417,4/1/2025,2025,Apr
0,0,0,0,0,4/1/2025,2025,Apr
0,0,0,0,0,4/1/2025,2025,Apr
65,3965,0,466,1006,4/1/2025,2025,Apr
25,2001,0,0,497,4/1/2025,2025,Apr
0,0,0,1,4,4/1/2025,2025,Apr
116,2793,0,7,246,4/1/2025,2025,Apr
0,0,0,0,0,4/1/2025,2025,Apr
278,789,0,0,170,4/1/2025,2025,Apr
1256,2847,0,593,501,4/1/2025,2025,Apr
814,3755,0,85,1652,4/1/2025,2025,Apr
0,0,0,0,0,4/1/2025,2025,Apr
589,6146,0,418,1074,4/1/2025,2025,Apr
7,3074,0,0,499,4/1/2025,2025,Apr
700,1870,2,0,150,4/1/2025,2025,Apr
0,0,0,0,0,4/1/2025,2025,Apr
0,0,0,0,0,4/1/2025,2025,Apr
129,6093,0,0,154,4/1/2025,2025,Apr
0,1593,0,0,39,4/1/2025,2025,Apr
307,1074,0,0,0,4/1/2025,2025,Apr
0,0,0,0,26,4/1/2025,2025,Apr
461,2888,0,0,2374,4/1/2025,2025,Apr
0,0,0,0,0,4/1/2025,2025,Apr
342,2340,0,0,1317,4/1/2025,2025,Apr
64,2054,0,0,247,4/1/2025,2025,Apr
0,0,0,3,167,4/1/2025,2025,Apr
54,3993,8,49,1282,4/1/2025,2025,Apr
0,0,0,0,0,4/1/2025,2025,Apr
2,1095,0,0,264,4/1/2025,2025,Apr
0,0,0,0,0,4/1/2025,2025,Apr
0,0,0,0,0,4/1/2025,2025,Apr
24,1725,0,0,331,4/1/2025,2025,Apr
506,3636,0,0,2226,4/1/2025,2025,Apr
0,0,0,0,0,4/1/2025,2025,Apr
390,3635,1,0,1130,4/1/2025,2025,Apr
132,1349,0,0,100,4/1/2025,2025,Apr
344,1655,0,0,429,4/1/2025,2025,Apr
0,0,0,0,0,4/1/2025,2025,Apr
815,1940,0,0,237,4/1/2025,2025,Apr
583,3660,0,0,318,4/1/2025,2025,Apr
504,2136,0,258,531,4/1/2025,2025,Apr
435,2649,0,87,1264,4/1/2025,2025,Apr
0,0,0,0,0,4/1/2025,2025,Apr
275,3678,0,0,1131,4/1/2025,2025,Apr
778,4395,0,0,701,4/1/2025,2025,Apr
0,0,0,0,0,4/1/2025,2025,Apr
0,0,0,0,130,4/1/2025,2025,Apr
818,4601,0,0,2294,4/1/2025,2025,Apr
0,0,116,0,11,4/1/2025,2025,Apr
0,0,0,0,0,4/1/2025,2025,Apr
0,0,0,0,0,4/1/2025,2025,Apr
385,6511,0,0,354,4/1/2025,2025,Apr
0,0,0,0,0,4/1/2025,2025,Apr
185,4861,0,0,1007,4/1/2025,2025,Apr
101,5679,101,151,402,4/1/2025,2025,Apr
0,0,0,0,0,4/1/2025,2025,Apr
0,0,0,0,0,4/1/2025,2025,Apr
412,1884,0,0,458,4/1/2025,2025,Apr
0,0,0,0,0,4/1/2025,2025,Apr
349,7715,0,0,661,4/1/2025,2025,Apr
0,0,0,0,58,4/1/2025,2025,Apr
640,7645,0,101,1297,4/1/2025,2025,Apr
492,2047,0,0,1286,4/1/2025,2025,Apr
311,3518,0,176,773,4/1/2025,2025,Apr
0,2274,0,0,475,4/1/2025,2025,Apr
0,0,0,0,0,4/1/2025,2025,Apr
0,0,6,0,240,4/1/2025,2025,Apr
0,0,0,0,0,4/1/2025,2025,Apr
246,2516,0,0,1559,4/1/2025,2025,Apr
299,2589,0,0,2153,4/1/2025,2025,Apr
496,2279,0,0,722,4/1/2025,2025,Apr
0,0,0,0,0,4/1/2025,2025,Apr
10,1796,0,542,2270,4/1/2025,2025,Apr
767,3434,0,25,1474,4/1/2025,2025,Apr
667,2353,0,0,856,4/1/2025,2025,Apr
1222,6949,0,315,2182,4/1/2025,2025,Apr
800,4810,0,0,380,4/1/2025,2025,Apr
0,3988,0,16,438,4/1/2025,2025,Apr
0,0,0,0,0,4/1/2025,2025,Apr
581,4459,61,0,4100,4/1/2025,2025,Apr
0,0,0,0,0,4/1/2025,2025,Apr
0,0,0,0,0,4/1/2025,2025,Apr
0,0,0,0,0,4/1/2025,2025,Apr
0,0,0,0,0,4/1/2025,2025,Apr
0,4719,123,15,4345,4/1/2025,2025,Apr
0,0,0,0,0,4/1/2025,2025,Apr
0,0,0,0,0,4/1/2025,2025,Apr
503,2958,0,0,2668,4/1/2025,2025,Apr
0,0,0,0,0,4/1/2025,2025,Apr
0,0,0,0,0,4/1/2025,2025,Apr
0,0,0,0,0,4/1/2025,2025,Apr
0,0,0,3,552,4/1/2025,2025,Apr
0,0,0,0,0,4/1/2025,2025,Apr
0,0,0,0,0,4/1/2025,2025,Apr
25,2214,1,0,460,4/1/2025,2025,Apr
457,2573,0,43,1090,4/1/2025,2025,Apr
214,3610,0,0,1827,4/1/2025,2025,Apr
1792,4823,0,49,751,4/1/2025,2025,Apr
0,0,0,0,28,4/1/2025,2025,Apr
1,2469,0,0,1045,4/1/2025,2025,Apr
120,2565,0,14,1775,4/1/2025,2025,Apr
57,1263,0,0,1014,4/1/2025,2025,Apr
270,2543,0,0,520,4/1/2025,2025,Apr
0,982,0,0,91,4/1/2025,2025,Apr
4,3480,0,0,3050,4/1/2025,2025,Apr
105,3523,0,0,226,4/1/2025,2025,Apr
0,0,0,0,0,4/1/2025,2025,Apr
0,0,0,0,0,4/1/2025,2025,Apr
0,0,0,0,0,4/1/2025,2025,Apr
0,0,0,0,0,4/1/2025,2025,Apr
175,3041,0,0,1792,4/1/2025,2025,Apr
0,0,0,0,0,4/1/2025,2025,Apr
13,2656,0,124,2332,4/1/2025,2025,Apr
15,4246,14,0,1543,4/1/2025,2025,Apr
35,2205,0,0,876,4/1/2025,2025,Apr
0,0,0,0,121,4/1/2025,2025,Apr
0,0,0,0,0,4/1/2025,2025,Apr
834,2673,0,0,981,4/1/2025,2025,Apr
0,0,0,0,0,4/1/2025,2025,Apr
364,2477,0,64,746,4/1/2025,2025,Apr
0,0,0,0,0,4/1/2025,2025,Apr
609,3107,0,0,751,4/1/2025,2025,Apr
0,0,0,0,0,4/1/2025,2025,Apr
368,1553,0,0,245,4/1/2025,2025,Apr
0,0,0,0,0,4/1/2025,2025,Apr
0,0,0,0,763,4/1/2025,2025,Apr
145,3450,0,0,2477,4/1/2025,2025,Apr
78,1786,0,0,53,4/1/2025,2025,Apr
85,3648,24,0,2898,4/1/2025,2025,Apr
0,0,0,0,0,4/1/2025,2025,Apr
87,1752,0,0,296,4/1/2025,2025,Apr
111,965,0,0,146,4/1/2025,2025,Apr
0,0,0,0,22,4/1/2025,2025,Apr
3,1979,0,0,161,4/1/2025,2025,Apr
244,5725,0,0,920,4/1/2025,2025,Apr
1362,2992,0,150,1988,4/1/2025,2025,Apr
0,0,0,0,165,4/1/2025,2025,Apr
23,2284,0,0,1130,4/1/2025,2025,Apr
969,4664,0,0,1061,4/1/2025,2025,Apr
126,1377,0,0,292,4/1/2025,2025,Apr
10,3745,13,0,1578,4/1/2025,2025,Apr
2096,10574,0,0,6523,4/1/2025,2025,Apr
486,4948,11,0,1467,4/1/2025,2025,Apr
29,1447,38,34,394,4/1/2025,2025,Apr
185,4326,1,0,2373,4/1/2025,2025,Apr
386,4268,0,0,1752,4/1/2025,2025,Apr
724,6126,4,0,3304,4/1/2025,2025,Apr
443,3036,0,18,958,4/1/2025,2025,Apr
930,4940,0,0,1772,4/1/2025,2025,Apr
583,2792,0,0,1510,4/1/2025,2025,Apr
723,8483,41,78,1522,4/1/2025,2025,Apr
0,0,0,0,0,4/1/2025,2025,Apr
238,3735,0,0,732,4/1/2025,2025,Apr
663,1798,0,0,119,4/1/2025,2025,Apr
30,4306,0,0,541,4/1/2025,2025,Apr
118,1961,0,0,281,4/1/2025,2025,Apr
0,0,0,0,0,4/1/2025,2025,Apr
222,1308,0,0,44,4/1/2025,2025,Apr
0,0,0,0,0,4/1/2025,2025,Apr
783,2189,0,0,1636,4/1/2025,2025,Apr
0,0,0,0,0,4/1/2025,2025,Apr
880,2739,0,0,794,4/1/2025,2025,Apr
0,0,0,0,0,4/1/2025,2025,Apr
444,2121,0,0,568,4/1/2025,2025,Apr
277,1431,0,0,135,4/1/2025,2025,Apr
628,4621,0,0,1457,4/1/2025,2025,Apr
61,1635,0,0,467,8/1/2025,2025,Aug
0,691,0,0,246,8/1/2025,2025,Aug
118,2774,0,0,583,8/1/2025,2025,Aug
0,0,0,0,0,8/1/2025,2025,Aug
0,0,0,0,0,8/1/2025,2025,Aug
0,0,0,0,0,8/1/2025,2025,Aug
0,0,0,0,0,8/1/2025,2025,Aug
677,7895,0,0,330,8/1/2025,2025,Aug
0,3100,0,0,443,8/1/2025,2025,Aug
799,3830,3,37,1245,8/1/2025,2025,Aug
0,0,0,0,0,8/1/2025,2025,Aug
3,4552,0,0,2129,8/1/2025,2025,Aug
0,0,0,25,0,8/1/2025,2025,Aug
1,498,0,0,181,8/1/2025,2025,Aug
262,2845,0,0,1311,8/1/2025,2025,Aug
331,2407,0,95,798,8/1/2025,2025,Aug
49,2511,0,5,1230,8/1/2025,2025,Aug
0,0,0,0,0,8/1/2025,2025,Aug
0,0,0,0,0,8/1/2025,2025,Aug
0,0,0,0,0,8/1/2025,2025,Aug
0,0,0,0,0,8/1/2025,2025,Aug
261,4088,762,0,1086,8/1/2025,2025,Aug
16,2816,0,0,174,8/1/2025,2025,Aug
309,2881,0,44,486,8/1/2025,2025,Aug
0,0,0,0,0,8/1/2025,2025,Aug
39,2797,0,0,299,8/1/2025,2025,Aug
141,2191,0,97,182,8/1/2025,2025,Aug
0,0,0,0,0,8/1/2025,2025,Aug
0,0,0,11,87,8/1/2025,2025,Aug
330,1925,0,0,1092,8/1/2025,2025,Aug
9,4325,0,0,628,8/1/2025,2025,Aug
0,0,0,9,91,8/1/2025,2025,Aug
565,1189,0,0,124,8/1/2025,2025,Aug
17,3961,0,0,381,8/1/2025,2025,Aug
0,0,0,0,0,8/1/2025,2025,Aug
0,0,0,0,0,8/1/2025,2025,Aug
108,3944,0,428,833,8/1/2025,2025,Aug
44,2060,0,0,464,8/1/2025,2025,Aug
0,0,0,1,3,8/1/2025,2025,Aug
23,2424,0,1,202,8/1/2025,2025,Aug
0,0,0,0,0,8/1/2025,2025,Aug
432,743,0,0,155,8/1/2025,2025,Aug
1311,2843,0,591,403,8/1/2025,2025,Aug
925,3342,0,73,1442,8/1/2025,2025,Aug
0,0,0,0,0,8/1/2025,2025,Aug
356,6085,0,308,869,8/1/2025,2025,Aug
6,2950,0,0,484,8/1/2025,2025,Aug
642,2196,0,0,169,8/1/2025,2025,Aug
0,0,0,0,0,8/1/2025,2025,Aug
0,0,0,0,0,8/1/2025,2025,Aug
0,0,0,0,0,8/1/2025,2025,Aug
260,6338,0,0,117,8/1/2025,2025,Aug
0,1627,0,0,49,8/1/2025,2025,Aug
441,993,0,0,0,8/1/2025,2025,Aug
0,0,0,1,23,8/1/2025,2025,Aug
221,2866,0,0,2626,8/1/2025,2025,Aug
0,0,0,0,0,8/1/2025,2025,Aug
157,2640,0,0,1177,8/1/2025,2025,Aug
61,1953,0,0,238,8/1/2025,2025,Aug
0,0,0,3,110,8/1/2025,2025,Aug
11,3369,10,66,1110,8/1/2025,2025,Aug
0,0,0,0,0,8/1/2025,2025,Aug
0,1141,0,0,246,8/1/2025,2025,Aug
0,0,0,0,0,8/1/2025,2025,Aug
0,0,0,0,0,8/1/2025,2025,Aug
0,0,0,0,0,8/1/2025,2025,Aug
35,1707,0,0,312,8/1/2025,2025,Aug
337,3646,0,0,2185,8/1/2025,2025,Aug
0,0,0,0,0,8/1/2025,2025,Aug
0,3553,1,0,1013,8/1/2025,2025,Aug
100,1441,0,0,87,8/1/2025,2025,Aug
230,1527,0,0,465,8/1/2025,2025,Aug
0,0,0,0,0,8/1/2025,2025,Aug
626,1829,0,0,217,8/1/2025,2025,Aug
572,3677,0,0,288,8/1/2025,2025,Aug
222,2111,0,199,687,8/1/2025,2025,Aug
410,2871,0,116,1308,8/1/2025,2025,Aug
0,0,0,0,0,8/1/2025,2025,Aug
119,3615,0,0,1169,8/1/2025,2025,Aug
571,4036,0,0,539,8/1/2025,2025,Aug
0,0,0,0,0,8/1/2025,2025,Aug
0,0,0,0,134,8/1/2025,2025,Aug
477,5329,0,0,2101,8/1/2025,2025,Aug
0,0,108,0,14,8/1/2025,2025,Aug
0,0,0,0,0,8/1/2025,2025,Aug
0,0,0,0,0,8/1/2025,2025,Aug
517,6251,0,0,300,8/1/2025,2025,Aug
0,0,0,0,0,8/1/2025,2025,Aug
130,5635,0,0,1134,8/1/2025,2025,Aug
69,5813,138,119,431,8/1/2025,2025,Aug
0,0,0,0,0,8/1/2025,2025,Aug
0,0,0,0,0,8/1/2025,2025,Aug
696,1723,0,0,479,8/1/2025,2025,Aug
0,0,0,0,0,8/1/2025,2025,Aug
290,7471,0,0,623,8/1/2025,2025,Aug
0,0,0,0,43,8/1/2025,2025,Aug
303,8499,0,178,1254,8/1/2025,2025,Aug
378,2091,0,0,578,8/1/2025,2025,Aug
9,3513,0,166,755,8/1/2025,2025,Aug
0,2183,0,0,385,8/1/2025,2025,Aug
0,0,0,0,0,8/1/2025,2025,Aug
0,0,3,0,249,8/1/2025,2025,Aug
0,0,0,0,0,8/1/2025,2025,Aug
162,2451,0,0,1544,8/1/2025,2025,Aug
126,2283,0,0,2077,8/1/2025,2025,Aug
309,2070,0,0,332,8/1/2025,2025,Aug
0,0,0,0,0,8/1/2025,2025,Aug
6,1731,0,446,2081,8/1/2025,2025,Aug
601,3385,0,37,1094,8/1/2025,2025,Aug
667,1969,0,0,414,8/1/2025,2025,Aug
958,6934,0,380,1951,8/1/2025,2025,Aug
594,5268,0,0,402,8/1/2025,2025,Aug
0,4371,0,13,386,8/1/2025,2025,Aug
0,0,0,0,0,8/1/2025,2025,Aug
566,3707,0,864,3982,8/1/2025,2025,Aug
0,0,0,0,0,8/1/2025,2025,Aug
0,0,0,0,0,8/1/2025,2025,Aug
0,0,0,0,0,8/1/2025,2025,Aug
0,0,0,0,0,8/1/2025,2025,Aug
0,5504,105,19,3994,8/1/2025,2025,Aug
0,0,0,0,0,8/1/2025,2025,Aug
0,0,0,0,0,8/1/2025,2025,Aug
933,3084,0,0,2593,8/1/2025,2025,Aug
0,0,0,0,0,8/1/2025,2025,Aug
0,0,0,0,0,8/1/2025,2025,Aug
0,0,0,0,0,8/1/2025,2025,Aug
0,0,0,3,587,8/1/2025,2025,Aug
0,0,0,0,0,8/1/2025,2025,Aug
1,2264,0,0,304,8/1/2025,2025,Aug
303,2641,0,79,1484,8/1/2025,2025,Aug
136,3765,0,0,1722,8/1/2025,2025,Aug
1704,6860,2,85,718,8/1/2025,2025,Aug
0,0,0,0,0,8/1/2025,2025,Aug
5,2138,0,0,1118,8/1/2025,2025,Aug
81,2569,0,17,1934,8/1/2025,2025,Aug
25,1302,0,0,885,8/1/2025,2025,Aug
102,2598,0,0,423,8/1/2025,2025,Aug
0,813,0,0,76,8/1/2025,2025,Aug
11,3170,0,0,3453,8/1/2025,2025,Aug
346,3631,0,0,243,8/1/2025,2025,Aug
0,0,0,0,0,8/1/2025,2025,Aug
0,0,0,0,0,8/1/2025,2025,Aug
0,0,0,0,0,8/1/2025,2025,Aug
0,0,0,0,1,8/1/2025,2025,Aug
75,3224,0,0,1565,8/1/2025,2025,Aug
0,0,0,0,0,8/1/2025,2025,Aug
11,2272,0,307,2174,8/1/2025,2025,Aug
4,4241,20,0,1414,8/1/2025,2025,Aug
14,2042,0,0,756,8/1/2025,2025,Aug
0,0,0,0,111,8/1/2025,2025,Aug
0,0,0,0,0,8/1/2025,2025,Aug
498,2571,0,0,774,8/1/2025,2025,Aug
0,0,0,0,0,8/1/2025,2025,Aug
198,2748,0,52,735,8/1/2025,2025,Aug
0,0,0,0,0,8/1/2025,2025,Aug
538,2964,0,0,883,8/1/2025,2025,Aug
0,0,0,0,0,8/1/2025,2025,Aug
381,1634,0,0,202,8/1/2025,2025,Aug
0,0,0,0,0,8/1/2025,2025,Aug
0,0,0,0,779,8/1/2025,2025,Aug
78,3482,0,0,2503,8/1/2025,2025,Aug
8,2226,0,0,77,8/1/2025,2025,Aug
41,3484,15,0,2696,8/1/2025,2025,Aug
0,0,0,0,0,8/1/2025,2025,Aug
195,1908,0,0,237,8/1/2025,2025,Aug
124,1882,0,0,282,8/1/2025,2025,Aug
0,0,0,0,34,8/1/2025,2025,Aug
0,2110,0,0,182,8/1/2025,2025,Aug
172,5990,0,0,800,8/1/2025,2025,Aug
1300,3239,0,142,1851,8/1/2025,2025,Aug
0,0,0,0,166,8/1/2025,2025,Aug
31,2251,0,0,1115,8/1/2025,2025,Aug
0,0,0,0,0,8/1/2025,2025,Aug
1061,4719,0,0,1002,8/1/2025,2025,Aug
72,1451,0,0,241,8/1/2025,2025,Aug
14,3641,5,0,1591,8/1/2025,2025,Aug
1593,10275,0,0,6710,8/1/2025,2025,Aug
188,5027,6,0,1433,8/1/2025,2025,Aug
9,1387,35,33,293,8/1/2025,2025,Aug
57,4301,7,0,2340,8/1/2025,2025,Aug
521,3888,0,0,1965,8/1/2025,2025,Aug
964,6252,7,0,3501,8/1/2025,2025,Aug
360,3188,0,15,840,8/1/2025,2025,Aug
443,4862,0,0,1726,8/1/2025,2025,Aug
329,2876,0,0,1620,8/1/2025,2025,Aug
534,8661,34,46,1597,8/1/2025,2025,Aug
0,0,0,0,0,8/1/2025,2025,Aug
117,3528,0,0,786,8/1/2025,2025,Aug
825,1832,0,0,113,8/1/2025,2025,Aug
27,3878,0,0,541,8/1/2025,2025,Aug
199,2078,0,0,245,8/1/2025,2025,Aug
0,0,0,0,0,8/1/2025,2025,Aug
137,1255,0,0,16,8/1/2025,2025,Aug
0,0,0,0,0,8/1/2025,2025,Aug
450,2127,0,0,1596,8/1/2025,2025,Aug
0,0,0,0,0,8/1/2025,2025,Aug
846,2855,0,0,859,8/1/2025,2025,Aug
0,0,0,0,0,8/1/2025,2025,Aug
260,2532,0,0,603,8/1/2025,2025,Aug
207,1489,0,0,143,8/1/2025,2025,Aug
315,4724,0,0,1521,8/1/2025,2025,Aug
239,1637,0,0,611,12/1/2025,2025,Dec
0,970,0,0,204,12/1/2025,2025,Dec
359,3057,0,0,481,12/1/2025,2025,Dec
0,0,0,0,0,12/1/2025,2025,Dec
0,0,0,0,0,12/1/2025,2025,Dec
0,0,0,0,0,12/1/2025,2025,Dec
0,0,0,0,0,12/1/2025,2025,Dec
840,3554,0,0,1658,12/1/2025,2025,Dec
11,3239,0,0,546,12/1/2025,2025,Dec
1088,4455,1,46,1283,12/1/2025,2025,Dec
0,0,0,0,0,12/1/2025,2025,Dec
39,5538,0,0,2444,12/1/2025,2025,Dec
0,0,0,32,0,12/1/2025,2025,Dec
3,735,0,0,196,12/1/2025,2025,Dec
466,2827,0,0,1136,12/1/2025,2025,Dec
440,2695,0,82,957,12/1/2025,2025,Dec
50,2609,0,17,1410,12/1/2025,2025,Dec
0,0,0,0,0,12/1/2025,2025,Dec
0,0,0,0,0,12/1/2025,2025,Dec
0,0,0,0,0,12/1/2025,2025,Dec
0,0,0,0,0,12/1/2025,2025,Dec
204,3522,806,0,1133,12/1/2025,2025,Dec
56,3114,0,0,180,12/1/2025,2025,Dec
420,2953,0,37,449,12/1/2025,2025,Dec
0,0,0,0,0,12/1/2025,2025,Dec
51,2885,0,0,332,12/1/2025,2025,Dec
385,2089,0,31,151,12/1/2025,2025,Dec
0,0,0,0,0,12/1/2025,2025,Dec
0,0,0,11,86,12/1/2025,2025,Dec
634,1970,0,0,1297,12/1/2025,2025,Dec
30,4461,0,0,876,12/1/2025,2025,Dec
0,0,0,6,73,12/1/2025,2025,Dec
691,1201,0,0,129,12/1/2025,2025,Dec
342,3726,0,0,311,12/1/2025,2025,Dec
0,0,0,0,0,12/1/2025,2025,Dec
0,0,0,0,0,12/1/2025,2025,Dec
235,3719,0,422,1122,12/1/2025,2025,Dec
63,1967,0,0,502,12/1/2025,2025,Dec
0,0,0,2,4,12/1/2025,2025,Dec
225,2380,0,3,239,12/1/2025,2025,Dec
285,885,0,0,145,12/1/2025,2025,Dec
1276,3183,0,535,446,12/1/2025,2025,Dec
1139,4344,0,103,1826,12/1/2025,2025,Dec
0,0,0,0,0,12/1/2025,2025,Dec
433,5057,0,0,333,12/1/2025,2025,Dec
70,3301,0,0,515,12/1/2025,2025,Dec
821,2405,0,0,118,12/1/2025,2025,Dec
0,0,0,0,0,12/1/2025,2025,Dec
0,0,0,0,0,12/1/2025,2025,Dec
0,0,0,0,0,12/1/2025,2025,Dec
351,6766,0,0,145,12/1/2025,2025,Dec
2,1831,0,0,52,12/1/2025,2025,Dec
424,1167,0,0,0,12/1/2025,2025,Dec
0,0,0,1,40,12/1/2025,2025,Dec
414,2955,0,0,2700,12/1/2025,2025,Dec
0,0,0,0,0,12/1/2025,2025,Dec
209,2786,0,0,1247,12/1/2025,2025,Dec
60,2044,0,0,278,12/1/2025,2025,Dec
0,0,0,1,134,12/1/2025,2025,Dec
6,3527,17,63,1097,12/1/2025,2025,Dec
0,0,0,0,0,12/1/2025,2025,Dec
6,1226,0,0,293,12/1/2025,2025,Dec
0,0,0,0,0,12/1/2025,2025,Dec
0,0,0,0,0,12/1/2025,2025,Dec
0,0,0,0,0,12/1/2025,2025,Dec
0,0,0,0,0,12/1/2025,2025,Dec
25,1819,0,0,367,12/1/2025,2025,Dec
635,3928,0,0,2264,12/1/2025,2025,Dec
0,0,0,0,0,12/1/2025,2025,Dec
0,3624,6,0,1112,12/1/2025,2025,Dec
162,1411,0,0,233,12/1/2025,2025,Dec
362,1499,0,0,518,12/1/2025,2025,Dec
0,0,0,0,0,12/1/2025,2025,Dec
481,1936,0,0,346,12/1/2025,2025,Dec
722,3693,0,0,374,12/1/2025,2025,Dec
498,2436,0,289,640,12/1/2025,2025,Dec
446,3091,0,121,1259,12/1/2025,2025,Dec
0,0,0,0,0,12/1/2025,2025,Dec
809,3810,0,0,1271,12/1/2025,2025,Dec
674,3938,0,0,544,12/1/2025,2025,Dec
0,0,0,0,0,12/1/2025,2025,Dec
0,0,0,0,186,12/1/2025,2025,Dec
1111,4928,0,0,2317,12/1/2025,2025,Dec
0,0,106,0,22,12/1/2025,2025,Dec
0,0,0,0,0,12/1/2025,2025,Dec
0,0,0,0,0,12/1/2025,2025,Dec
673,6203,0,0,287,12/1/2025,2025,Dec
0,0,0,0,0,12/1/2025,2025,Dec
383,1767,0,0,518,12/1/2025,2025,Dec
117,6044,122,113,460,12/1/2025,2025,Dec
0,0,0,0,0,12/1/2025,2025,Dec
0,0,0,0,0,12/1/2025,2025,Dec
680,1886,0,0,496,12/1/2025,2025,Dec
0,0,0,0,0,12/1/2025,2025,Dec
497,7162,0,0,647,12/1/2025,2025,Dec
0,0,0,0,48,12/1/2025,2025,Dec
869,8686,0,96,1130,12/1/2025,2025,Dec
551,2334,0,0,752,12/1/2025,2025,Dec
315,3552,0,151,941,12/1/2025,2025,Dec
0,2229,0,0,485,12/1/2025,2025,Dec
0,0,0,0,0,12/1/2025,2025,Dec
0,0,1,0,233,12/1/2025,2025,Dec
257,2444,0,0,1459,12/1/2025,2025,Dec
430,3577,0,0,2339,12/1/2025,2025,Dec
338,2213,0,0,478,12/1/2025,2025,Dec
0,0,0,0,0,12/1/2025,2025,Dec
33,1871,0,495,2269,12/1/2025,2025,Dec
865,3999,0,40,1419,12/1/2025,2025,Dec
774,2446,0,0,556,12/1/2025,2025,Dec
1085,7873,0,435,2249,12/1/2025,2025,Dec
871,5444,0,0,394,12/1/2025,2025,Dec
0,4184,0,8,508,12/1/2025,2025,Dec
578,4034,0,948,4370,12/1/2025,2025,Dec
0,0,0,0,0,12/1/2025,2025,Dec
0,0,0,0,0,12/1/2025,2025,Dec
0,0,0,0,0,12/1/2025,2025,Dec
0,0,0,0,0,12/1/2025,2025,Dec
14,5129,107,9,4348,12/1/2025,2025,Dec
0,0,0,0,0,12/1/2025,2025,Dec
0,0,0,0,0,12/1/2025,2025,Dec
1033,3304,0,0,2429,12/1/2025,2025,Dec
0,0,0,0,0,12/1/2025,2025,Dec
0,0,0,0,0,12/1/2025,2025,Dec
0,0,0,0,0,12/1/2025,2025,Dec
0,0,0,3,503,12/1/2025,2025,Dec
0,0,0,0,0,12/1/2025,2025,Dec
12,2397,0,0,437,12/1/2025,2025,Dec
581,2520,0,50,1352,12/1/2025,2025,Dec
272,3286,0,0,1952,12/1/2025,2025,Dec
1921,6272,1,110,859,12/1/2025,2025,Dec
0,0,0,0,10,12/1/2025,2025,Dec
10,2338,0,0,1094,12/1/2025,2025,Dec
137,2905,0,10,2112,12/1/2025,2025,Dec
101,1486,0,0,980,12/1/2025,2025,Dec
422,2749,0,0,63,12/1/2025,2025,Dec
0,1149,0,0,81,12/1/2025,2025,Dec
5,3382,0,0,3666,12/1/2025,2025,Dec
642,3691,0,0,328,12/1/2025,2025,Dec
0,0,0,0,0,12/1/2025,2025,Dec
0,0,0,0,0,12/1/2025,2025,Dec
0,0,0,0,0,12/1/2025,2025,Dec
0,0,0,0,4,12/1/2025,2025,Dec
132,3077,0,0,1670,12/1/2025,2025,Dec
0,0,0,0,0,12/1/2025,2025,Dec
11,2491,0,355,2302,12/1/2025,2025,Dec
4,4709,35,0,1104,12/1/2025,2025,Dec
49,1896,0,0,560,12/1/2025,2025,Dec
0,0,0,0,125,12/1/2025,2025,Dec
0,0,0,0,0,12/1/2025,2025,Dec
457,2020,0,0,571,12/1/2025,2025,Dec
438,2723,0,70,1019,12/1/2025,2025,Dec
0,0,0,0,0,12/1/2025,2025,Dec
727,2962,0,0,889,12/1/2025,2025,Dec
0,0,0,0,0,12/1/2025,2025,Dec
718,1713,0,0,263,12/1/2025,2025,Dec
0,0,0,0,0,12/1/2025,2025,Dec
0,0,0,0,849,12/1/2025,2025,Dec
155,3672,0,0,2472,12/1/2025,2025,Dec
32,1739,0,0,75,12/1/2025,2025,Dec
65,3846,17,0,2735,12/1/2025,2025,Dec
0,0,0,0,0,12/1/2025,2025,Dec
181,1957,0,0,301,12/1/2025,2025,Dec
160,1911,0,0,419,12/1/2025,2025,Dec
0,0,0,0,42,12/1/2025,2025,Dec
22,1867,0,0,547,12/1/2025,2025,Dec
530,2751,0,32,4140,12/1/2025,2025,Dec
1429,3594,0,174,2066,12/1/2025,2025,Dec
0,0,0,0,177,12/1/2025,2025,Dec
56,2222,0,0,1147,12/1/2025,2025,Dec
0,0,0,0,0,12/1/2025,2025,Dec
1081,4996,0,0,1154,12/1/2025,2025,Dec
128,1456,0,0,276,12/1/2025,2025,Dec
11,4123,7,0,1640,12/1/2025,2025,Dec
1269,11476,0,0,6946,12/1/2025,2025,Dec
496,5082,11,0,1620,12/1/2025,2025,Dec
14,1290,41,37,283,12/1/2025,2025,Dec
395,4387,1,0,2396,12/1/2025,2025,Dec
770,4263,0,1,1985,12/1/2025,2025,Dec
520,7096,6,0,3658,12/1/2025,2025,Dec
609,3116,0,27,893,12/1/2025,2025,Dec
1035,4924,0,0,1235,12/1/2025,2025,Dec
441,3148,0,0,1819,12/1/2025,2025,Dec
718,8643,27,54,1793,12/1/2025,2025,Dec
620,4026,0,0,817,12/1/2025,2025,Dec
772,2053,0,0,157,12/1/2025,2025,Dec
27,4458,0,0,704,12/1/2025,2025,Dec
341,2021,0,0,254,12/1/2025,2025,Dec
0,0,0,0,0,12/1/2025,2025,Dec
258,1402,0,0,27,12/1/2025,2025,Dec
0,0,0,0,0,12/1/2025,2025,Dec
897,2204,0,0,1853,12/1/2025,2025,Dec
0,0,0,0,0,12/1/2025,2025,Dec
1035,3428,0,0,779,12/1/2025,2025,Dec
0,0,0,0,0,12/1/2025,2025,Dec
453,2298,0,0,408,12/1/2025,2025,Dec
202,1487,0,0,134,12/1/2025,2025,Dec
759,5070,0,0,1625,12/1/2025,2025,Dec
162,1442,0,0,488,2/1/2025,2025,Feb
0,816,0,0,272,2/1/2025,2025,Feb
289,2499,0,0,584,2/1/2025,2025,Feb
0,0,0,0,0,2/1/2025,2025,Feb
0,0,0,0,0,2/1/2025,2025,Feb
0,0,0,0,0,2/1/2025,2025,Feb
0,0,0,0,0,2/1/2025,2025,Feb
816,7312,0,0,437,2/1/2025,2025,Feb
5,2644,0,0,466,2/1/2025,2025,Feb
962,4110,0,33,1051,2/1/2025,2025,Feb
0,0,0,0,0,2/1/2025,2025,Feb
8,4304,0,0,2198,2/1/2025,2025,Feb
0,0,0,23,0,2/1/2025,2025,Feb
6,979,0,0,134,2/1/2025,2025,Feb
579,2405,0,0,1471,2/1/2025,2025,Feb
454,2256,0,124,956,2/1/2025,2025,Feb
124,2311,0,18,1393,2/1/2025,2025,Feb
0,0,0,0,0,2/1/2025,2025,Feb
0,0,0,0,0,2/1/2025,2025,Feb
0,0,0,0,0,2/1/2025,2025,Feb
0,0,0,0,0,2/1/2025,2025,Feb
348,3892,768,0,2063,2/1/2025,2025,Feb
48,2486,0,0,189,2/1/2025,2025,Feb
630,2413,0,21,432,2/1/2025,2025,Feb
0,0,0,0,0,2/1/2025,2025,Feb
43,2563,0,0,353,2/1/2025,2025,Feb
151,2491,0,208,611,2/1/2025,2025,Feb
0,0,0,7,61,2/1/2025,2025,Feb
660,1613,0,0,1171,2/1/2025,2025,Feb
16,4006,0,0,741,2/1/2025,2025,Feb
0,0,0,3,79,2/1/2025,2025,Feb
446,1139,0,0,125,2/1/2025,2025,Feb
497,3014,0,0,402,2/1/2025,2025,Feb
0,0,0,0,0,2/1/2025,2025,Feb
0,0,0,0,0,2/1/2025,2025,Feb
124,3496,0,217,1025,2/1/2025,2025,Feb
24,1548,0,0,493,2/1/2025,2025,Feb
0,0,0,5,0,2/1/2025,2025,Feb
267,2493,0,5,226,2/1/2025,2025,Feb
0,0,0,0,0,2/1/2025,2025,Feb
266,749,0,0,181,2/1/2025,2025,Feb
1177,2602,0,476,477,2/1/2025,2025,Feb
1050,3543,0,93,1588,2/1/2025,2025,Feb
0,0,0,0,0,2/1/2025,2025,Feb
778,5855,0,359,1040,2/1/2025,2025,Feb
76,2799,0,0,496,2/1/2025,2025,Feb
652,1793,4,0,123,2/1/2025,2025,Feb
0,0,0,0,0,2/1/2025,2025,Feb
0,0,0,0,0,2/1/2025,2025,Feb
472,5632,0,0,100,2/1/2025,2025,Feb
0,1453,0,0,41,2/1/2025,2025,Feb
392,982,0,0,1,2/1/2025,2025,Feb
0,0,0,0,20,2/1/2025,2025,Feb
423,2435,0,0,2179,2/1/2025,2025,Feb
0,0,0,0,0,2/1/2025,2025,Feb
378,2201,0,0,1323,2/1/2025,2025,Feb
19,1883,0,0,232,2/1/2025,2025,Feb
0,0,0,0,119,2/1/2025,2025,Feb
147,3947,10,23,1250,2/1/2025,2025,Feb
0,0,0,0,0,2/1/2025,2025,Feb
10,1026,0,0,285,2/1/2025,2025,Feb
0,0,0,0,0,2/1/2025,2025,Feb
0,0,0,0,0,2/1/2025,2025,Feb
24,1660,0,0,306,2/1/2025,2025,Feb
391,3249,0,0,2011,2/1/2025,2025,Feb
0,0,0,0,0,2/1/2025,2025,Feb
364,3265,0,0,1042,2/1/2025,2025,Feb
68,1161,0,0,103,2/1/2025,2025,Feb
450,1459,0,0,466,2/1/2025,2025,Feb
0,0,0,0,0,2/1/2025,2025,Feb
0,1724,0,0,239,2/1/2025,2025,Feb
1069,3307,0,0,329,2/1/2025,2025,Feb
446,2145,0,198,291,2/1/2025,2025,Feb
455,2100,0,84,1103,2/1/2025,2025,Feb
0,0,0,0,0,2/1/2025,2025,Feb
581,3376,0,0,1133,2/1/2025,2025,Feb
750,4406,0,0,1159,2/1/2025,2025,Feb
0,0,0,0,0,2/1/2025,2025,Feb
0,0,0,0,157,2/1/2025,2025,Feb
1016,4155,0,0,2206,2/1/2025,2025,Feb
0,0,97,0,17,2/1/2025,2025,Feb
0,0,0,0,0,2/1/2025,2025,Feb
0,0,0,0,0,2/1/2025,2025,Feb
547,5893,0,0,339,2/1/2025,2025,Feb
0,0,0,0,0,2/1/2025,2025,Feb
189,4950,0,0,914,2/1/2025,2025,Feb
211,5040,135,147,384,2/1/2025,2025,Feb
0,0,0,0,0,2/1/2025,2025,Feb
0,0,0,0,0,2/1/2025,2025,Feb
707,1577,0,0,459,2/1/2025,2025,Feb
0,0,0,0,0,2/1/2025,2025,Feb
400,7357,0,0,549,2/1/2025,2025,Feb
0,0,0,0,42,2/1/2025,2025,Feb
275,7902,0,174,1290,2/1/2025,2025,Feb
475,1995,0,0,1161,2/1/2025,2025,Feb
458,3169,0,125,792,2/1/2025,2025,Feb
0,2153,0,0,426,2/1/2025,2025,Feb
0,0,0,0,0,2/1/2025,2025,Feb
0,0,0,0,186,2/1/2025,2025,Feb
294,2292,0,0,1500,2/1/2025,2025,Feb
536,2563,0,0,2324,2/1/2025,2025,Feb
502,2205,0,0,661,2/1/2025,2025,Feb
0,0,0,0,0,2/1/2025,2025,Feb
1,1581,0,408,2085,2/1/2025,2025,Feb
792,3302,0,37,1499,2/1/2025,2025,Feb
659,2110,0,0,767,2/1/2025,2025,Feb
1005,6566,0,314,1919,2/1/2025,2025,Feb
736,5129,0,0,421,2/1/2025,2025,Feb
3,3496,0,16,315,2/1/2025,2025,Feb
0,0,0,0,0,2/1/2025,2025,Feb
509,4242,0,0,3931,2/1/2025,2025,Feb
0,0,0,0,0,2/1/2025,2025,Feb
0,0,0,0,0,2/1/2025,2025,Feb
0,0,0,0,0,2/1/2025,2025,Feb
0,0,0,0,0,2/1/2025,2025,Feb
0,3945,102,6,4035,2/1/2025,2025,Feb
0,0,0,0,0,2/1/2025,2025,Feb
0,0,0,0,0,2/1/2025,2025,Feb
346,2887,0,0,2536,2/1/2025,2025,Feb
0,0,0,0,0,2/1/2025,2025,Feb
0,0,0,0,0,2/1/2025,2025,Feb
0,0,0,0,0,2/1/2025,2025,Feb
0,0,0,3,471,2/1/2025,2025,Feb
0,0,0,0,0,2/1/2025,2025,Feb
0,0,0,0,0,2/1/2025,2025,Feb
12,2192,1,0,405,2/1/2025,2025,Feb
253,2361,0,35,1046,2/1/2025,2025,Feb
79,3104,0,0,1787,2/1/2025,2025,Feb
1691,4254,0,51,687,2/1/2025,2025,Feb
0,0,0,0,28,2/1/2025,2025,Feb
1,2342,0,0,1039,2/1/2025,2025,Feb
205,2305,0,12,1594,2/1/2025,2025,Feb
52,1202,0,0,907,2/1/2025,2025,Feb
354,2253,0,0,483,2/1/2025,2025,Feb
0,984,0,0,80,2/1/2025,2025,Feb
8,3372,0,0,2795,2/1/2025,2025,Feb
170,3531,0,0,283,2/1/2025,2025,Feb
0,0,0,0,0,2/1/2025,2025,Feb
0,0,0,0,0,2/1/2025,2025,Feb
0,0,0,0,0,2/1/2025,2025,Feb
0,0,0,0,0,2/1/2025,2025,Feb
271,2698,0,0,1604,2/1/2025,2025,Feb
0,0,0,0,0,2/1/2025,2025,Feb
11,2411,0,115,2151,2/1/2025,2025,Feb
3,3877,19,0,1332,2/1/2025,2025,Feb
36,2053,0,0,788,2/1/2025,2025,Feb
0,0,0,0,116,2/1/2025,2025,Feb
0,0,0,0,0,2/1/2025,2025,Feb
738,2380,0,0,672,2/1/2025,2025,Feb
0,0,0,0,0,2/1/2025,2025,Feb
240,2525,0,61,822,2/1/2025,2025,Feb
0,0,0,0,0,2/1/2025,2025,Feb
661,2785,0,0,874,2/1/2025,2025,Feb
0,0,0,0,0,2/1/2025,2025,Feb
327,1470,0,0,234,2/1/2025,2025,Feb
0,0,0,0,0,2/1/2025,2025,Feb
0,0,0,0,722,2/1/2025,2025,Feb
28,3464,0,0,2258,2/1/2025,2025,Feb
94,1715,0,0,51,2/1/2025,2025,Feb
35,3415,17,0,2611,2/1/2025,2025,Feb
0,0,0,0,0,2/1/2025,2025,Feb
91,1587,0,0,241,2/1/2025,2025,Feb
127,2108,0,0,367,2/1/2025,2025,Feb
0,0,0,0,27,2/1/2025,2025,Feb
55,1742,0,0,200,2/1/2025,2025,Feb
567,5182,0,0,930,2/1/2025,2025,Feb
1130,2699,0,199,2030,2/1/2025,2025,Feb
0,0,0,0,174,2/1/2025,2025,Feb
50,1931,0,0,1093,2/1/2025,2025,Feb
1070,4170,0,0,1118,2/1/2025,2025,Feb
203,1231,0,0,252,2/1/2025,2025,Feb
11,3568,17,0,1465,2/1/2025,2025,Feb
1657,9332,0,0,6424,2/1/2025,2025,Feb
664,4689,11,0,1483,2/1/2025,2025,Feb
25,1592,42,46,587,2/1/2025,2025,Feb
275,3751,1,0,2204,2/1/2025,2025,Feb
862,3737,0,1,1787,2/1/2025,2025,Feb
921,5806,2,0,3425,2/1/2025,2025,Feb
382,2905,0,18,856,2/1/2025,2025,Feb
1275,4837,0,0,2954,2/1/2025,2025,Feb
541,2599,0,0,1331,2/1/2025,2025,Feb
962,7732,26,56,1395,2/1/2025,2025,Feb
0,0,0,0,0,2/1/2025,2025,Feb
358,3483,0,0,707,2/1/2025,2025,Feb
908,1542,0,0,145,2/1/2025,2025,Feb
17,3978,0,0,571,2/1/2025,2025,Feb
489,1557,0,0,334,2/1/2025,2025,Feb
0,0,0,0,0,2/1/2025,2025,Feb
324,1055,0,0,39,2/1/2025,2025,Feb
0,0,0,0,0,2/1/2025,2025,Feb
0,0,0,0,0,2/1/2025,2025,Feb
871,1781,0,0,1567,2/1/2025,2025,Feb
0,0,0,0,0,2/1/2025,2025,Feb
669,2289,0,0,843,2/1/2025,2025,Feb
0,0,0,0,0,2/1/2025,2025,Feb
440,1981,0,0,622,2/1/2025,2025,Feb
219,1304,0,0,117,2/1/2025,2025,Feb
433,4251,0,0,1416,2/1/2025,2025,Feb
237,1554,0,0,562,1/1/2025,2025,Jan
0,860,0,0,316,1/1/2025,2025,Jan
521,2810,0,0,725,1/1/2025,2025,Jan
0,0,0,0,0,1/1/2025,2025,Jan
0,0,0,0,0,1/1/2025,2025,Jan
0,0,0,0,0,1/1/2025,2025,Jan
0,0,0,0,0,1/1/2025,2025,Jan
1064,8389,0,0,426,1/1/2025,2025,Jan
0,2894,0,0,516,1/1/2025,2025,Jan
1319,4419,2,32,1236,1/1/2025,2025,Jan
0,0,0,0,0,1/1/2025,2025,Jan
22,4816,0,0,2319,1/1/2025,2025,Jan
0,0,0,39,0,1/1/2025,2025,Jan
11,967,0,0,161,1/1/2025,2025,Jan
774,2749,0,0,1601,1/1/2025,2025,Jan
504,2424,0,128,1029,1/1/2025,2025,Jan
122,2521,0,33,1486,1/1/2025,2025,Jan
0,0,0,0,0,1/1/2025,2025,Jan
0,0,0,0,0,1/1/2025,2025,Jan
0,0,0,0,0,1/1/2025,2025,Jan
0,0,0,0,0,1/1/2025,2025,Jan
322,4204,851,0,2362,1/1/2025,2025,Jan
33,2970,0,0,219,1/1/2025,2025,Jan
646,2710,0,33,525,1/1/2025,2025,Jan
0,0,0,0,0,1/1/2025,2025,Jan
56,2841,0,0,433,1/1/2025,2025,Jan
392,2712,0,312,694,1/1/2025,2025,Jan
0,0,0,10,81,1/1/2025,2025,Jan
717,1678,0,0,1366,1/1/2025,2025,Jan
23,4334,0,0,810,1/1/2025,2025,Jan
0,0,0,4,81,1/1/2025,2025,Jan
441,1209,0,0,167,1/1/2025,2025,Jan
449,3295,0,0,438,1/1/2025,2025,Jan
0,0,0,0,0,1/1/2025,2025,Jan
0,0,0,0,0,1/1/2025,2025,Jan
255,4208,0,355,1068,1/1/2025,2025,Jan
93,1760,0,0,556,1/1/2025,2025,Jan
0,0,0,2,0,1/1/2025,2025,Jan
340,2953,0,2,178,1/1/2025,2025,Jan
0,0,0,0,0,1/1/2025,2025,Jan
451,784,0,0,208,1/1/2025,2025,Jan
1380,3056,0,562,511,1/1/2025,2025,Jan
1310,3983,0,93,1692,1/1/2025,2025,Jan
0,0,0,0,0,1/1/2025,2025,Jan
885,6166,0,413,1107,1/1/2025,2025,Jan
129,3276,0,0,485,1/1/2025,2025,Jan
739,1916,5,0,167,1/1/2025,2025,Jan
0,0,0,0,0,1/1/2025,2025,Jan
0,0,0,0,0,1/1/2025,2025,Jan
633,6324,0,0,102,1/1/2025,2025,Jan
0,1654,0,0,57,1/1/2025,2025,Jan
224,1130,0,0,0,1/1/2025,2025,Jan
0,0,0,0,21,1/1/2025,2025,Jan
569,2635,0,0,2408,1/1/2025,2025,Jan
0,0,0,0,0,1/1/2025,2025,Jan
498,2350,0,0,1424,1/1/2025,2025,Jan
71,2114,0,0,358,1/1/2025,2025,Jan
0,0,0,0,132,1/1/2025,2025,Jan
195,4013,14,39,1373,1/1/2025,2025,Jan
0,0,0,0,0,1/1/2025,2025,Jan
90,1173,0,0,289,1/1/2025,2025,Jan
0,0,0,0,0,1/1/2025,2025,Jan
0,0,0,0,0,1/1/2025,2025,Jan
24,1836,0,0,380,1/1/2025,2025,Jan
614,3502,0,0,2373,1/1/2025,2025,Jan
0,0,0,0,0,1/1/2025,2025,Jan
551,3722,1,0,1219,1/1/2025,2025,Jan
169,1275,0,0,102,1/1/2025,2025,Jan
456,1611,0,0,498,1/1/2025,2025,Jan
0,0,0,0,0,1/1/2025,2025,Jan
0,1899,0,0,327,1/1/2025,2025,Jan
1279,3632,0,0,366,1/1/2025,2025,Jan
439,2449,0,177,340,1/1/2025,2025,Jan
511,2938,0,101,1443,1/1/2025,2025,Jan
0,0,0,0,0,1/1/2025,2025,Jan
679,3763,0,0,1332,1/1/2025,2025,Jan
834,5055,0,0,1338,1/1/2025,2025,Jan
0,0,0,0,0,1/1/2025,2025,Jan
0,0,0,0,187,1/1/2025,2025,Jan
1117,4597,0,0,2238,1/1/2025,2025,Jan
0,0,89,0,17,1/1/2025,2025,Jan
0,0,0,0,0,1/1/2025,2025,Jan
0,0,0,0,0,1/1/2025,2025,Jan
738,6525,0,0,347,1/1/2025,2025,Jan
0,0,0,0,0,1/1/2025,2025,Jan
274,5178,0,0,983,1/1/2025,2025,Jan
749,5458,121,139,444,1/1/2025,2025,Jan
0,0,0,0,0,1/1/2025,2025,Jan
0,0,0,0,0,1/1/2025,2025,Jan
756,1905,0,0,523,1/1/2025,2025,Jan
0,0,0,0,0,1/1/2025,2025,Jan
482,7454,0,0,762,1/1/2025,2025,Jan
0,0,0,0,55,1/1/2025,2025,Jan
451,8794,0,198,1398,1/1/2025,2025,Jan
724,2149,0,0,1294,1/1/2025,2025,Jan
1191,3382,0,150,827,1/1/2025,2025,Jan
0,2167,0,0,464,1/1/2025,2025,Jan
0,0,0,0,0,1/1/2025,2025,Jan
0,0,1,0,220,1/1/2025,2025,Jan
379,2563,0,0,1680,1/1/2025,2025,Jan
545,2920,0,0,2321,1/1/2025,2025,Jan
657,2420,0,0,851,1/1/2025,2025,Jan
0,0,0,0,0,1/1/2025,2025,Jan
49,1690,0,509,2439,1/1/2025,2025,Jan
883,3744,0,48,1647,1/1/2025,2025,Jan
938,2282,0,0,906,1/1/2025,2025,Jan
1488,7213,0,314,2240,1/1/2025,2025,Jan
1018,5519,0,0,452,1/1/2025,2025,Jan
7,3876,0,49,395,1/1/2025,2025,Jan
0,0,0,0,0,1/1/2025,2025,Jan
779,4567,0,0,4489,1/1/2025,2025,Jan
0,0,0,0,0,1/1/2025,2025,Jan
0,0,0,0,0,1/1/2025,2025,Jan
0,0,0,0,0,1/1/2025,2025,Jan
0,0,0,0,0,1/1/2025,2025,Jan
0,4627,137,20,4564,1/1/2025,2025,Jan
0,0,0,0,0,1/1/2025,2025,Jan
0,0,0,0,0,1/1/2025,2025,Jan
349,3461,0,0,2579,1/1/2025,2025,Jan
0,0,0,0,0,1/1/2025,2025,Jan
0,0,0,0,0,1/1/2025,2025,Jan
0,0,0,0,0,1/1/2025,2025,Jan
0,0,0,3,444,1/1/2025,2025,Jan
0,0,0,0,0,1/1/2025,2025,Jan
0,0,0,0,0,1/1/2025,2025,Jan
37,2479,0,0,482,1/1/2025,2025,Jan
545,2492,0,48,1211,1/1/2025,2025,Jan
261,3644,0,0,1948,1/1/2025,2025,Jan
1939,4965,0,55,750,1/1/2025,2025,Jan
0,0,0,0,45,1/1/2025,2025,Jan
13,2451,0,0,1165,1/1/2025,2025,Jan
204,2539,0,6,1807,1/1/2025,2025,Jan
19,1312,0,0,1026,1/1/2025,2025,Jan
196,2578,0,0,507,1/1/2025,2025,Jan
0,1017,0,0,72,1/1/2025,2025,Jan
22,3721,0,0,3082,1/1/2025,2025,Jan
189,3786,0,0,256,1/1/2025,2025,Jan
0,0,0,0,0,1/1/2025,2025,Jan
0,0,0,0,0,1/1/2025,2025,Jan
0,0,0,0,0,1/1/2025,2025,Jan
0,0,0,0,0,1/1/2025,2025,Jan
329,2994,0,0,1761,1/1/2025,2025,Jan
0,0,0,0,0,1/1/2025,2025,Jan
94,2662,0,108,2405,1/1/2025,2025,Jan
55,4624,15,0,1150,1/1/2025,2025,Jan
122,2241,0,0,914,1/1/2025,2025,Jan
0,0,0,0,104,1/1/2025,2025,Jan
0,0,0,0,0,1/1/2025,2025,Jan
838,2575,0,0,806,1/1/2025,2025,Jan
0,0,0,0,0,1/1/2025,2025,Jan
500,2744,0,81,901,1/1/2025,2025,Jan
0,0,0,0,0,1/1/2025,2025,Jan
703,2940,0,0,922,1/1/2025,2025,Jan
0,0,0,0,3,1/1/2025,2025,Jan
798,1685,0,0,285,1/1/2025,2025,Jan
0,0,0,0,0,1/1/2025,2025,Jan
0,0,0,0,778,1/1/2025,2025,Jan
95,3650,0,0,2582,1/1/2025,2025,Jan
79,1815,0,0,74,1/1/2025,2025,Jan
41,3591,24,0,2909,1/1/2025,2025,Jan
0,0,0,0,0,1/1/2025,2025,Jan
190,1692,0,0,224,1/1/2025,2025,Jan
122,2035,0,0,313,1/1/2025,2025,Jan
0,0,0,0,27,1/1/2025,2025,Jan
109,1987,0,0,249,1/1/2025,2025,Jan
847,5690,0,0,940,1/1/2025,2025,Jan
1316,3068,0,178,2217,1/1/2025,2025,Jan
0,0,0,0,173,1/1/2025,2025,Jan
70,2166,0,0,1229,1/1/2025,2025,Jan
1317,4703,0,0,1153,1/1/2025,2025,Jan
244,1343,0,0,251,1/1/2025,2025,Jan
14,4061,8,0,1762,1/1/2025,2025,Jan
1847,10511,0,0,6876,1/1/2025,2025,Jan
909,5092,10,0,1747,1/1/2025,2025,Jan
30,1779,40,71,661,1/1/2025,2025,Jan
484,4019,0,0,2517,1/1/2025,2025,Jan
1028,3962,0,2,1957,1/1/2025,2025,Jan
1178,6395,5,0,3749,1/1/2025,2025,Jan
560,3200,0,30,982,1/1/2025,2025,Jan
1318,5493,0,0,3127,1/1/2025,2025,Jan
860,2776,0,0,1457,1/1/2025,2025,Jan
1176,8454,30,50,1684,1/1/2025,2025,Jan
0,0,0,0,0,1/1/2025,2025,Jan
324,3896,0,0,807,1/1/2025,2025,Jan
1131,1716,0,0,135,1/1/2025,2025,Jan
28,4215,0,0,601,1/1/2025,2025,Jan
707,1829,0,0,290,1/1/2025,2025,Jan
0,0,0,0,0,1/1/2025,2025,Jan
466,1137,0,0,48,1/1/2025,2025,Jan
0,0,0,0,0,1/1/2025,2025,Jan
0,0,0,0,0,1/1/2025,2025,Jan
976,2069,0,0,1704,1/1/2025,2025,Jan
0,0,0,0,0,1/1/2025,2025,Jan
713,2758,0,0,858,1/1/2025,2025,Jan
0,0,0,0,0,1/1/2025,2025,Jan
569,2013,0,0,833,1/1/2025,2025,Jan
323,1416,0,0,135,1/1/2025,2025,Jan
949,4477,0,0,1723,1/1/2025,2025,Jan
70,1626,0,0,452,7/1/2025,2025,Jul
0,747,0,0,293,7/1/2025,2025,Jul
133,2893,0,0,712,7/1/2025,2025,Jul
0,0,0,0,0,7/1/2025,2025,Jul
0,0,0,0,0,7/1/2025,2025,Jul
0,0,0,0,0,7/1/2025,2025,Jul
0,0,0,0,0,7/1/2025,2025,Jul
612,8402,0,0,361,7/1/2025,2025,Jul
0,3087,0,0,516,7/1/2025,2025,Jul
832,4242,0,49,1405,7/1/2025,2025,Jul
0,0,0,0,0,7/1/2025,2025,Jul
0,5008,0,0,2245,7/1/2025,2025,Jul
0,0,0,43,0,7/1/2025,2025,Jul
0,533,0,0,198,7/1/2025,2025,Jul
340,2886,0,0,1449,7/1/2025,2025,Jul
261,2607,0,127,969,7/1/2025,2025,Jul
51,2686,0,9,1309,7/1/2025,2025,Jul
0,0,0,0,0,7/1/2025,2025,Jul
0,0,0,0,0,7/1/2025,2025,Jul
0,0,0,0,0,7/1/2025,2025,Jul
0,0,0,0,0,7/1/2025,2025,Jul
309,4018,941,0,2255,7/1/2025,2025,Jul
7,2854,0,0,203,7/1/2025,2025,Jul
389,2816,0,35,539,7/1/2025,2025,Jul
0,0,0,0,0,7/1/2025,2025,Jul
65,2831,0,0,306,7/1/2025,2025,Jul
100,2293,0,123,200,7/1/2025,2025,Jul
0,0,0,0,0,7/1/2025,2025,Jul
0,0,0,20,80,7/1/2025,2025,Jul
503,1977,0,0,1228,7/1/2025,2025,Jul
13,4453,0,0,770,7/1/2025,2025,Jul
0,0,0,8,75,7/1/2025,2025,Jul
715,1214,0,0,139,7/1/2025,2025,Jul
72,4202,0,0,426,7/1/2025,2025,Jul
0,0,0,0,0,7/1/2025,2025,Jul
0,0,0,0,0,7/1/2025,2025,Jul
55,3849,0,397,960,7/1/2025,2025,Jul
38,2240,0,0,541,7/1/2025,2025,Jul
0,0,0,1,0,7/1/2025,2025,Jul
21,2750,0,3,245,7/1/2025,2025,Jul
0,0,0,0,0,7/1/2025,2025,Jul
271,743,0,0,204,7/1/2025,2025,Jul
1195,3044,0,597,490,7/1/2025,2025,Jul
708,3863,0,84,1611,7/1/2025,2025,Jul
0,0,0,0,0,7/1/2025,2025,Jul
354,6224,0,417,1031,7/1/2025,2025,Jul
5,3121,0,0,584,7/1/2025,2025,Jul
1023,2108,0,0,166,7/1/2025,2025,Jul
0,0,0,0,0,7/1/2025,2025,Jul
0,0,0,0,0,7/1/2025,2025,Jul
0,0,0,0,0,7/1/2025,2025,Jul
263,6646,0,0,152,7/1/2025,2025,Jul
1,1778,0,0,44,7/1/2025,2025,Jul
255,1071,0,0,1,7/1/2025,2025,Jul
0,0,0,0,30,7/1/2025,2025,Jul
202,2970,0,0,2705,7/1/2025,2025,Jul
0,0,0,0,0,7/1/2025,2025,Jul
148,2739,0,0,1377,7/1/2025,2025,Jul
84,2008,0,0,253,7/1/2025,2025,Jul
0,0,0,0,139,7/1/2025,2025,Jul
33,3550,10,55,1190,7/1/2025,2025,Jul
0,0,0,0,0,7/1/2025,2025,Jul
0,1180,0,0,277,7/1/2025,2025,Jul
0,0,0,0,0,7/1/2025,2025,Jul
0,0,0,0,0,7/1/2025,2025,Jul
0,0,0,0,0,7/1/2025,2025,Jul
12,1787,0,0,314,7/1/2025,2025,Jul
385,3818,0,0,2288,7/1/2025,2025,Jul
0,0,0,0,0,7/1/2025,2025,Jul
0,3850,1,0,1256,7/1/2025,2025,Jul
83,1509,0,0,87,7/1/2025,2025,Jul
209,1608,0,0,524,7/1/2025,2025,Jul
0,0,0,0,0,7/1/2025,2025,Jul
785,2018,0,0,216,7/1/2025,2025,Jul
556,3716,0,0,348,7/1/2025,2025,Jul
362,2286,0,230,616,7/1/2025,2025,Jul
423,2883,0,123,1572,7/1/2025,2025,Jul
0,0,0,0,0,7/1/2025,2025,Jul
135,3723,0,0,1187,7/1/2025,2025,Jul
628,4165,0,0,637,7/1/2025,2025,Jul
0,0,0,0,0,7/1/2025,2025,Jul
0,0,0,0,137,7/1/2025,2025,Jul
902,4989,0,0,2536,7/1/2025,2025,Jul
0,0,119,0,11,7/1/2025,2025,Jul
0,0,0,0,0,7/1/2025,2025,Jul
0,0,0,0,0,7/1/2025,2025,Jul
184,6367,0,0,179,7/1/2025,2025,Jul
0,0,0,0,0,7/1/2025,2025,Jul
62,5296,0,0,1085,7/1/2025,2025,Jul
101,6168,128,126,413,7/1/2025,2025,Jul
0,0,0,0,0,7/1/2025,2025,Jul
0,0,0,0,0,7/1/2025,2025,Jul
614,1858,0,0,477,7/1/2025,2025,Jul
0,0,0,0,0,7/1/2025,2025,Jul
187,8103,0,0,706,7/1/2025,2025,Jul
0,0,0,0,51,7/1/2025,2025,Jul
265,9072,0,192,1295,7/1/2025,2025,Jul
489,2001,0,0,767,7/1/2025,2025,Jul
11,3602,0,161,833,7/1/2025,2025,Jul
0,2349,0,0,440,7/1/2025,2025,Jul
0,0,0,0,0,7/1/2025,2025,Jul
0,0,2,0,252,7/1/2025,2025,Jul
0,0,0,0,0,7/1/2025,2025,Jul
149,2403,0,0,1639,7/1/2025,2025,Jul
220,2767,0,0,2387,7/1/2025,2025,Jul
275,2266,0,0,572,7/1/2025,2025,Jul
0,0,0,0,0,7/1/2025,2025,Jul
4,1586,0,470,2211,7/1/2025,2025,Jul
672,3592,0,38,1340,7/1/2025,2025,Jul
638,2002,0,0,426,7/1/2025,2025,Jul
933,7274,0,365,2269,7/1/2025,2025,Jul
635,5598,0,0,512,7/1/2025,2025,Jul
0,4568,0,15,516,7/1/2025,2025,Jul
0,0,0,0,0,7/1/2025,2025,Jul
467,4713,0,805,4432,7/1/2025,2025,Jul
0,0,0,0,0,7/1/2025,2025,Jul
0,0,0,0,0,7/1/2025,2025,Jul
0,0,0,0,0,7/1/2025,2025,Jul
0,0,0,0,0,7/1/2025,2025,Jul
0,5691,106,20,4450,7/1/2025,2025,Jul
0,0,0,0,0,7/1/2025,2025,Jul
0,0,0,0,0,7/1/2025,2025,Jul
979,3003,0,0,2807,7/1/2025,2025,Jul
0,0,0,0,0,7/1/2025,2025,Jul
0,0,0,0,0,7/1/2025,2025,Jul
0,0,0,0,0,7/1/2025,2025,Jul
0,0,0,4,631,7/1/2025,2025,Jul
0,0,0,0,0,7/1/2025,2025,Jul
1,2281,0,0,494,7/1/2025,2025,Jul
178,2703,0,73,1420,7/1/2025,2025,Jul
131,3815,0,0,1921,7/1/2025,2025,Jul
1638,6782,1,98,854,7/1/2025,2025,Jul
0,0,0,0,43,7/1/2025,2025,Jul
1,2218,0,0,1207,7/1/2025,2025,Jul
51,2618,0,14,2200,7/1/2025,2025,Jul
23,1359,0,0,1097,7/1/2025,2025,Jul
55,2667,0,0,466,7/1/2025,2025,Jul
0,987,0,0,66,7/1/2025,2025,Jul
11,3244,0,0,3316,7/1/2025,2025,Jul
95,3905,0,0,268,7/1/2025,2025,Jul
0,0,0,0,0,7/1/2025,2025,Jul
0,0,0,0,0,7/1/2025,2025,Jul
0,0,0,0,0,7/1/2025,2025,Jul
0,0,0,0,2,7/1/2025,2025,Jul
75,3230,0,0,1866,7/1/2025,2025,Jul
0,0,0,0,0,7/1/2025,2025,Jul
10,2606,0,117,2391,7/1/2025,2025,Jul
1,4327,20,0,1608,7/1/2025,2025,Jul
28,2102,0,0,851,7/1/2025,2025,Jul
0,0,0,0,137,7/1/2025,2025,Jul
0,0,0,0,0,7/1/2025,2025,Jul
443,2617,0,0,856,7/1/2025,2025,Jul
0,0,0,0,0,7/1/2025,2025,Jul
172,2977,0,54,830,7/1/2025,2025,Jul
0,0,0,0,0,7/1/2025,2025,Jul
626,4223,0,0,1035,7/1/2025,2025,Jul
0,0,0,0,2,7/1/2025,2025,Jul
337,1746,0,0,265,7/1/2025,2025,Jul
0,0,0,0,0,7/1/2025,2025,Jul
0,0,0,0,786,7/1/2025,2025,Jul
96,3641,0,0,2713,7/1/2025,2025,Jul
24,2373,0,0,70,7/1/2025,2025,Jul
28,3721,23,0,2910,7/1/2025,2025,Jul
0,0,0,0,0,7/1/2025,2025,Jul
142,1957,0,0,320,7/1/2025,2025,Jul
125,1905,0,0,358,7/1/2025,2025,Jul
0,0,0,0,34,7/1/2025,2025,Jul
17,2097,0,0,221,7/1/2025,2025,Jul
290,6038,0,0,818,7/1/2025,2025,Jul
1407,3177,0,147,2050,7/1/2025,2025,Jul
0,0,0,0,153,7/1/2025,2025,Jul
37,2348,0,0,1248,7/1/2025,2025,Jul
0,0,0,0,0,7/1/2025,2025,Jul
1027,4925,0,0,1137,7/1/2025,2025,Jul
49,1550,0,0,281,7/1/2025,2025,Jul
20,3757,10,0,1665,7/1/2025,2025,Jul
1376,10999,0,0,7509,7/1/2025,2025,Jul
161,5289,8,0,1595,7/1/2025,2025,Jul
17,1442,32,18,422,7/1/2025,2025,Jul
67,4258,5,0,2547,7/1/2025,2025,Jul
716,4024,0,1,2087,7/1/2025,2025,Jul
629,6637,7,0,3571,7/1/2025,2025,Jul
276,3295,0,25,1013,7/1/2025,2025,Jul
371,5230,0,0,1919,7/1/2025,2025,Jul
255,3095,0,0,1762,7/1/2025,2025,Jul
271,9309,30,51,1736,7/1/2025,2025,Jul
0,0,0,0,0,7/1/2025,2025,Jul
101,4027,0,0,747,7/1/2025,2025,Jul
600,1895,0,0,120,7/1/2025,2025,Jul
19,4399,0,0,619,7/1/2025,2025,Jul
145,2066,0,0,295,7/1/2025,2025,Jul
0,0,0,0,0,7/1/2025,2025,Jul
200,1326,0,0,37,7/1/2025,2025,Jul
0,0,0,0,0,7/1/2025,2025,Jul
710,2108,0,0,1908,7/1/2025,2025,Jul
0,0,0,0,0,7/1/2025,2025,Jul
896,2808,0,0,1017,7/1/2025,2025,Jul
0,0,0,0,0,7/1/2025,2025,Jul
394,2370,0,0,717,7/1/2025,2025,Jul
182,1496,0,0,162,7/1/2025,2025,Jul
450,5034,0,0,1650,7/1/2025,2025,Jul
99,1540,0,0,471,6/1/2025,2025,Jun
0,812,0,0,292,6/1/2025,2025,Jun
183,2807,0,0,725,6/1/2025,2025,Jun
0,0,0,0,0,6/1/2025,2025,Jun
0,0,0,0,0,6/1/2025,2025,Jun
0,0,0,0,0,6/1/2025,2025,Jun
0,0,0,0,0,6/1/2025,2025,Jun
586,7737,0,0,367,6/1/2025,2025,Jun
0,2967,0,0,486,6/1/2025,2025,Jun
960,4113,1,35,1124,6/1/2025,2025,Jun
0,0,0,0,0,6/1/2025,2025,Jun
0,4698,0,0,2321,6/1/2025,2025,Jun
0,0,0,34,0,6/1/2025,2025,Jun
2,507,0,0,219,6/1/2025,2025,Jun
310,2800,0,0,1735,6/1/2025,2025,Jun
245,2505,0,107,906,6/1/2025,2025,Jun
63,2606,0,11,1360,6/1/2025,2025,Jun
0,0,0,0,0,6/1/2025,2025,Jun
0,0,0,0,0,6/1/2025,2025,Jun
0,0,0,0,0,6/1/2025,2025,Jun
0,0,0,0,0,6/1/2025,2025,Jun
223,3965,885,0,2063,6/1/2025,2025,Jun
7,2762,0,0,200,6/1/2025,2025,Jun
236,2906,0,33,491,6/1/2025,2025,Jun
0,0,0,0,0,6/1/2025,2025,Jun
56,2717,0,0,321,6/1/2025,2025,Jun
78,2176,0,145,212,6/1/2025,2025,Jun
0,0,0,0,0,6/1/2025,2025,Jun
0,0,0,16,78,6/1/2025,2025,Jun
577,1704,0,0,1178,6/1/2025,2025,Jun
0,4339,0,0,810,6/1/2025,2025,Jun
0,0,0,11,67,6/1/2025,2025,Jun
0,1143,0,0,107,6/1/2025,2025,Jun
297,2977,0,0,401,6/1/2025,2025,Jun
0,0,0,0,0,6/1/2025,2025,Jun
0,0,0,0,0,6/1/2025,2025,Jun
80,3884,0,452,962,6/1/2025,2025,Jun
18,2051,0,0,532,6/1/2025,2025,Jun
0,0,0,0,0,6/1/2025,2025,Jun
23,2818,0,4,243,6/1/2025,2025,Jun
0,0,0,0,0,6/1/2025,2025,Jun
259,983,0,0,185,6/1/2025,2025,Jun
1150,2935,0,588,464,6/1/2025,2025,Jun
957,3826,0,100,1601,6/1/2025,2025,Jun
0,0,0,0,0,6/1/2025,2025,Jun
452,6014,0,396,1041,6/1/2025,2025,Jun
31,3052,0,0,507,6/1/2025,2025,Jun
994,2266,0,0,115,6/1/2025,2025,Jun
0,0,0,0,0,6/1/2025,2025,Jun
0,0,0,0,0,6/1/2025,2025,Jun
0,0,0,0,0,6/1/2025,2025,Jun
414,6109,0,0,134,6/1/2025,2025,Jun
2,1661,0,0,54,6/1/2025,2025,Jun
484,1028,0,0,0,6/1/2025,2025,Jun
0,0,0,0,29,6/1/2025,2025,Jun
223,2873,0,0,2539,6/1/2025,2025,Jun
0,0,0,0,0,6/1/2025,2025,Jun
164,2535,0,0,1238,6/1/2025,2025,Jun
68,1956,0,0,232,6/1/2025,2025,Jun
0,0,0,4,120,6/1/2025,2025,Jun
23,3879,8,65,1416,6/1/2025,2025,Jun
0,0,0,0,0,6/1/2025,2025,Jun
5,1187,0,0,292,6/1/2025,2025,Jun
0,0,0,0,0,6/1/2025,2025,Jun
0,0,0,0,0,6/1/2025,2025,Jun
23,1794,0,0,369,6/1/2025,2025,Jun
408,3672,0,0,2386,6/1/2025,2025,Jun
0,0,0,0,0,6/1/2025,2025,Jun
0,3740,2,0,1094,6/1/2025,2025,Jun
181,1389,0,0,66,6/1/2025,2025,Jun
202,1528,0,0,499,6/1/2025,2025,Jun
0,0,0,0,0,6/1/2025,2025,Jun
556,1936,0,0,244,6/1/2025,2025,Jun
931,3508,0,0,294,6/1/2025,2025,Jun
221,2281,0,266,640,6/1/2025,2025,Jun
476,2852,0,115,1525,6/1/2025,2025,Jun
0,0,0,0,0,6/1/2025,2025,Jun
208,3616,0,0,1184,6/1/2025,2025,Jun
712,3967,0,0,524,6/1/2025,2025,Jun
0,0,0,0,0,6/1/2025,2025,Jun
0,0,0,0,127,6/1/2025,2025,Jun
870,4531,0,0,2338,6/1/2025,2025,Jun
0,0,116,0,10,6/1/2025,2025,Jun
0,0,0,0,0,6/1/2025,2025,Jun
0,0,0,0,0,6/1/2025,2025,Jun
196,6484,0,0,318,6/1/2025,2025,Jun
0,0,0,0,0,6/1/2025,2025,Jun
172,5521,0,0,1028,6/1/2025,2025,Jun
108,5660,135,150,456,6/1/2025,2025,Jun
0,0,0,0,0,6/1/2025,2025,Jun
0,0,0,0,0,6/1/2025,2025,Jun
454,1806,0,0,475,6/1/2025,2025,Jun
0,0,0,0,0,6/1/2025,2025,Jun
264,7553,0,0,748,6/1/2025,2025,Jun
0,0,0,0,41,6/1/2025,2025,Jun
165,8598,0,173,1339,6/1/2025,2025,Jun
427,2053,0,0,922,6/1/2025,2025,Jun
49,3535,0,179,821,6/1/2025,2025,Jun
0,2112,0,0,383,6/1/2025,2025,Jun
0,0,0,0,0,6/1/2025,2025,Jun
0,0,1,0,245,6/1/2025,2025,Jun
0,0,0,0,0,6/1/2025,2025,Jun
248,2403,0,0,1566,6/1/2025,2025,Jun
263,2520,0,0,2113,6/1/2025,2025,Jun
403,2412,0,0,809,6/1/2025,2025,Jun
0,0,0,0,0,6/1/2025,2025,Jun
11,1617,0,404,2189,6/1/2025,2025,Jun
519,3491,0,31,1417,6/1/2025,2025,Jun
697,2211,0,0,762,6/1/2025,2025,Jun
1179,6916,0,390,2091,6/1/2025,2025,Jun
761,5402,0,0,446,6/1/2025,2025,Jun
0,4250,0,11,456,6/1/2025,2025,Jun
0,0,0,0,0,6/1/2025,2025,Jun
518,4219,0,478,4027,6/1/2025,2025,Jun
0,0,0,0,0,6/1/2025,2025,Jun
0,0,0,0,0,6/1/2025,2025,Jun
0,0,0,0,0,6/1/2025,2025,Jun
0,0,0,0,0,6/1/2025,2025,Jun
0,5313,92,21,4257,6/1/2025,2025,Jun
0,0,0,0,0,6/1/2025,2025,Jun
0,0,0,0,0,6/1/2025,2025,Jun
838,2911,0,0,2657,6/1/2025,2025,Jun
0,0,0,0,0,6/1/2025,2025,Jun
0,0,0,0,0,6/1/2025,2025,Jun
0,0,0,0,0,6/1/2025,2025,Jun
0,0,0,5,562,6/1/2025,2025,Jun
0,0,0,0,0,6/1/2025,2025,Jun
0,0,0,0,0,6/1/2025,2025,Jun
5,2242,0,0,431,6/1/2025,2025,Jun
429,2637,0,62,1007,6/1/2025,2025,Jun
90,3769,0,0,1740,6/1/2025,2025,Jun
1691,6243,2,106,730,6/1/2025,2025,Jun
0,0,0,0,37,6/1/2025,2025,Jun
5,2491,0,0,1035,6/1/2025,2025,Jun
25,2525,0,9,1958,6/1/2025,2025,Jun
31,1205,0,0,1005,6/1/2025,2025,Jun
87,2623,0,0,500,6/1/2025,2025,Jun
0,953,0,0,66,6/1/2025,2025,Jun
4,3426,0,0,3071,6/1/2025,2025,Jun
43,3631,0,0,252,6/1/2025,2025,Jun
0,0,0,0,0,6/1/2025,2025,Jun
0,0,0,0,0,6/1/2025,2025,Jun
0,0,0,0,0,6/1/2025,2025,Jun
0,0,0,0,5,6/1/2025,2025,Jun
66,3193,0,0,1676,6/1/2025,2025,Jun
0,0,0,0,0,6/1/2025,2025,Jun
6,2560,0,115,2453,6/1/2025,2025,Jun
2,4313,14,0,1492,6/1/2025,2025,Jun
11,2083,0,0,893,6/1/2025,2025,Jun
0,0,0,0,108,6/1/2025,2025,Jun
0,0,0,0,0,6/1/2025,2025,Jun
694,2744,0,0,811,6/1/2025,2025,Jun
0,0,0,0,0,6/1/2025,2025,Jun
95,2861,0,59,788,6/1/2025,2025,Jun
0,0,0,0,0,6/1/2025,2025,Jun
587,3043,0,0,886,6/1/2025,2025,Jun
0,0,0,0,0,6/1/2025,2025,Jun
705,1690,0,0,148,6/1/2025,2025,Jun
0,0,0,0,0,6/1/2025,2025,Jun
0,0,0,0,784,6/1/2025,2025,Jun
78,3450,0,0,2858,6/1/2025,2025,Jun
33,2228,0,0,77,6/1/2025,2025,Jun
48,3521,21,0,2799,6/1/2025,2025,Jun
0,0,0,0,0,6/1/2025,2025,Jun
99,1903,0,0,278,6/1/2025,2025,Jun
95,1816,0,0,327,6/1/2025,2025,Jun
0,0,0,0,15,6/1/2025,2025,Jun
1,2073,0,0,207,6/1/2025,2025,Jun
212,5965,0,0,820,6/1/2025,2025,Jun
1334,3125,0,141,1963,6/1/2025,2025,Jun
0,0,0,0,174,6/1/2025,2025,Jun
70,2175,0,0,1147,6/1/2025,2025,Jun
0,0,0,0,0,6/1/2025,2025,Jun
1077,4596,0,0,1133,6/1/2025,2025,Jun
55,1460,0,0,257,6/1/2025,2025,Jun
9,3618,15,0,1551,6/1/2025,2025,Jun
1892,9933,0,0,7067,6/1/2025,2025,Jun
137,5237,9,0,1466,6/1/2025,2025,Jun
14,1479,42,31,329,6/1/2025,2025,Jun
80,4087,3,0,2474,6/1/2025,2025,Jun
709,3973,0,0,1913,6/1/2025,2025,Jun
569,6443,5,0,3325,6/1/2025,2025,Jun
264,3162,0,19,941,6/1/2025,2025,Jun
942,4921,0,0,1901,6/1/2025,2025,Jun
658,2761,0,0,1712,6/1/2025,2025,Jun
514,8745,38,97,1542,6/1/2025,2025,Jun
0,0,0,0,0,6/1/2025,2025,Jun
55,3809,0,0,742,6/1/2025,2025,Jun
854,1645,0,0,131,6/1/2025,2025,Jun
21,4276,0,0,587,6/1/2025,2025,Jun
240,2005,0,0,280,6/1/2025,2025,Jun
0,0,0,0,0,6/1/2025,2025,Jun
140,1304,0,0,27,6/1/2025,2025,Jun
0,0,0,0,0,6/1/2025,2025,Jun
816,1964,0,0,1763,6/1/2025,2025,Jun
0,0,0,0,0,6/1/2025,2025,Jun
795,2799,0,0,809,6/1/2025,2025,Jun
0,0,0,0,0,6/1/2025,2025,Jun
356,2087,0,0,665,6/1/2025,2025,Jun
234,1372,0,0,174,6/1/2025,2025,Jun
377,4825,0,0,1665,6/1/2025,2025,Jun
223,1521,0,0,521,3/1/2025,2025,Mar
0,831,0,0,297,3/1/2025,2025,Mar
231,2884,0,0,678,3/1/2025,2025,Mar
0,0,0,0,0,3/1/2025,2025,Mar
0,0,0,0,0,3/1/2025,2025,Mar
0,0,0,0,0,3/1/2025,2025,Mar
0,0,0,0,0,3/1/2025,2025,Mar
928,8016,0,0,415,3/1/2025,2025,Mar
0,3249,0,0,530,3/1/2025,2025,Mar
990,4556,0,46,1117,3/1/2025,2025,Mar
0,0,0,0,0,3/1/2025,2025,Mar
9,4678,0,0,2325,3/1/2025,2025,Mar
0,0,0,19,0,3/1/2025,2025,Mar
7,1091,0,0,151,3/1/2025,2025,Mar
549,2743,0,0,1747,3/1/2025,2025,Mar
272,2574,0,116,1023,3/1/2025,2025,Mar
97,2612,0,35,1429,3/1/2025,2025,Mar
0,0,0,0,0,3/1/2025,2025,Mar
0,0,0,0,0,3/1/2025,2025,Mar
0,0,0,0,0,3/1/2025,2025,Mar
0,0,0,0,0,3/1/2025,2025,Mar
260,4044,677,0,2216,3/1/2025,2025,Mar
20,2750,0,0,209,3/1/2025,2025,Mar
417,2764,0,35,436,3/1/2025,2025,Mar
0,0,0,0,0,3/1/2025,2025,Mar
55,2869,0,0,307,3/1/2025,2025,Mar
167,2725,0,289,696,3/1/2025,2025,Mar
0,0,0,16,74,3/1/2025,2025,Mar
650,1598,0,0,1288,3/1/2025,2025,Mar
13,4479,0,0,783,3/1/2025,2025,Mar
0,0,0,3,71,3/1/2025,2025,Mar
701,1214,0,0,118,3/1/2025,2025,Mar
407,3244,0,0,458,3/1/2025,2025,Mar
0,0,0,0,0,3/1/2025,2025,Mar
0,0,0,0,0,3/1/2025,2025,Mar
118,3831,0,429,1055,3/1/2025,2025,Mar
66,1881,0,0,610,3/1/2025,2025,Mar
0,0,0,1,0,3/1/2025,2025,Mar
170,2849,0,3,228,3/1/2025,2025,Mar
0,0,0,0,0,3/1/2025,2025,Mar
470,754,0,0,205,3/1/2025,2025,Mar
1326,2819,0,528,549,3/1/2025,2025,Mar
1105,3876,0,101,1664,3/1/2025,2025,Mar
0,0,0,0,0,3/1/2025,2025,Mar
733,6306,0,386,1212,3/1/2025,2025,Mar
92,3004,0,0,501,3/1/2025,2025,Mar
706,1911,3,0,188,3/1/2025,2025,Mar
0,0,0,0,0,3/1/2025,2025,Mar
0,0,0,0,0,3/1/2025,2025,Mar
437,6243,0,0,120,3/1/2025,2025,Mar
2,1598,0,0,52,3/1/2025,2025,Mar
338,1093,0,0,1,3/1/2025,2025,Mar
0,0,0,0,32,3/1/2025,2025,Mar
459,2713,0,0,2398,3/1/2025,2025,Mar
0,0,0,0,0,3/1/2025,2025,Mar
323,2450,0,0,1391,3/1/2025,2025,Mar
71,2054,0,0,220,3/1/2025,2025,Mar
0,0,0,0,140,3/1/2025,2025,Mar
52,4215,9,36,1388,3/1/2025,2025,Mar
0,0,0,0,0,3/1/2025,2025,Mar
23,1150,0,0,315,3/1/2025,2025,Mar
0,0,0,0,0,3/1/2025,2025,Mar
0,0,0,0,0,3/1/2025,2025,Mar
22,1842,0,0,349,3/1/2025,2025,Mar
536,3486,0,0,2346,3/1/2025,2025,Mar
0,0,0,0,0,3/1/2025,2025,Mar
387,3707,1,0,1110,3/1/2025,2025,Mar
186,1287,0,0,88,3/1/2025,2025,Mar
457,1676,0,0,504,3/1/2025,2025,Mar
0,0,0,0,0,3/1/2025,2025,Mar
891,1799,0,0,294,3/1/2025,2025,Mar
926,3585,0,0,366,3/1/2025,2025,Mar
406,2435,0,278,322,3/1/2025,2025,Mar
418,2420,0,92,1119,3/1/2025,2025,Mar
0,0,0,0,0,3/1/2025,2025,Mar
299,3721,0,0,1180,3/1/2025,2025,Mar
854,5027,0,0,1262,3/1/2025,2025,Mar
0,0,0,0,0,3/1/2025,2025,Mar
0,0,0,0,170,3/1/2025,2025,Mar
982,4562,0,0,2461,3/1/2025,2025,Mar
0,0,118,0,14,3/1/2025,2025,Mar
0,0,0,0,0,3/1/2025,2025,Mar
0,0,0,0,0,3/1/2025,2025,Mar
367,6751,0,0,336,3/1/2025,2025,Mar
0,0,0,0,0,3/1/2025,2025,Mar
25,5241,0,0,979,3/1/2025,2025,Mar
101,5886,148,165,429,3/1/2025,2025,Mar
0,0,0,0,0,3/1/2025,2025,Mar
0,0,0,0,0,3/1/2025,2025,Mar
688,1903,0,0,493,3/1/2025,2025,Mar
0,0,0,0,0,3/1/2025,2025,Mar
363,8282,0,0,679,3/1/2025,2025,Mar
0,0,0,0,44,3/1/2025,2025,Mar
627,8531,0,174,1285,3/1/2025,2025,Mar
541,2236,0,0,1348,3/1/2025,2025,Mar
277,3671,0,179,909,3/1/2025,2025,Mar
0,2260,0,0,446,3/1/2025,2025,Mar
0,0,0,0,0,3/1/2025,2025,Mar
0,0,6,0,202,3/1/2025,2025,Mar
0,0,0,0,0,3/1/2025,2025,Mar
255,2482,0,0,1599,3/1/2025,2025,Mar
407,2661,0,0,2225,3/1/2025,2025,Mar
482,2440,0,0,735,3/1/2025,2025,Mar
0,0,0,0,0,3/1/2025,2025,Mar
8,1715,0,566,2543,3/1/2025,2025,Mar
889,3714,0,32,1592,3/1/2025,2025,Mar
674,2348,0,0,891,3/1/2025,2025,Mar
1306,7203,0,298,2067,3/1/2025,2025,Mar
653,5717,0,0,498,3/1/2025,2025,Mar
0,4278,0,18,473,3/1/2025,2025,Mar
0,0,0,0,0,3/1/2025,2025,Mar
533,4380,184,0,4583,3/1/2025,2025,Mar
0,0,0,0,0,3/1/2025,2025,Mar
0,0,0,0,0,3/1/2025,2025,Mar
0,0,0,0,0,3/1/2025,2025,Mar
0,0,0,0,0,3/1/2025,2025,Mar
3,4670,109,10,4539,3/1/2025,2025,Mar
0,0,0,0,0,3/1/2025,2025,Mar
0,0,0,0,0,3/1/2025,2025,Mar
348,3172,0,0,2611,3/1/2025,2025,Mar
0,0,0,0,0,3/1/2025,2025,Mar
0,0,0,0,0,3/1/2025,2025,Mar
0,0,0,0,0,3/1/2025,2025,Mar
0,0,0,3,493,3/1/2025,2025,Mar
0,0,0,0,0,3/1/2025,2025,Mar
0,0,0,0,0,3/1/2025,2025,Mar
33,2255,2,0,423,3/1/2025,2025,Mar
423,2613,0,51,1130,3/1/2025,2025,Mar
215,3437,0,0,1943,3/1/2025,2025,Mar
1838,4698,0,51,779,3/1/2025,2025,Mar
0,0,0,0,27,3/1/2025,2025,Mar
2,2583,0,0,1108,3/1/2025,2025,Mar
163,2580,0,3,1844,3/1/2025,2025,Mar
43,1242,0,0,1090,3/1/2025,2025,Mar
231,2710,0,0,543,3/1/2025,2025,Mar
0,1106,0,0,75,3/1/2025,2025,Mar
5,3814,0,0,3186,3/1/2025,2025,Mar
63,3904,0,2,303,3/1/2025,2025,Mar
0,0,0,0,0,3/1/2025,2025,Mar
0,0,0,0,0,3/1/2025,2025,Mar
0,0,0,0,0,3/1/2025,2025,Mar
0,0,0,0,0,3/1/2025,2025,Mar
86,3118,0,0,1840,3/1/2025,2025,Mar
0,0,0,0,0,3/1/2025,2025,Mar
7,2678,0,127,2448,3/1/2025,2025,Mar
2,4487,12,0,1547,3/1/2025,2025,Mar
47,2303,0,0,877,3/1/2025,2025,Mar
0,0,0,0,131,3/1/2025,2025,Mar
0,0,0,0,0,3/1/2025,2025,Mar
780,2738,0,0,793,3/1/2025,2025,Mar
0,0,0,0,0,3/1/2025,2025,Mar
292,2843,0,82,956,3/1/2025,2025,Mar
0,0,0,0,0,3/1/2025,2025,Mar
688,3223,0,0,923,3/1/2025,2025,Mar
0,0,0,0,0,3/1/2025,2025,Mar
146,1654,0,0,253,3/1/2025,2025,Mar
0,0,0,0,0,3/1/2025,2025,Mar
0,0,0,0,821,3/1/2025,2025,Mar
112,3716,0,0,2467,3/1/2025,2025,Mar
69,1883,0,0,57,3/1/2025,2025,Mar
37,3769,22,0,2861,3/1/2025,2025,Mar
0,0,0,0,0,3/1/2025,2025,Mar
89,1795,0,0,277,3/1/2025,2025,Mar
128,1909,0,0,373,3/1/2025,2025,Mar
0,0,0,0,0,3/1/2025,2025,Mar
35,1982,0,0,218,3/1/2025,2025,Mar
472,5766,0,0,1046,3/1/2025,2025,Mar
1390,3147,0,220,2165,3/1/2025,2025,Mar
0,0,0,0,182,3/1/2025,2025,Mar
45,2305,0,0,1183,3/1/2025,2025,Mar
573,4894,0,0,1137,3/1/2025,2025,Mar
80,1443,0,0,276,3/1/2025,2025,Mar
10,3886,9,0,1645,3/1/2025,2025,Mar
1690,10425,0,0,7034,3/1/2025,2025,Mar
534,5388,5,0,1558,3/1/2025,2025,Mar
14,1598,31,55,638,3/1/2025,2025,Mar
288,4209,4,0,2508,3/1/2025,2025,Mar
704,4191,0,3,1939,3/1/2025,2025,Mar
901,6467,3,0,3646,3/1/2025,2025,Mar
544,3127,0,28,1062,3/1/2025,2025,Mar
851,5761,0,0,2936,3/1/2025,2025,Mar
735,2827,0,0,1502,3/1/2025,2025,Mar
912,8684,23,89,1565,3/1/2025,2025,Mar
0,0,0,0,0,3/1/2025,2025,Mar
312,3856,0,0,817,3/1/2025,2025,Mar
680,1807,0,0,131,3/1/2025,2025,Mar
28,4279,0,0,619,3/1/2025,2025,Mar
69,2117,0,0,300,3/1/2025,2025,Mar
0,0,0,0,0,3/1/2025,2025,Mar
71,1364,0,0,39,3/1/2025,2025,Mar
0,0,0,0,0,3/1/2025,2025,Mar
893,2155,0,0,1605,3/1/2025,2025,Mar
0,0,0,0,0,3/1/2025,2025,Mar
731,2693,0,0,861,3/1/2025,2025,Mar
0,0,0,0,0,3/1/2025,2025,Mar
475,2391,0,0,661,3/1/2025,2025,Mar
293,1461,0,0,151,3/1/2025,2025,Mar
539,4796,0,0,1599,3/1/2025,2025,Mar
47,1592,0,0,468,5/1/2025,2025,May
0,1002,0,0,299,5/1/2025,2025,May
145,3022,0,0,662,5/1/2025,2025,May
0,0,0,0,0,5/1/2025,2025,May
0,0,0,0,0,5/1/2025,2025,May
0,0,0,0,0,5/1/2025,2025,May
0,0,0,0,0,5/1/2025,2025,May
642,8247,0,0,370,5/1/2025,2025,May
0,3072,0,0,465,5/1/2025,2025,May
988,4380,0,56,1226,5/1/2025,2025,May
0,0,0,0,0,5/1/2025,2025,May
5,4772,0,0,2379,5/1/2025,2025,May
0,0,0,40,0,5/1/2025,2025,May
5,719,0,0,349,5/1/2025,2025,May
367,2825,0,0,1772,5/1/2025,2025,May
196,2521,0,151,921,5/1/2025,2025,May
49,2605,0,15,1434,5/1/2025,2025,May
0,0,0,0,0,5/1/2025,2025,May
0,0,0,0,0,5/1/2025,2025,May
0,0,0,0,0,5/1/2025,2025,May
0,0,0,0,0,5/1/2025,2025,May
252,4052,929,0,2189,5/1/2025,2025,May
5,2811,0,0,203,5/1/2025,2025,May
207,2926,0,32,466,5/1/2025,2025,May
0,0,0,0,0,5/1/2025,2025,May
55,2849,0,0,317,5/1/2025,2025,May
95,2296,0,176,331,5/1/2025,2025,May
0,0,0,0,0,5/1/2025,2025,May
0,0,0,11,81,5/1/2025,2025,May
751,1743,0,0,1216,5/1/2025,2025,May
13,4487,0,0,710,5/1/2025,2025,May
0,0,0,4,83,5/1/2025,2025,May
873,1189,0,0,131,5/1/2025,2025,May
579,3129,0,0,427,5/1/2025,2025,May
0,0,0,0,0,5/1/2025,2025,May
0,0,0,0,0,5/1/2025,2025,May
113,3975,0,420,997,5/1/2025,2025,May
23,1951,0,0,482,5/1/2025,2025,May
0,0,0,1,3,5/1/2025,2025,May
132,2828,0,8,216,5/1/2025,2025,May
0,0,0,0,0,5/1/2025,2025,May
148,932,0,0,191,5/1/2025,2025,May
1210,2957,0,594,517,5/1/2025,2025,May
1119,3950,0,78,1544,5/1/2025,2025,May
0,0,0,0,0,5/1/2025,2025,May
470,6163,0,369,1042,5/1/2025,2025,May
20,3122,0,0,539,5/1/2025,2025,May
975,2332,0,0,182,5/1/2025,2025,May
0,0,0,0,0,5/1/2025,2025,May
0,0,0,0,0,5/1/2025,2025,May
0,0,0,0,0,5/1/2025,2025,May
323,6204,0,0,153,5/1/2025,2025,May
1,1686,0,0,50,5/1/2025,2025,May
284,1113,0,0,0,5/1/2025,2025,May
0,0,0,0,21,5/1/2025,2025,May
395,2937,0,0,2659,5/1/2025,2025,May
0,0,0,0,0,5/1/2025,2025,May
355,2506,0,0,1266,5/1/2025,2025,May
69,2074,0,0,188,5/1/2025,2025,May
0,0,0,1,141,5/1/2025,2025,May
40,4005,9,40,1481,5/1/2025,2025,May
0,0,0,0,0,5/1/2025,2025,May
15,1107,0,0,302,5/1/2025,2025,May
0,0,0,0,0,5/1/2025,2025,May
0,0,0,0,0,5/1/2025,2025,May
26,1764,0,0,313,5/1/2025,2025,May
467,3684,0,0,2249,5/1/2025,2025,May
0,0,0,0,0,5/1/2025,2025,May
366,3806,0,0,1154,5/1/2025,2025,May
96,1379,0,0,71,5/1/2025,2025,May
205,1665,0,0,536,5/1/2025,2025,May
0,0,0,0,0,5/1/2025,2025,May
788,2031,0,0,261,5/1/2025,2025,May
833,3668,0,0,346,5/1/2025,2025,May
261,2331,0,225,650,5/1/2025,2025,May
476,3015,0,112,1460,5/1/2025,2025,May
0,0,0,0,0,5/1/2025,2025,May
331,3729,0,0,1139,5/1/2025,2025,May
726,4331,0,0,614,5/1/2025,2025,May
0,0,0,0,0,5/1/2025,2025,May
0,0,0,0,172,5/1/2025,2025,May
852,4853,0,0,2207,5/1/2025,2025,May
0,0,103,0,17,5/1/2025,2025,May
0,0,0,0,0,5/1/2025,2025,May
0,0,0,0,0,5/1/2025,2025,May
403,6445,0,0,212,5/1/2025,2025,May
0,0,0,0,0,5/1/2025,2025,May
111,5136,0,0,1002,5/1/2025,2025,May
106,5790,129,153,450,5/1/2025,2025,May
0,0,0,0,0,5/1/2025,2025,May
533,1844,0,0,477,5/1/2025,2025,May
0,0,0,0,0,5/1/2025,2025,May
366,7747,0,0,706,5/1/2025,2025,May
0,0,0,0,40,5/1/2025,2025,May
378,8299,0,135,1349,5/1/2025,2025,May
645,2110,0,0,1192,5/1/2025,2025,May
175,3679,0,171,848,5/1/2025,2025,May
0,2273,0,0,417,5/1/2025,2025,May
0,0,0,0,0,5/1/2025,2025,May
0,0,1,0,276,5/1/2025,2025,May
0,0,0,0,0,5/1/2025,2025,May
198,2585,0,0,1565,5/1/2025,2025,May
366,2654,0,0,2200,5/1/2025,2025,May
426,2176,0,0,748,5/1/2025,2025,May
0,0,0,0,0,5/1/2025,2025,May
1,1643,0,476,2373,5/1/2025,2025,May
838,3520,0,45,1344,5/1/2025,2025,May
622,2353,0,0,888,5/1/2025,2025,May
1113,7169,0,368,2221,5/1/2025,2025,May
796,5481,0,0,490,5/1/2025,2025,May
0,4100,0,14,443,5/1/2025,2025,May
0,0,0,0,0,5/1/2025,2025,May
460,4186,0,715,4283,5/1/2025,2025,May
0,0,0,0,0,5/1/2025,2025,May
0,0,0,0,0,5/1/2025,2025,May
0,0,0,0,0,5/1/2025,2025,May
0,0,0,0,0,5/1/2025,2025,May
0,4672,115,19,4270,5/1/2025,2025,May
0,0,0,0,0,5/1/2025,2025,May
0,0,0,0,0,5/1/2025,2025,May
373,3046,0,0,2567,5/1/2025,2025,May
0,0,0,0,0,5/1/2025,2025,May
0,0,0,0,0,5/1/2025,2025,May
0,0,0,0,0,5/1/2025,2025,May
0,0,0,11,591,5/1/2025,2025,May
0,0,0,0,0,5/1/2025,2025,May
0,0,0,0,0,5/1/2025,2025,May
31,2196,0,0,358,5/1/2025,2025,May
487,2719,0,55,1068,5/1/2025,2025,May
170,3702,0,0,1756,5/1/2025,2025,May
1606,5344,1,69,758,5/1/2025,2025,May
0,0,1,2,31,5/1/2025,2025,May
12,2498,0,0,1017,5/1/2025,2025,May
83,2696,0,18,1879,5/1/2025,2025,May
53,1356,0,0,970,5/1/2025,2025,May
145,2680,0,0,532,5/1/2025,2025,May
0,1007,0,0,80,5/1/2025,2025,May
9,3567,0,0,3036,5/1/2025,2025,May
73,3657,0,0,241,5/1/2025,2025,May
0,0,0,0,0,5/1/2025,2025,May
0,0,0,0,0,5/1/2025,2025,May
0,0,0,0,0,5/1/2025,2025,May
0,0,0,0,2,5/1/2025,2025,May
139,3173,0,0,1522,5/1/2025,2025,May
0,0,0,0,0,5/1/2025,2025,May
6,2651,0,111,2348,5/1/2025,2025,May
12,4357,17,0,1468,5/1/2025,2025,May
76,2276,0,0,866,5/1/2025,2025,May
0,0,0,0,127,5/1/2025,2025,May
0,0,0,0,0,5/1/2025,2025,May
836,2732,0,0,802,5/1/2025,2025,May
0,0,0,0,0,5/1/2025,2025,May
316,2693,0,55,845,5/1/2025,2025,May
0,0,0,0,0,5/1/2025,2025,May
661,3039,0,0,946,5/1/2025,2025,May
0,0,0,0,0,5/1/2025,2025,May
650,1592,0,0,275,5/1/2025,2025,May
0,0,0,0,0,5/1/2025,2025,May
0,0,0,0,836,5/1/2025,2025,May
144,3450,0,0,2858,5/1/2025,2025,May
58,2043,0,0,56,5/1/2025,2025,May
26,3731,23,0,2834,5/1/2025,2025,May
0,0,0,0,0,5/1/2025,2025,May
125,1867,0,0,275,5/1/2025,2025,May
90,1934,0,0,305,5/1/2025,2025,May
0,0,0,0,38,5/1/2025,2025,May
1,2085,0,0,254,5/1/2025,2025,May
383,5887,0,0,836,5/1/2025,2025,May
1379,3189,0,156,1997,5/1/2025,2025,May
0,0,0,0,188,5/1/2025,2025,May
65,2274,0,0,1204,5/1/2025,2025,May
0,0,0,0,0,5/1/2025,2025,May
942,4758,0,0,1106,5/1/2025,2025,May
141,1432,0,0,270,5/1/2025,2025,May
15,3878,15,0,1523,5/1/2025,2025,May
1863,10220,0,0,7048,5/1/2025,2025,May
252,5203,8,0,1430,5/1/2025,2025,May
31,1568,45,34,351,5/1/2025,2025,May
127,4319,3,0,2459,5/1/2025,2025,May
850,4266,0,2,1873,5/1/2025,2025,May
609,6579,3,0,3631,5/1/2025,2025,May
280,3194,0,19,967,5/1/2025,2025,May
857,4960,0,0,1851,5/1/2025,2025,May
526,2899,0,0,1635,5/1/2025,2025,May
588,9033,38,99,1559,5/1/2025,2025,May
0,0,0,0,0,5/1/2025,2025,May
105,3787,0,0,725,5/1/2025,2025,May
760,1802,0,0,128,5/1/2025,2025,May
30,4420,0,0,551,5/1/2025,2025,May
102,2153,0,0,304,5/1/2025,2025,May
0,0,0,0,0,5/1/2025,2025,May
167,1353,0,0,54,5/1/2025,2025,May
0,0,0,0,0,5/1/2025,2025,May
827,2068,0,0,1673,5/1/2025,2025,May
0,0,0,0,0,5/1/2025,2025,May
819,2752,0,0,913,5/1/2025,2025,May
0,0,0,0,0,5/1/2025,2025,May
367,2293,0,0,616,5/1/2025,2025,May
249,1452,0,0,157,5/1/2025,2025,May
445,4997,0,0,1556,5/1/2025,2025,May
223,1509,0,0,618,11/1/2025,2025,Nov
0,976,0,0,219,11/1/2025,2025,Nov
325,3065,0,0,557,11/1/2025,2025,Nov
0,0,0,0,0,11/1/2025,2025,Nov
0,0,0,0,0,11/1/2025,2025,Nov
0,0,0,0,0,11/1/2025,2025,Nov
0,0,0,0,0,11/1/2025,2025,Nov
829,4009,0,0,1889,11/1/2025,2025,Nov
4,3236,0,0,591,11/1/2025,2025,Nov
1000,4331,0,41,1271,11/1/2025,2025,Nov
0,0,0,0,0,11/1/2025,2025,Nov
13,5154,0,0,2210,11/1/2025,2025,Nov
0,0,0,25,0,11/1/2025,2025,Nov
0,661,0,0,223,11/1/2025,2025,Nov
404,2699,0,0,1163,11/1/2025,2025,Nov
395,2523,0,98,1238,11/1/2025,2025,Nov
70,2572,0,13,1421,11/1/2025,2025,Nov
0,0,0,0,0,11/1/2025,2025,Nov
0,0,0,0,0,11/1/2025,2025,Nov
0,0,0,0,0,11/1/2025,2025,Nov
0,0,0,0,0,11/1/2025,2025,Nov
268,3449,843,0,1075,11/1/2025,2025,Nov
20,3022,0,0,164,11/1/2025,2025,Nov
491,2743,0,27,390,11/1/2025,2025,Nov
0,0,0,0,0,11/1/2025,2025,Nov
59,2893,0,0,314,11/1/2025,2025,Nov
325,2068,0,19,174,11/1/2025,2025,Nov
0,0,0,0,0,11/1/2025,2025,Nov
0,0,0,7,69,11/1/2025,2025,Nov
613,1878,0,0,1236,11/1/2025,2025,Nov
46,4515,0,0,732,11/1/2025,2025,Nov
0,0,0,5,76,11/1/2025,2025,Nov
713,1114,0,0,154,11/1/2025,2025,Nov
249,3615,0,0,362,11/1/2025,2025,Nov
0,0,0,0,0,11/1/2025,2025,Nov
0,0,0,0,0,11/1/2025,2025,Nov
197,3854,0,407,1075,11/1/2025,2025,Nov
61,1894,0,0,482,11/1/2025,2025,Nov
0,0,0,1,1,11/1/2025,2025,Nov
185,2297,0,1,216,11/1/2025,2025,Nov
549,740,0,0,172,11/1/2025,2025,Nov
1105,2896,0,564,474,11/1/2025,2025,Nov
1284,4053,0,104,1787,11/1/2025,2025,Nov
0,0,0,0,0,11/1/2025,2025,Nov
461,4745,0,0,337,11/1/2025,2025,Nov
101,2688,0,0,515,11/1/2025,2025,Nov
712,2092,0,0,147,11/1/2025,2025,Nov
0,0,0,0,0,11/1/2025,2025,Nov
0,0,0,0,0,11/1/2025,2025,Nov
0,0,0,0,0,11/1/2025,2025,Nov
427,6619,0,0,161,11/1/2025,2025,Nov
6,1734,0,0,51,11/1/2025,2025,Nov
417,1119,0,0,0,11/1/2025,2025,Nov
0,0,0,0,27,11/1/2025,2025,Nov
389,2868,0,0,2639,11/1/2025,2025,Nov
0,0,0,0,0,11/1/2025,2025,Nov
326,2697,0,0,1300,11/1/2025,2025,Nov
76,2111,0,0,222,11/1/2025,2025,Nov
0,0,0,0,121,11/1/2025,2025,Nov
6,3429,8,60,1174,11/1/2025,2025,Nov
0,0,0,0,0,11/1/2025,2025,Nov
4,1221,0,0,309,11/1/2025,2025,Nov
0,0,0,0,0,11/1/2025,2025,Nov
0,0,0,0,0,11/1/2025,2025,Nov
0,0,0,0,0,11/1/2025,2025,Nov
0,0,0,0,0,11/1/2025,2025,Nov
25,1741,0,0,320,11/1/2025,2025,Nov
534,3801,0,0,2087,11/1/2025,2025,Nov
0,0,0,0,0,11/1/2025,2025,Nov
0,3655,0,0,1161,11/1/2025,2025,Nov
151,1299,0,0,260,11/1/2025,2025,Nov
342,1572,0,0,618,11/1/2025,2025,Nov
0,0,0,0,0,11/1/2025,2025,Nov
553,1709,0,0,313,11/1/2025,2025,Nov
811,3590,0,0,287,11/1/2025,2025,Nov
362,2302,0,295,597,11/1/2025,2025,Nov
471,2986,0,135,1256,11/1/2025,2025,Nov
0,0,0,0,0,11/1/2025,2025,Nov
707,3617,0,0,1189,11/1/2025,2025,Nov
506,4388,0,0,568,11/1/2025,2025,Nov
0,0,0,0,0,11/1/2025,2025,Nov
0,0,0,0,172,11/1/2025,2025,Nov
1040,5177,0,0,2351,11/1/2025,2025,Nov
0,0,118,0,12,11/1/2025,2025,Nov
0,0,0,0,0,11/1/2025,2025,Nov
0,0,0,0,0,11/1/2025,2025,Nov
667,6200,0,0,294,11/1/2025,2025,Nov
0,0,0,0,0,11/1/2025,2025,Nov
247,2378,0,0,649,11/1/2025,2025,Nov
101,5949,106,104,477,11/1/2025,2025,Nov
0,0,0,0,0,11/1/2025,2025,Nov
0,0,0,0,0,11/1/2025,2025,Nov
591,1852,0,0,424,11/1/2025,2025,Nov
0,0,0,0,0,11/1/2025,2025,Nov
471,7419,0,0,658,11/1/2025,2025,Nov
0,0,0,0,29,11/1/2025,2025,Nov
869,8705,0,113,1021,11/1/2025,2025,Nov
569,2331,0,0,836,11/1/2025,2025,Nov
332,3560,0,179,902,11/1/2025,2025,Nov
0,2138,0,0,424,11/1/2025,2025,Nov
0,0,0,0,0,11/1/2025,2025,Nov
0,0,6,0,245,11/1/2025,2025,Nov
236,2191,0,0,1518,11/1/2025,2025,Nov
366,3429,0,0,2260,11/1/2025,2025,Nov
432,2139,0,0,474,11/1/2025,2025,Nov
0,0,0,0,0,11/1/2025,2025,Nov
29,1733,0,526,2384,11/1/2025,2025,Nov
862,3787,0,35,1316,11/1/2025,2025,Nov
669,2286,0,0,509,11/1/2025,2025,Nov
1068,7894,0,420,2150,11/1/2025,2025,Nov
857,5534,0,0,440,11/1/2025,2025,Nov
0,4313,0,8,505,11/1/2025,2025,Nov
495,3365,0,826,4029,11/1/2025,2025,Nov
0,0,0,0,0,11/1/2025,2025,Nov
0,0,0,0,0,11/1/2025,2025,Nov
0,0,0,0,0,11/1/2025,2025,Nov
0,0,0,0,0,11/1/2025,2025,Nov
1,5221,88,15,4358,11/1/2025,2025,Nov
0,0,0,0,0,11/1/2025,2025,Nov
0,0,0,0,0,11/1/2025,2025,Nov
1284,3048,0,0,2242,11/1/2025,2025,Nov
0,0,0,0,0,11/1/2025,2025,Nov
0,0,0,0,0,11/1/2025,2025,Nov
0,0,0,0,0,11/1/2025,2025,Nov
0,0,0,3,501,11/1/2025,2025,Nov
0,0,0,0,0,11/1/2025,2025,Nov
7,2319,0,0,373,11/1/2025,2025,Nov
599,2253,0,51,1380,11/1/2025,2025,Nov
207,3182,0,0,1878,11/1/2025,2025,Nov
2065,6292,0,124,814,11/1/2025,2025,Nov
0,0,0,0,27,11/1/2025,2025,Nov
20,2209,0,0,1048,11/1/2025,2025,Nov
155,2610,0,13,2018,11/1/2025,2025,Nov
54,1492,0,0,993,11/1/2025,2025,Nov
386,2712,0,0,69,11/1/2025,2025,Nov
0,1227,0,0,101,11/1/2025,2025,Nov
9,3194,0,0,3560,11/1/2025,2025,Nov
484,3651,0,0,298,11/1/2025,2025,Nov
0,0,0,0,0,11/1/2025,2025,Nov
0,0,0,0,0,11/1/2025,2025,Nov
0,0,0,0,0,11/1/2025,2025,Nov
0,0,0,0,5,11/1/2025,2025,Nov
87,3286,0,0,1454,11/1/2025,2025,Nov
0,0,0,0,0,11/1/2025,2025,Nov
24,2273,0,359,2186,11/1/2025,2025,Nov
2,4606,26,0,1136,11/1/2025,2025,Nov
64,1870,0,0,466,11/1/2025,2025,Nov
0,0,0,0,108,11/1/2025,2025,Nov
0,0,0,0,0,11/1/2025,2025,Nov
625,1995,0,0,535,11/1/2025,2025,Nov
445,2622,0,61,941,11/1/2025,2025,Nov
0,0,0,0,0,11/1/2025,2025,Nov
702,2975,0,0,901,11/1/2025,2025,Nov
0,0,0,0,0,11/1/2025,2025,Nov
655,1715,0,0,279,11/1/2025,2025,Nov
0,0,0,0,0,11/1/2025,2025,Nov
0,0,0,0,752,11/1/2025,2025,Nov
155,3504,0,0,2535,11/1/2025,2025,Nov
37,1651,0,0,54,11/1/2025,2025,Nov
48,3864,15,0,2708,11/1/2025,2025,Nov
0,0,0,0,0,11/1/2025,2025,Nov
314,1792,0,3,279,11/1/2025,2025,Nov
229,1812,0,0,326,11/1/2025,2025,Nov
0,0,0,0,48,11/1/2025,2025,Nov
0,1754,0,0,514,11/1/2025,2025,Nov
620,3048,0,43,4118,11/1/2025,2025,Nov
1454,3431,0,184,1847,11/1/2025,2025,Nov
0,0,0,0,163,11/1/2025,2025,Nov
42,2342,0,0,1199,11/1/2025,2025,Nov
0,0,0,0,0,11/1/2025,2025,Nov
932,4882,0,0,1235,11/1/2025,2025,Nov
292,1486,0,0,297,11/1/2025,2025,Nov
12,4228,12,0,1511,11/1/2025,2025,Nov
1702,11249,0,0,7323,11/1/2025,2025,Nov
243,5062,10,0,1473,11/1/2025,2025,Nov
17,1087,47,19,278,11/1/2025,2025,Nov
324,4286,3,0,2408,11/1/2025,2025,Nov
1160,3956,0,0,2064,11/1/2025,2025,Nov
716,7008,2,0,3784,11/1/2025,2025,Nov
551,3041,0,19,923,11/1/2025,2025,Nov
1093,4701,0,0,1148,11/1/2025,2025,Nov
373,3081,0,0,1822,11/1/2025,2025,Nov
804,8281,30,64,1736,11/1/2025,2025,Nov
545,3866,0,0,866,11/1/2025,2025,Nov
922,1968,0,0,165,11/1/2025,2025,Nov
18,4497,0,0,680,11/1/2025,2025,Nov
229,2010,0,0,216,11/1/2025,2025,Nov
0,0,0,0,0,11/1/2025,2025,Nov
317,1443,0,0,16,11/1/2025,2025,Nov
0,0,0,0,0,11/1/2025,2025,Nov
875,2191,0,0,1686,11/1/2025,2025,Nov
0,0,0,0,0,11/1/2025,2025,Nov
1083,3112,0,0,799,11/1/2025,2025,Nov
0,0,0,0,0,11/1/2025,2025,Nov
466,2486,0,0,481,11/1/2025,2025,Nov
178,1401,0,0,141,11/1/2025,2025,Nov
306,5058,0,0,1646,11/1/2025,2025,Nov
139,1673,0,0,585,10/1/2025,2025,Oct
0,870,0,0,300,10/1/2025,2025,Oct
361,3046,0,0,628,10/1/2025,2025,Oct
0,0,0,0,0,10/1/2025,2025,Oct
0,0,0,0,0,10/1/2025,2025,Oct
0,0,0,0,0,10/1/2025,2025,Oct
949,8510,0,0,394,10/1/2025,2025,Oct
0,3451,0,0,580,10/1/2025,2025,Oct
1241,4383,0,42,1340,10/1/2025,2025,Oct
0,0,0,0,0,10/1/2025,2025,Oct
40,5227,0,0,2396,10/1/2025,2025,Oct
0,0,0,36,0,10/1/2025,2025,Oct
2,644,0,0,217,10/1/2025,2025,Oct
544,2886,0,0,1290,10/1/2025,2025,Oct
288,2788,0,81,1291,10/1/2025,2025,Oct
113,2547,0,14,1407,10/1/2025,2025,Oct
0,0,0,0,0,10/1/2025,2025,Oct
0,0,0,0,0,10/1/2025,2025,Oct
0,0,0,0,0,10/1/2025,2025,Oct
0,0,0,0,0,10/1/2025,2025,Oct
336,3797,864,0,1074,10/1/2025,2025,Oct
7,3066,0,0,189,10/1/2025,2025,Oct
568,2744,0,28,463,10/1/2025,2025,Oct
0,0,0,0,0,10/1/2025,2025,Oct
45,2943,0,0,300,10/1/2025,2025,Oct
276,2055,0,59,224,10/1/2025,2025,Oct
0,0,0,0,0,10/1/2025,2025,Oct
0,0,0,11,80,10/1/2025,2025,Oct
530,2003,0,0,1384,10/1/2025,2025,Oct
19,4561,0,0,777,10/1/2025,2025,Oct
0,0,0,14,76,10/1/2025,2025,Oct
751,1272,0,0,130,10/1/2025,2025,Oct
112,3671,0,0,345,10/1/2025,2025,Oct
0,0,0,0,0,10/1/2025,2025,Oct
0,0,0,0,0,10/1/2025,2025,Oct
142,3900,0,392,1019,10/1/2025,2025,Oct
80,2124,0,0,500,10/1/2025,2025,Oct
0,0,0,1,1,10/1/2025,2025,Oct
172,2494,0,1,216,10/1/2025,2025,Oct
256,833,0,0,214,10/1/2025,2025,Oct
1238,2840,0,596,467,10/1/2025,2025,Oct
1380,4391,0,97,1943,10/1/2025,2025,Oct
0,0,0,0,0,10/1/2025,2025,Oct
556,4654,0,4,452,10/1/2025,2025,Oct
117,2668,0,0,562,10/1/2025,2025,Oct
890,2197,0,0,189,10/1/2025,2025,Oct
0,0,0,0,0,10/1/2025,2025,Oct
0,0,0,0,0,10/1/2025,2025,Oct
0,0,0,0,0,10/1/2025,2025,Oct
492,7123,0,0,164,10/1/2025,2025,Oct
21,1797,0,0,65,10/1/2025,2025,Oct
560,1135,0,0,0,10/1/2025,2025,Oct
0,0,0,0,32,10/1/2025,2025,Oct
348,3088,0,0,2941,10/1/2025,2025,Oct
0,0,0,0,0,10/1/2025,2025,Oct
326,2766,0,0,1187,10/1/2025,2025,Oct
94,2136,0,0,221,10/1/2025,2025,Oct
0,0,0,3,121,10/1/2025,2025,Oct
29,3404,5,81,1163,10/1/2025,2025,Oct
0,0,0,0,0,10/1/2025,2025,Oct
6,1199,0,0,326,10/1/2025,2025,Oct
0,0,0,0,0,10/1/2025,2025,Oct
0,0,0,0,0,10/1/2025,2025,Oct
0,0,0,0,0,10/1/2025,2025,Oct
0,0,0,0,0,10/1/2025,2025,Oct
20,1956,0,0,360,10/1/2025,2025,Oct
670,3902,0,0,2281,10/1/2025,2025,Oct
0,0,0,0,0,10/1/2025,2025,Oct
0,3639,1,0,1158,10/1/2025,2025,Oct
164,1306,0,0,335,10/1/2025,2025,Oct
363,1596,0,0,572,10/1/2025,2025,Oct
0,0,0,0,0,10/1/2025,2025,Oct
695,1922,0,0,322,10/1/2025,2025,Oct
593,3720,0,0,324,10/1/2025,2025,Oct
579,2306,0,375,703,10/1/2025,2025,Oct
463,3155,0,133,1442,10/1/2025,2025,Oct
0,0,0,0,0,10/1/2025,2025,Oct
714,3722,0,0,1310,10/1/2025,2025,Oct
652,4437,0,0,555,10/1/2025,2025,Oct
0,0,0,0,0,10/1/2025,2025,Oct
0,0,0,0,172,10/1/2025,2025,Oct
962,4996,0,0,2394,10/1/2025,2025,Oct
0,0,96,0,11,10/1/2025,2025,Oct
0,0,0,0,0,10/1/2025,2025,Oct
0,0,0,0,0,10/1/2025,2025,Oct
446,6593,0,0,303,10/1/2025,2025,Oct
0,0,0,0,0,10/1/2025,2025,Oct
317,2543,0,0,594,10/1/2025,2025,Oct
85,6103,144,99,503,10/1/2025,2025,Oct
0,0,0,0,0,10/1/2025,2025,Oct
0,0,0,0,0,10/1/2025,2025,Oct
728,1813,0,0,548,10/1/2025,2025,Oct
0,0,0,0,0,10/1/2025,2025,Oct
508,8078,0,0,712,10/1/2025,2025,Oct
0,0,0,0,37,10/1/2025,2025,Oct
610,9196,0,151,1283,10/1/2025,2025,Oct
510,2108,0,0,814,10/1/2025,2025,Oct
125,3631,0,157,988,10/1/2025,2025,Oct
0,2367,0,0,485,10/1/2025,2025,Oct
0,0,0,0,0,10/1/2025,2025,Oct
0,0,1,0,236,10/1/2025,2025,Oct
215,2378,0,0,1600,10/1/2025,2025,Oct
401,2645,0,0,2493,10/1/2025,2025,Oct
318,2433,0,0,775,10/1/2025,2025,Oct
0,0,0,0,0,10/1/2025,2025,Oct
47,1705,0,513,2638,10/1/2025,2025,Oct
945,3736,0,33,1490,10/1/2025,2025,Oct
764,2136,0,0,444,10/1/2025,2025,Oct
1237,8176,0,446,2359,10/1/2025,2025,Oct
738,5696,0,0,534,10/1/2025,2025,Oct
0,4178,0,15,532,10/1/2025,2025,Oct
859,3269,0,923,4781,10/1/2025,2025,Oct
0,0,0,0,0,10/1/2025,2025,Oct
0,0,0,0,0,10/1/2025,2025,Oct
0,0,0,0,0,10/1/2025,2025,Oct
0,0,0,0,0,10/1/2025,2025,Oct
0,5713,107,21,4465,10/1/2025,2025,Oct
0,0,0,0,0,10/1/2025,2025,Oct
0,0,0,0,0,10/1/2025,2025,Oct
1232,3182,0,0,2710,10/1/2025,2025,Oct
0,0,0,0,0,10/1/2025,2025,Oct
0,0,0,0,0,10/1/2025,2025,Oct
0,0,0,0,0,10/1/2025,2025,Oct
0,0,0,1,564,10/1/2025,2025,Oct
0,0,0,0,0,10/1/2025,2025,Oct
13,2656,0,0,371,10/1/2025,2025,Oct
626,2406,0,47,1426,10/1/2025,2025,Oct
207,3714,0,0,1986,10/1/2025,2025,Oct
2109,6588,0,108,762,10/1/2025,2025,Oct
0,0,0,0,24,10/1/2025,2025,Oct
12,2281,0,0,1202,10/1/2025,2025,Oct
112,2834,0,5,2363,10/1/2025,2025,Oct
80,1328,0,0,1109,10/1/2025,2025,Oct
380,2799,0,0,94,10/1/2025,2025,Oct
0,1112,0,0,104,10/1/2025,2025,Oct
13,3269,0,0,3860,10/1/2025,2025,Oct
606,3914,0,1,295,10/1/2025,2025,Oct
0,0,0,0,0,10/1/2025,2025,Oct
0,0,0,0,0,10/1/2025,2025,Oct
0,0,0,0,0,10/1/2025,2025,Oct
0,0,0,0,2,10/1/2025,2025,Oct
207,3143,0,0,1199,10/1/2025,2025,Oct
0,0,0,0,0,10/1/2025,2025,Oct
24,2386,0,362,2409,10/1/2025,2025,Oct
2,4405,27,0,1667,10/1/2025,2025,Oct
53,2117,0,0,635,10/1/2025,2025,Oct
0,0,0,0,121,10/1/2025,2025,Oct
0,0,0,0,0,10/1/2025,2025,Oct
651,2750,0,0,794,10/1/2025,2025,Oct
447,2732,0,58,917,10/1/2025,2025,Oct
0,0,0,0,0,10/1/2025,2025,Oct
757,3067,0,0,974,10/1/2025,2025,Oct
0,0,0,0,0,10/1/2025,2025,Oct
590,1844,0,0,256,10/1/2025,2025,Oct
0,0,0,0,0,10/1/2025,2025,Oct
0,0,0,0,859,10/1/2025,2025,Oct
141,3743,0,0,2694,10/1/2025,2025,Oct
42,1760,0,0,69,10/1/2025,2025,Oct
42,3890,24,0,2909,10/1/2025,2025,Oct
0,0,0,0,0,10/1/2025,2025,Oct
240,2000,0,3,319,10/1/2025,2025,Oct
148,1915,0,0,389,10/1/2025,2025,Oct
0,0,0,0,36,10/1/2025,2025,Oct
2,1779,0,0,547,10/1/2025,2025,Oct
581,2563,0,284,793,10/1/2025,2025,Oct
1618,3440,0,215,2028,10/1/2025,2025,Oct
0,0,0,0,177,10/1/2025,2025,Oct
35,2442,0,0,1243,10/1/2025,2025,Oct
0,0,0,0,0,10/1/2025,2025,Oct
1196,5160,0,0,1069,10/1/2025,2025,Oct
219,1502,0,0,272,10/1/2025,2025,Oct
1,5022,13,0,1727,10/1/2025,2025,Oct
2030,11156,0,0,7879,10/1/2025,2025,Oct
562,5251,10,0,1526,10/1/2025,2025,Oct
22,1231,27,26,288,10/1/2025,2025,Oct
434,4219,6,0,2699,10/1/2025,2025,Oct
1234,4017,0,1,2055,10/1/2025,2025,Oct
844,6777,4,0,4101,10/1/2025,2025,Oct
700,3335,0,21,936,10/1/2025,2025,Oct
1384,4735,0,0,1137,10/1/2025,2025,Oct
528,3013,0,0,1922,10/1/2025,2025,Oct
961,9073,35,53,1942,10/1/2025,2025,Oct
279,4108,0,0,904,10/1/2025,2025,Oct
988,1942,0,0,181,10/1/2025,2025,Oct
22,4499,0,0,631,10/1/2025,2025,Oct
406,1974,0,0,329,10/1/2025,2025,Oct
0,0,0,0,0,10/1/2025,2025,Oct
296,1412,0,0,30,10/1/2025,2025,Oct
0,0,0,0,0,10/1/2025,2025,Oct
822,2194,0,0,1895,10/1/2025,2025,Oct
0,0,0,0,0,10/1/2025,2025,Oct
1326,3010,0,0,770,10/1/2025,2025,Oct
0,0,0,0,0,10/1/2025,2025,Oct
434,2424,0,0,636,10/1/2025,2025,Oct
272,1495,0,0,172,10/1/2025,2025,Oct
628,5187,0,0,1669,10/1/2025,2025,Oct
154,1523,0,0,571,9/1/2025,2025,Sep
0,815,0,0,275,9/1/2025,2025,Sep
299,2887,0,0,624,9/1/2025,2025,Sep
0,0,0,0,0,9/1/2025,2025,Sep
0,0,0,0,0,9/1/2025,2025,Sep
0,0,0,0,0,9/1/2025,2025,Sep
0,0,0,0,0,9/1/2025,2025,Sep
772,8096,0,0,355,9/1/2025,2025,Sep
1,3069,0,0,560,9/1/2025,2025,Sep
951,3927,2,35,1235,9/1/2025,2025,Sep
0,0,0,0,0,9/1/2025,2025,Sep
2,4841,0,0,2158,9/1/2025,2025,Sep
0,0,0,33,0,9/1/2025,2025,Sep
2,557,0,0,151,9/1/2025,2025,Sep
415,2855,0,0,1226,9/1/2025,2025,Sep
213,2612,0,115,947,9/1/2025,2025,Sep
76,2644,0,6,1307,9/1/2025,2025,Sep
0,0,0,0,0,9/1/2025,2025,Sep
0,0,0,0,0,9/1/2025,2025,Sep
0,0,0,0,0,9/1/2025,2025,Sep
0,0,0,0,0,9/1/2025,2025,Sep
337,4018,861,0,1329,9/1/2025,2025,Sep
9,2855,0,0,181,9/1/2025,2025,Sep
428,2909,0,17,465,9/1/2025,2025,Sep
0,0,0,0,0,9/1/2025,2025,Sep
46,2852,0,0,303,9/1/2025,2025,Sep
254,2164,0,39,162,9/1/2025,2025,Sep
0,0,0,0,0,9/1/2025,2025,Sep
0,0,0,11,67,9/1/2025,2025,Sep
747,1829,0,0,1217,9/1/2025,2025,Sep
42,4250,0,0,719,9/1/2025,2025,Sep
0,0,0,8,73,9/1/2025,2025,Sep
609,1161,0,0,114,9/1/2025,2025,Sep
129,3559,0,0,289,9/1/2025,2025,Sep
0,0,0,0,0,9/1/2025,2025,Sep
0,0,0,0,0,9/1/2025,2025,Sep
162,3841,0,383,888,9/1/2025,2025,Sep
74,1903,0,0,502,9/1/2025,2025,Sep
0,0,0,0,1,9/1/2025,2025,Sep
96,2369,0,2,206,9/1/2025,2025,Sep
0,0,0,0,0,9/1/2025,2025,Sep
385,793,0,0,163,9/1/2025,2025,Sep
1172,2932,0,716,360,9/1/2025,2025,Sep
978,3946,0,69,1698,9/1/2025,2025,Sep
0,0,0,0,0,9/1/2025,2025,Sep
597,6254,0,344,1002,9/1/2025,2025,Sep
19,2560,0,0,553,9/1/2025,2025,Sep
778,2310,0,0,145,9/1/2025,2025,Sep
0,0,0,0,0,9/1/2025,2025,Sep
0,0,0,0,0,9/1/2025,2025,Sep
0,0,0,0,0,9/1/2025,2025,Sep
325,6537,0,0,147,9/1/2025,2025,Sep
2,1751,0,0,61,9/1/2025,2025,Sep
499,1038,0,0,0,9/1/2025,2025,Sep
0,0,0,0,33,9/1/2025,2025,Sep
281,2963,0,0,2638,9/1/2025,2025,Sep
0,0,0,0,0,9/1/2025,2025,Sep
266,2566,0,0,1215,9/1/2025,2025,Sep
67,2212,0,0,198,9/1/2025,2025,Sep
0,0,0,0,124,9/1/2025,2025,Sep
17,3517,8,62,1142,9/1/2025,2025,Sep
0,0,0,0,0,9/1/2025,2025,Sep
0,1138,0,0,307,9/1/2025,2025,Sep
0,0,0,0,0,9/1/2025,2025,Sep
0,0,0,0,0,9/1/2025,2025,Sep
0,0,0,0,0,9/1/2025,2025,Sep
28,1804,0,0,333,9/1/2025,2025,Sep
600,3896,0,0,2218,9/1/2025,2025,Sep
0,0,0,0,0,9/1/2025,2025,Sep
0,3523,2,0,1126,9/1/2025,2025,Sep
86,1377,0,0,87,9/1/2025,2025,Sep
381,1454,0,0,523,9/1/2025,2025,Sep
0,0,0,0,0,9/1/2025,2025,Sep
438,1932,0,0,243,9/1/2025,2025,Sep
664,3656,0,0,301,9/1/2025,2025,Sep
320,2239,0,233,658,9/1/2025,2025,Sep
465,2955,0,117,1251,9/1/2025,2025,Sep
0,0,0,0,0,9/1/2025,2025,Sep
552,3612,0,0,1210,9/1/2025,2025,Sep
598,3935,0,0,542,9/1/2025,2025,Sep
0,0,0,0,0,9/1/2025,2025,Sep
0,0,0,0,134,9/1/2025,2025,Sep
887,4939,0,0,2297,9/1/2025,2025,Sep
0,0,92,0,7,9/1/2025,2025,Sep
0,0,0,0,0,9/1/2025,2025,Sep
0,0,0,0,0,9/1/2025,2025,Sep
419,6273,0,0,285,9/1/2025,2025,Sep
0,0,0,0,0,9/1/2025,2025,Sep
96,4683,0,0,672,9/1/2025,2025,Sep
105,5734,131,97,499,9/1/2025,2025,Sep
0,0,0,0,0,9/1/2025,2025,Sep
0,0,0,0,0,9/1/2025,2025,Sep
630,1827,0,0,475,9/1/2025,2025,Sep
0,0,0,0,0,9/1/2025,2025,Sep
367,7822,0,0,635,9/1/2025,2025,Sep
0,0,0,0,47,9/1/2025,2025,Sep
483,8682,0,163,1141,9/1/2025,2025,Sep
497,1968,0,0,680,9/1/2025,2025,Sep
76,3542,0,167,923,9/1/2025,2025,Sep
0,2220,0,0,349,9/1/2025,2025,Sep
0,0,0,0,0,9/1/2025,2025,Sep
0,0,2,0,220,9/1/2025,2025,Sep
0,0,0,0,0,9/1/2025,2025,Sep
145,2336,0,0,1501,9/1/2025,2025,Sep
197,2232,0,0,2421,9/1/2025,2025,Sep
277,2219,0,0,370,9/1/2025,2025,Sep
0,0,0,0,0,9/1/2025,2025,Sep
26,1645,0,432,2305,9/1/2025,2025,Sep
689,3643,0,32,1322,9/1/2025,2025,Sep
628,2086,0,0,442,9/1/2025,2025,Sep
1095,7636,0,443,2086,9/1/2025,2025,Sep
689,5612,0,0,403,9/1/2025,2025,Sep
0,4175,0,20,450,9/1/2025,2025,Sep
0,0,0,0,0,9/1/2025,2025,Sep
634,3920,0,815,4519,9/1/2025,2025,Sep
0,0,0,0,0,9/1/2025,2025,Sep
0,0,0,0,0,9/1/2025,2025,Sep
0,0,0,0,0,9/1/2025,2025,Sep
0,0,0,0,0,9/1/2025,2025,Sep
3,5469,85,15,4205,9/1/2025,2025,Sep
0,0,0,0,0,9/1/2025,2025,Sep
0,0,0,0,0,9/1/2025,2025,Sep
1170,3099,0,0,2623,9/1/2025,2025,Sep
0,0,0,0,0,9/1/2025,2025,Sep
0,0,0,0,0,9/1/2025,2025,Sep
0,0,0,0,0,9/1/2025,2025,Sep
0,0,0,5,570,9/1/2025,2025,Sep
0,0,0,0,0,9/1/2025,2025,Sep
12,2275,0,0,415,9/1/2025,2025,Sep
545,2320,0,53,1449,9/1/2025,2025,Sep
180,3631,0,0,1881,9/1/2025,2025,Sep
1975,6552,2,96,695,9/1/2025,2025,Sep
0,0,0,0,23,9/1/2025,2025,Sep
7,2252,0,0,1194,9/1/2025,2025,Sep
113,2728,0,15,1990,9/1/2025,2025,Sep
78,1295,0,0,1098,9/1/2025,2025,Sep
299,2690,0,0,461,9/1/2025,2025,Sep
0,918,0,0,76,9/1/2025,2025,Sep
7,3039,0,0,3680,9/1/2025,2025,Sep
204,3758,0,0,294,9/1/2025,2025,Sep
0,0,0,0,0,9/1/2025,2025,Sep
0,0,0,0,0,9/1/2025,2025,Sep
0,0,0,0,0,9/1/2025,2025,Sep
0,0,0,0,2,9/1/2025,2025,Sep
100,3119,0,0,1711,9/1/2025,2025,Sep
0,0,0,0,0,9/1/2025,2025,Sep
28,2310,0,392,2272,9/1/2025,2025,Sep
3,4289,28,0,1556,9/1/2025,2025,Sep
57,2230,0,0,730,9/1/2025,2025,Sep
0,0,0,0,128,9/1/2025,2025,Sep
0,0,0,0,0,9/1/2025,2025,Sep
500,2535,0,0,694,9/1/2025,2025,Sep
0,0,0,0,0,9/1/2025,2025,Sep
324,2759,0,67,818,9/1/2025,2025,Sep
0,0,0,0,0,9/1/2025,2025,Sep
441,3047,0,0,953,9/1/2025,2025,Sep
0,0,0,0,0,9/1/2025,2025,Sep
650,1605,0,0,225,9/1/2025,2025,Sep
0,0,0,0,0,9/1/2025,2025,Sep
0,0,0,0,864,9/1/2025,2025,Sep
135,3484,0,0,2664,9/1/2025,2025,Sep
37,1666,0,0,62,9/1/2025,2025,Sep
12,3792,20,0,2882,9/1/2025,2025,Sep
0,0,0,0,0,9/1/2025,2025,Sep
279,1901,0,0,279,9/1/2025,2025,Sep
153,1770,0,0,319,9/1/2025,2025,Sep
0,0,0,0,35,9/1/2025,2025,Sep
1,1698,0,0,529,9/1/2025,2025,Sep
486,4528,0,90,659,9/1/2025,2025,Sep
1492,3138,0,162,2145,9/1/2025,2025,Sep
0,0,0,0,182,9/1/2025,2025,Sep
78,2271,0,0,1233,9/1/2025,2025,Sep
0,0,0,0,0,9/1/2025,2025,Sep
946,4934,0,0,1035,9/1/2025,2025,Sep
194,1437,0,0,273,9/1/2025,2025,Sep
13,3720,15,0,1621,9/1/2025,2025,Sep
1692,10591,0,0,7317,9/1/2025,2025,Sep
213,5045,9,0,1441,9/1/2025,2025,Sep
14,1164,47,33,307,9/1/2025,2025,Sep
169,4186,2,0,2521,9/1/2025,2025,Sep
557,3870,0,0,1981,9/1/2025,2025,Sep
619,6661,5,0,4063,9/1/2025,2025,Sep
591,3093,0,16,906,9/1/2025,2025,Sep
1003,4652,0,0,1627,9/1/2025,2025,Sep
667,2885,0,0,1751,9/1/2025,2025,Sep
589,8677,32,46,1757,9/1/2025,2025,Sep
0,0,0,0,0,9/1/2025,2025,Sep
198,3847,0,0,866,9/1/2025,2025,Sep
891,1693,0,0,143,9/1/2025,2025,Sep
26,4055,0,0,775,9/1/2025,2025,Sep
373,1931,0,0,280,9/1/2025,2025,Sep
0,0,0,0,0,9/1/2025,2025,Sep
261,1365,0,0,20,9/1/2025,2025,Sep
0,0,0,0,0,9/1/2025,2025,Sep
696,2039,0,0,1799,9/1/2025,2025,Sep
0,0,0,0,0,9/1/2025,2025,Sep
1160,2733,0,0,879,9/1/2025,2025,Sep
0,0,0,0,0,9/1/2025,2025,Sep
439,2332,0,0,566,9/1/2025,2025,Sep
274,1448,0,0,142,9/1/2025,2025,Sep
535,4898,0,0,1782,9/1/2025,2025,Sep
301,1704,0,0,536,1/1/2026,2026,Jan
0,937,0,0,198,1/1/2026,2026,Jan
424,3049,0,0,593,1/1/2026,2026,Jan
0,0,0,0,0,1/1/2026,2026,Jan
0,0,0,0,0,1/1/2026,2026,Jan
0,0,0,0,0,1/1/2026,2026,Jan
0,0,0,0,0,1/1/2026,2026,Jan
1361,3546,0,0,2008,1/1/2026,2026,Jan
19,3436,0,0,520,1/1/2026,2026,Jan
1352,4401,1,33,1368,1/1/2026,2026,Jan
0,0,0,0,0,1/1/2026,2026,Jan
92,5675,0,0,2468,1/1/2026,2026,Jan
0,0,0,34,0,1/1/2026,2026,Jan
4,688,0,0,225,1/1/2026,2026,Jan
650,2759,0,0,1651,1/1/2026,2026,Jan
531,2697,0,90,1014,1/1/2026,2026,Jan
83,2495,0,12,1406,1/1/2026,2026,Jan
0,0,0,0,0,1/1/2026,2026,Jan
0,0,0,0,0,1/1/2026,2026,Jan
0,0,0,0,0,1/1/2026,2026,Jan
0,0,0,0,0,1/1/2026,2026,Jan
469,3512,903,0,1239,1/1/2026,2026,Jan
145,2969,0,0,177,1/1/2026,2026,Jan
729,3091,0,31,425,1/1/2026,2026,Jan
0,0,0,0,0,1/1/2026,2026,Jan
54,2857,0,0,309,1/1/2026,2026,Jan
628,2042,0,15,143,1/1/2026,2026,Jan
0,0,0,0,0,1/1/2026,2026,Jan
0,0,0,13,91,1/1/2026,2026,Jan
865,1851,0,0,1345,1/1/2026,2026,Jan
45,4623,0,0,881,1/1/2026,2026,Jan
0,0,0,24,75,1/1/2026,2026,Jan
814,1164,0,0,124,1/1/2026,2026,Jan
502,3691,0,0,317,1/1/2026,2026,Jan
0,0,0,0,0,1/1/2026,2026,Jan
0,0,0,0,0,1/1/2026,2026,Jan
339,4067,0,287,1063,1/1/2026,2026,Jan
114,2039,0,0,494,1/1/2026,2026,Jan
0,0,0,0,2,1/1/2026,2026,Jan
334,2337,0,5,281,1/1/2026,2026,Jan
384,802,0,0,188,1/1/2026,2026,Jan
1208,2905,0,511,547,1/1/2026,2026,Jan
1407,4058,0,117,1818,1/1/2026,2026,Jan
0,0,0,0,0,1/1/2026,2026,Jan
744,4970,0,0,294,1/1/2026,2026,Jan
197,3056,0,0,573,1/1/2026,2026,Jan
913,2150,0,0,110,1/1/2026,2026,Jan
0,0,0,0,0,1/1/2026,2026,Jan
0,0,0,0,0,1/1/2026,2026,Jan
0,0,0,0,0,1/1/2026,2026,Jan
743,6608,0,0,123,1/1/2026,2026,Jan
12,1705,0,0,50,1/1/2026,2026,Jan
568,1159,0,0,0,1/1/2026,2026,Jan
0,0,0,1,27,1/1/2026,2026,Jan
543,2920,0,0,3149,1/1/2026,2026,Jan
0,0,0,0,0,1/1/2026,2026,Jan
463,2807,0,0,1250,1/1/2026,2026,Jan
59,2164,0,0,259,1/1/2026,2026,Jan
0,0,0,0,131,1/1/2026,2026,Jan
53,3610,8,64,1068,1/1/2026,2026,Jan
0,0,0,0,0,1/1/2026,2026,Jan
43,1168,0,0,325,1/1/2026,2026,Jan
0,0,0,0,0,1/1/2026,2026,Jan
0,0,0,0,0,1/1/2026,2026,Jan
0,0,0,0,0,1/1/2026,2026,Jan
0,0,0,0,0,1/1/2026,2026,Jan
36,1919,0,0,342,1/1/2026,2026,Jan
856,3926,0,0,2284,1/1/2026,2026,Jan
0,0,0,0,0,1/1/2026,2026,Jan
0,3471,3,0,1181,1/1/2026,2026,Jan
307,1441,0,0,104,1/1/2026,2026,Jan
417,1674,0,0,463,1/1/2026,2026,Jan
0,0,0,0,0,1/1/2026,2026,Jan
647,1924,0,0,436,1/1/2026,2026,Jan
1145,3583,0,0,382,1/1/2026,2026,Jan
667,2423,0,262,695,1/1/2026,2026,Jan
523,3117,0,137,1299,1/1/2026,2026,Jan
0,0,0,0,0,1/1/2026,2026,Jan
1030,3663,0,0,1225,1/1/2026,2026,Jan
943,3557,0,0,542,1/1/2026,2026,Jan
0,0,0,0,0,1/1/2026,2026,Jan
0,0,0,0,172,1/1/2026,2026,Jan
1485,4953,0,0,2577,1/1/2026,2026,Jan
0,0,110,0,20,1/1/2026,2026,Jan
0,0,0,0,0,1/1/2026,2026,Jan
0,0,0,0,0,1/1/2026,2026,Jan
776,6180,0,0,299,1/1/2026,2026,Jan
0,0,0,0,0,1/1/2026,2026,Jan
629,2507,0,0,580,1/1/2026,2026,Jan
188,6111,145,114,420,1/1/2026,2026,Jan
0,0,0,0,0,1/1/2026,2026,Jan
0,0,0,0,0,1/1/2026,2026,Jan
869,1796,0,0,424,1/1/2026,2026,Jan
0,0,0,0,0,1/1/2026,2026,Jan
573,7732,0,0,647,1/1/2026,2026,Jan
0,0,0,0,42,1/1/2026,2026,Jan
951,8341,0,117,1146,1/1/2026,2026,Jan
590,2659,0,0,856,1/1/2026,2026,Jan
1038,3391,0,131,836,1/1/2026,2026,Jan
0,2295,0,0,442,1/1/2026,2026,Jan
0,0,0,0,0,1/1/2026,2026,Jan
0,0,1,0,233,1/1/2026,2026,Jan
555,2283,0,0,1576,1/1/2026,2026,Jan
564,3547,0,0,2554,1/1/2026,2026,Jan
603,2031,0,0,393,1/1/2026,2026,Jan
0,0,0,0,0,1/1/2026,2026,Jan
65,1776,0,466,2541,1/1/2026,2026,Jan
1056,3853,0,29,1453,1/1/2026,2026,Jan
923,2445,0,0,494,1/1/2026,2026,Jan
1610,7154,0,384,2471,1/1/2026,2026,Jan
1139,5644,0,0,379,1/1/2026,2026,Jan
0,3938,0,13,426,1/1/2026,2026,Jan
1027,3752,0,1244,4473,1/1/2026,2026,Jan
0,0,0,0,0,1/1/2026,2026,Jan
0,0,0,0,0,1/1/2026,2026,Jan
0,0,0,0,0,1/1/2026,2026,Jan
0,0,0,0,0,1/1/2026,2026,Jan
23,5288,80,13,4730,1/1/2026,2026,Jan
0,0,0,0,0,1/1/2026,2026,Jan
0,0,0,0,0,1/1/2026,2026,Jan
1400,3282,0,0,2513,1/1/2026,2026,Jan
0,0,0,0,0,1/1/2026,2026,Jan
0,0,0,0,0,1/1/2026,2026,Jan
0,0,0,0,0,1/1/2026,2026,Jan
0,0,0,8,462,1/1/2026,2026,Jan
0,0,0,0,0,1/1/2026,2026,Jan
11,2349,0,0,337,1/1/2026,2026,Jan
773,2729,0,42,1282,1/1/2026,2026,Jan
430,3325,0,0,2070,1/1/2026,2026,Jan
2508,6419,2,117,938,1/1/2026,2026,Jan
0,0,0,0,15,1/1/2026,2026,Jan
136,2332,0,0,1169,1/1/2026,2026,Jan
328,2945,0,7,2141,1/1/2026,2026,Jan
171,1455,0,0,1008,1/1/2026,2026,Jan
645,2576,0,0,506,1/1/2026,2026,Jan
0,1056,0,0,102,1/1/2026,2026,Jan
16,3380,0,0,3804,1/1/2026,2026,Jan
689,3892,0,0,322,1/1/2026,2026,Jan
0,0,0,0,0,1/1/2026,2026,Jan
0,0,0,0,0,1/1/2026,2026,Jan
0,0,0,0,0,1/1/2026,2026,Jan
0,0,0,0,3,1/1/2026,2026,Jan
330,3381,0,0,1711,1/1/2026,2026,Jan
0,0,0,0,0,1/1/2026,2026,Jan
58,2510,0,194,2358,1/1/2026,2026,Jan
0,4654,25,0,1096,1/1/2026,2026,Jan
235,1805,0,0,649,1/1/2026,2026,Jan
0,0,0,0,129,1/1/2026,2026,Jan
0,0,0,0,0,1/1/2026,2026,Jan
697,1995,0,0,548,1/1/2026,2026,Jan
564,2693,0,80,1064,1/1/2026,2026,Jan
0,0,0,0,0,1/1/2026,2026,Jan
783,3126,0,0,966,1/1/2026,2026,Jan
0,0,0,0,0,1/1/2026,2026,Jan
904,1618,0,0,274,1/1/2026,2026,Jan
0,0,0,0,0,1/1/2026,2026,Jan
0,0,0,0,833,1/1/2026,2026,Jan
117,3516,0,0,2634,1/1/2026,2026,Jan
34,1818,0,0,68,1/1/2026,2026,Jan
26,3985,40,0,2948,1/1/2026,2026,Jan
0,0,0,0,0,1/1/2026,2026,Jan
322,2013,0,1,305,1/1/2026,2026,Jan
229,1924,0,0,424,1/1/2026,2026,Jan
0,0,0,0,37,1/1/2026,2026,Jan
112,1789,0,0,538,1/1/2026,2026,Jan
718,2730,0,34,4360,1/1/2026,2026,Jan
1601,3478,0,181,2227,1/1/2026,2026,Jan
0,0,0,0,169,1/1/2026,2026,Jan
106,2135,0,0,1283,1/1/2026,2026,Jan
0,0,0,0,0,1/1/2026,2026,Jan
1595,5098,0,0,1276,1/1/2026,2026,Jan
317,1416,0,0,274,1/1/2026,2026,Jan
11,4166,4,0,1779,1/1/2026,2026,Jan
2076,10758,0,0,7742,1/1/2026,2026,Jan
793,5067,11,0,1695,1/1/2026,2026,Jan
8,991,32,42,332,1/1/2026,2026,Jan
698,4284,2,0,2619,1/1/2026,2026,Jan
1544,3972,0,0,2155,1/1/2026,2026,Jan
1017,7166,10,0,4096,1/1/2026,2026,Jan
763,3304,0,20,908,1/1/2026,2026,Jan
1264,4822,0,0,1213,1/1/2026,2026,Jan
807,3104,0,0,1867,1/1/2026,2026,Jan
1196,8697,22,59,1915,1/1/2026,2026,Jan
729,4081,0,0,902,1/1/2026,2026,Jan
1063,1854,0,0,148,1/1/2026,2026,Jan
14,4624,0,0,706,1/1/2026,2026,Jan
622,2027,0,0,217,1/1/2026,2026,Jan
0,0,0,0,0,1/1/2026,2026,Jan
376,1358,0,0,25,1/1/2026,2026,Jan
0,0,0,0,0,1/1/2026,2026,Jan
1051,2152,0,0,1958,1/1/2026,2026,Jan
0,0,0,0,0,1/1/2026,2026,Jan
1431,3226,0,0,885,1/1/2026,2026,Jan
0,0,0,0,0,1/1/2026,2026,Jan
567,1869,0,0,443,1/1/2026,2026,Jan
275,1526,0,0,140,1/1/2026,2026,Jan
930,5053,0,0,1604,1/1/2026,2026,Jan
